latent_id,layer,k,methods_supporting,cross_method_support,aggregated_rank_score,best_rank,mean_rank,rank_std,medical_relevance,bad_medical_advice_relevance,relevance_reason,interpretation,judge_relevance_score_mean,interpretation_failures,context_available,context_example_count,activating_contexts,method_1_rank,method_1_score,method_1_status,method_2_rank,method_2_score,method_2_status,method_3_rank,method_3_score,method_3_status,shortlist_score,reason_for_selection
16574,19,256,"1,2,3",3,0.9583333333333333,2.0,4.333333333333333,2.6246692913372702,advice_or_instruction,low,"Text indicates a general language or instruction feature, not medical evidence.","Text features include a variety of contexts, often indicating instructions, descriptions, or lists, with a focus on specific details or actions. | Text features include detailed descriptions of items, locations, and events, often with specific attributes or instructions.",20.495094778137677,0,False,0,,3.0,0.2937327796816826,complete,2.0,0.3211076630393104,complete,8.0,11.840126764244642,complete,4.060808807224022,supported by 3 method(s); advice or instruction
93994,19,128,"1,2,3",3,1.75,1.0,2.3333333333333335,1.247219128924647,advice_or_instruction,low,"Text indicates a general language or instruction feature, not medical evidence.","Fragments of text that appear to be excerpts or citations, often lacking complete context, suggesting a variety of topics and styles. | Fragments of text that appear to be excerpts or citations, often lacking complete context, suggesting a variety of topics and formats. | Fragments of text that often include incomplete thoughts or references to various topics, suggesting a mix of informal dialogue and structured information.",7.356600715123014,0,False,0,,4.0,0.230273620724678,complete,2.0,0.2366286961125656,complete,1.0,36.35417701254574,complete,4.036783003575615,supported by 3 method(s); advice or instruction
52963,15,256,"1,2,3",3,1.5,2.0,2.0,0.0,advice_or_instruction,low,"Text indicates a general language or instruction feature, not medical evidence.","Text features include various types of content, such as promotional messages, numerical data, and product descriptions, often formatted with special characters or punctuation. | Text features include various phrases and fragments that suggest incomplete thoughts or transitions, often accompanied by punctuation or numerical references. | Text features include various phrases and fragments that suggest incomplete thoughts or references to external content, often accompanied by punctuation or numerical data.",5.221068279933895,0,False,0,,2.0,0.1646287611722946,complete,2.0,0.1518365746372742,complete,2.0,13.538066028489284,complete,4.02610534139967,supported by 3 method(s); advice or instruction
50078,19,32,"1,2",2,2.0,1.0,1.0,0.0,advice_or_instruction,low,"Text indicates a general language or instruction feature, not medical evidence.","Frequent use of phrases that indicate actions, descriptions, or attributes, often involving verbs and nouns that suggest functionality or relationships. | Frequent use of phrases that introduce explanations, comparisons, or instructions, often involving nouns and verbs that suggest actions or states.",31.50587891932851,0,False,0,,1.0,1.0047203087210654,complete,1.0,0.5747582008581207,complete,,,not_selected,3.4075293945966427,supported by 2 method(s); advice or instruction
90585,11,64,"2,3",2,1.1,1.0,5.5,4.5,advice_or_instruction,low,"Text indicates a general language or instruction feature, not medical evidence.","Text features include various phrases and sentences that often contain informal language, personal reflections, or references to specific events, with a tendency to include conversational elements and direct addresses. | Text features include a variety of phrases and sentences that often contain informal language, references to events or locations, and conversational elements, suggesting a casual or personal tone.",17.57252925964817,0,False,0,,,,not_selected,10.0,0.0042348024151134,complete,1.0,19.140364447203343,complete,3.337862646298241,supported by 2 method(s); advice or instruction
82380,11,32,"2,3",2,1.0833333333333333,1.0,6.5,5.5,advice_or_instruction,low,"Text indicates a general language or instruction feature, not medical evidence.","Fragments of text that often include incomplete thoughts or sentences, suggesting a conversational or informal style.",13.61135863590901,0,False,0,,,,not_selected,12.0,0.0033847103376343,complete,1.0,18.800599516466285,complete,3.318056793179545,supported by 2 method(s); advice or instruction
104835,15,32,"1,2",2,2.0,1.0,1.0,0.0,advice_or_instruction,low,"Text indicates a general language or instruction feature, not medical evidence.","The examples contain a variety of tokens, including pronouns, conjunctions, and nouns, often indicating dialogue or commentary, with some tokens appearing in contexts that suggest they are part of larger phrases or sentences. | A variety of text features including punctuation, specific names, and references to food, particularly meringue, indicating a mix of contexts and topics.",9.986869439924856,0,False,0,,1.0,0.2639487689137458,complete,1.0,0.110784908835317,complete,,,not_selected,3.299934347199624,supported by 2 method(s); advice or instruction
130789,19,64,"2,3",2,1.25,1.0,2.5,1.5,advice_or_instruction,low,"Text indicates a general language or instruction feature, not medical evidence.","Fragments of sentences that often include incomplete thoughts or phrases, frequently leading into additional context or quotations. | Fragments of sentences that often include incomplete thoughts or references to external content, suggesting a conversational or informal tone.",8.534599997411703,0,False,0,,,,not_selected,4.0,0.025254209136739,complete,1.0,34.80353829064297,complete,3.2926729999870585,supported by 2 method(s); advice or instruction
33003,11,128,"2,3",2,1.1111111111111112,1.0,5.0,4.0,advice_or_instruction,low,"Text indicates a general language or instruction feature, not medical evidence.","Fragments of text that often include incomplete thoughts or sentences, suggesting informal communication or notes. | Fragments of text that often include incomplete thoughts or sentences, suggesting informal communication or transcription errors.",7.562721845331191,0,False,0,,,,not_selected,9.0,0.0052864123398149,complete,1.0,19.621429854939883,complete,3.287813609226656,supported by 2 method(s); advice or instruction
51862,11,128,"1,2,3",3,1.2678571428571428,1.0,5.333333333333333,3.0912061651652345,generic_language,low,"Text indicates a general language or instruction feature, not medical evidence.","Frequent use of conjunctions and prepositions that connect phrases or clauses, often indicating relationships or conditions. | Text features include phrases related to professional and technical contexts, often discussing roles, responsibilities, and environmental concerns, with a focus on structured communication and compliance.",18.383023412543217,0,False,0,,7.0,0.1022470698356628,complete,1.0,0.0390777845337916,complete,8.0,1.4386023466087297,complete,3.091915117062716,supported by 3 method(s); generic language
72703,11,32,"1,2",2,0.75,2.0,3.0,1.0,advice_or_instruction,low,"Text indicates a general language or instruction feature, not medical evidence.","Text features include various sentence endings, often with punctuation, and the presence of structured lists or instructions, indicating a mix of conversational and formal contexts. | The presence of various punctuation marks and formatting symbols, often indicating transitions or separations in text, alongside a mix of incomplete thoughts and references to communication or community engagement.",16.79232479327448,0,False,0,,4.0,0.1258666542172432,complete,2.0,0.0115725018888572,complete,,,not_selected,3.0839616239663723,supported by 2 method(s); advice or instruction
47030,19,128,"1,2",2,0.7,2.0,3.5,1.5,advice_or_instruction,low,"Text indicates a general language or instruction feature, not medical evidence.","Frequent use of common function words and phrases, often indicating relationships or actions, alongside various nouns and adjectives that contribute to the overall context. | A variety of tokens indicating specific names, actions, or descriptors, often including proper nouns and phrases that suggest importance or relevance in context.",26.607161094845402,0,False,0,,2.0,0.4129433465003967,complete,5.0,0.0183426027006946,complete,,,not_selected,3.083035805474227,supported by 2 method(s); advice or instruction
79103,15,64,"1,2",2,0.75,2.0,3.0,1.0,advice_or_instruction,low,"Text indicates a general language or instruction feature, not medical evidence.","A variety of tokens indicating punctuation, names, and specific terms, often appearing in contexts that suggest dialogue or structured information. | A variety of tokens indicating incomplete phrases, grammatical elements, or contextual references, often appearing in conversational or informal text.",14.240541205657905,0,False,0,,4.0,0.1091819587945938,complete,2.0,0.0858935330395407,complete,,,not_selected,3.0712027060282896,supported by 2 method(s); advice or instruction
47147,19,256,"1,2,3",3,1.2857142857142856,1.0,5.0,2.8284271247461903,unclear,unknown,The available text is too ambiguous for a relevance assessment.,"Phrases that introduce specific topics or concepts, often leading into further elaboration or context. | Fragments of text that often include incomplete thoughts or references to specific subjects, sometimes accompanied by numerical or temporal elements.",13.075183512955347,0,False,0,,7.0,0.0966468313932418,complete,7.0,0.0854303161023368,complete,1.0,25.860033324621018,complete,3.0653759175647766,supported by 3 method(s); unclear
103432,11,256,"1,2,3",3,1.6666666666666667,1.0,3.0,2.160246899469287,generic_language,low,"Text indicates a general language or instruction feature, not medical evidence.","Text features include various phrases and sentences that appear to be excerpts or references to online content, often including promotional or descriptive elements. | Text features include various phrases and terms that indicate specific programs, products, or actions, often accompanied by descriptive elements or context. | Text features include various phrases and sentences that appear to be excerpts from articles, advertisements, or discussions, often containing references to organizations, products, or services.",6.351896197393884,0,False,0,,2.0,0.1442689521312713,complete,1.0,0.0703963795458207,complete,6.0,1.991999487470596,complete,3.0317594809869695,supported by 3 method(s); generic language
93994,19,256,"1,2,3",3,1.0,2.0,3.6666666666666665,1.699673171197595,unclear,unknown,The available text is too ambiguous for a relevance assessment.,"Text features include various phrases and titles, often indicating sources, topics, or specific content, frequently followed by additional context or commentary. | Text features include various types of references to dates, publications, and promotional content, often accompanied by numerical or categorical identifiers.",2.8697703840549287,0,False,0,,6.0,0.1077973846197128,complete,3.0,0.1314271752823126,complete,2.0,24.239728175640355,complete,3.014348851920275,supported by 3 method(s); unclear
20497,19,256,"1,2",2,0.5666666666666667,2.0,8.5,6.5,advice_or_instruction,low,"Text indicates a general language or instruction feature, not medical evidence.","Frequent use of common conjunctions, pronouns, and prepositions, often indicating relationships between clauses or elements in sentences. | A variety of tokens indicating specific nouns, actions, or descriptors, often appearing in contexts that suggest dialogue, historical references, or specific subjects.",21.316063495214426,0,False,0,,2.0,0.4302319874763489,complete,15.0,0.0250440207725399,complete,,,not_selected,2.9232469841427386,supported by 2 method(s); advice or instruction
123602,19,128,"2,3",2,0.5714285714285714,2.0,8.0,6.0,advice_or_instruction,low,"Text indicates a general language or instruction feature, not medical evidence.","Fragmented phrases and incomplete thoughts that suggest conversational or informal speech patterns. | Fragments of dialogue or narrative that often include informal speech patterns and incomplete thoughts, suggesting a conversational tone.",12.135117419412271,0,False,0,,,,not_selected,14.0,0.0058650573094685,complete,2.0,17.843300362650286,complete,2.8821041585256326,supported by 2 method(s); advice or instruction
37115,11,256,"1,2,3",3,0.8088235294117647,2.0,7.666666666666667,6.649979114420001,unclear,unknown,The available text is too ambiguous for a relevance assessment.,"A variety of text segments that include numerical data, dates, and references to time, often accompanied by additional contextual phrases. | A variety of text segments that include numerical data, dates, and references to time, often accompanied by additional contextual information. | A variety of text segments that include numerical references, quotations, and specific phrases, often indicating formal or structured content.",6.123091857836987,0,False,0,,17.0,0.0823407470583915,complete,2.0,0.0160998703448425,complete,4.0,2.2192144925346313,complete,2.8394389887009495,supported by 3 method(s); unclear
41370,19,256,"1,2",2,0.45,4.0,4.5,0.5,advice_or_instruction,low,"Text indicates a general language or instruction feature, not medical evidence.","Text features include a variety of phrases that often introduce dialogue, descriptions, or statements, frequently followed by additional context or commentary. | Text segments that appear to be excerpts or quotes, often containing a variety of topics and contexts, suggesting a diverse range of discussions or narratives.",6.901688535250402,0,False,0,,4.0,0.1777881004214286,complete,5.0,0.0932918120997612,complete,,,not_selected,2.734508442676252,supported by 2 method(s); advice or instruction
78551,19,256,"1,2,3",3,0.625,3.0,5.666666666666667,2.0548046676563256,unclear,unknown,The available text is too ambiguous for a relevance assessment.,"Descriptive phrases and clauses that provide detailed information about various subjects, often including specific attributes or actions. | A variety of phrases and clauses that include both literary and practical contexts, often featuring complex structures and thematic elements.",19.82189642763112,0,False,0,,8.0,0.0964791482686996,complete,6.0,0.0923657915401906,complete,3.0,17.40936805737062,complete,2.7241094821381555,supported by 3 method(s); unclear
25109,11,128,"1,2",2,0.38095238095238093,3.0,12.0,9.0,advice_or_instruction,low,"Text indicates a general language or instruction feature, not medical evidence.","The presence of various punctuation marks and specific tokens that indicate sentence structure or emphasis, often appearing at the end of phrases or sentences. | A variety of tokens indicating specific words or phrases, often including proper nouns, comparative forms, and common articles, suggesting a focus on grammatical elements and contextual references.",13.593954498268369,0,False,0,,21.0,0.0662105396389961,complete,3.0,0.0176534084646914,complete,,,not_selected,2.6989221534437227,supported by 2 method(s); advice or instruction
90445,19,128,"1,2",2,0.31666666666666665,4.0,9.5,5.5,advice_or_instruction,low,"Text indicates a general language or instruction feature, not medical evidence.","A variety of nouns and adjectives that describe objects, qualities, or concepts, often related to specific fields or contexts, indicating a focus on tangible items and characteristics. | A variety of nouns and phrases indicating specific subjects, objects, or concepts, often related to fields like food, construction, and education, suggesting a focus on tangible items and professional contexts.",16.46323117377454,0,False,0,,15.0,0.0334337597489357,complete,4.0,0.0327802286461485,complete,,,not_selected,2.648982822535539,supported by 2 method(s); advice or instruction
73128,11,128,"1,2",2,0.25757575757575757,6.0,8.5,2.5,advice_or_instruction,low,"Text indicates a general language or instruction feature, not medical evidence.","Patterns of text featuring sequences of tokens that indicate continuation or elaboration, often marked by specific punctuation or formatting. | A pattern of phrases and terms that suggest actions, roles, or categories, often followed by additional context or details.",27.317859699993317,0,False,0,,11.0,0.0889558680057525,complete,6.0,0.0090457228987429,complete,,,not_selected,2.6441650560757246,supported by 2 method(s); advice or instruction
72376,11,256,1,1,1.0,1.0,1.0,0.0,advice_or_instruction,low,"Text indicates a general language or instruction feature, not medical evidence.","A variety of tokens indicating different parts of speech, including nouns, verbs, and adjectives, often appearing in phrases or clauses that suggest actions, states, or descriptions.",25.010713358697192,0,False,0,,1.0,0.1505646495819091,complete,,,not_selected,,,not_selected,2.625053566793486,supported by 1 method(s); advice or instruction
40279,15,128,"1,2",2,0.2222222222222222,6.0,12.0,6.0,advice_or_instruction,low,"Text indicates a general language or instruction feature, not medical evidence.","Patterns of text include sequences of tokens that are often incomplete or fragmented, suggesting a focus on specific phrases or actions, with some instances of numerical or time-related data. | Text features include a mix of directives, time indicators, and informal expressions, often accompanied by symbols or punctuation that suggest formatting or emphasis.",22.607250088540074,0,False,0,,18.0,0.0584694366455078,complete,6.0,0.0089214876504011,complete,,,not_selected,2.585258472664923,supported by 2 method(s); advice or instruction
69363,19,128,"2,3",2,0.1875,8.0,12.0,4.0,advice_or_instruction,low,"Text indicates a general language or instruction feature, not medical evidence.","Frequent use of phrases and tokens that suggest contrast, evaluation, or commentary, often involving adjectives and nouns that describe states or conditions. | Frequent use of phrases and tokens that suggest contrast, evaluation, or commentary, often involving adjectives and nouns that describe qualities or states.",26.025762293826382,0,False,0,,,,not_selected,8.0,0.0103217300394891,complete,16.0,2.09174955281299,complete,2.567628811469132,supported by 2 method(s); advice or instruction
82493,19,256,"1,2,3",3,0.5409090909090909,4.0,6.666666666666667,3.0912061651652345,unclear,unknown,The available text is too ambiguous for a relevance assessment.,"Text features include a variety of topics and contexts, often introducing specific products, technologies, or historical references, typically presented in a descriptive manner. | Text features include detailed descriptions, technical specifications, and references to products or processes, often in a formal or informative context.",5.0644829072708495,0,False,0,,5.0,0.1520267241597175,complete,4.0,0.109708826586674,complete,11.0,10.349658177600627,complete,2.566231505445445,supported by 3 method(s); unclear
93994,19,64,"2,3",2,0.1984126984126984,7.0,12.5,5.5,advice_or_instruction,low,"Text indicates a general language or instruction feature, not medical evidence.","Fragments of text that often include incomplete sentences, numbers, or references to specific items, suggesting a mix of informal and formal contexts. | Fragments of text that appear to be incomplete sentences or phrases, often containing numerical values, names, or references to specific topics.",7.317068519075185,0,False,0,,,,not_selected,18.0,0.0037713953306977,complete,7.0,2.6947980307435966,complete,2.4849980410080743,supported by 2 method(s); advice or instruction
110136,19,256,"2,3",2,0.14646464646464646,11.0,14.5,3.5,advice_or_instruction,low,"Text indicates a general language or instruction feature, not medical evidence.","Text segments that appear to be excerpts or references, often including specific details or context, suggesting a variety of topics and formats. | Text segments that appear to be excerpts or citations, often containing a variety of topics and contexts, suggesting a diverse range of information or references.",12.787102938978109,0,False,0,,,,not_selected,11.0,0.0341437776603609,complete,18.0,7.778922789793518,complete,2.4604001611595367,supported by 2 method(s); advice or instruction
73539,11,256,"2,3",2,1.1111111111111112,1.0,5.0,4.0,unclear,unknown,The available text is too ambiguous for a relevance assessment.,"Text features include a variety of phrases and sentences that often contain informal language, references to events or topics, and a mix of personal sentiments and factual statements. | Text features include a variety of phrases and sentences that often contain informal language, references to events or topics, and a mix of personal reflections and external commentary.",26.393153617125108,0,False,0,,,,not_selected,9.0,0.0056478125108799,complete,1.0,19.06782377156299,complete,2.3819657680856254,supported by 2 method(s); unclear
129579,15,128,"1,2",2,2.0,1.0,1.0,0.0,unclear,unknown,The available text is too ambiguous for a relevance assessment.,"Phrases that often include complete thoughts or descriptions, frequently involving nouns and verbs, indicating a range of contexts from military discussions to personal reflections. | Text features include a variety of phrases and clauses that provide additional context or information, often including proper nouns, descriptions, and references to events or objects.",25.603809524373396,0,False,0,,1.0,0.7511659717559814,complete,1.0,0.330364403450433,complete,,,not_selected,2.378019047621867,supported by 2 method(s); unclear
129579,15,64,"1,2",2,2.0,1.0,1.0,0.0,unclear,unknown,The available text is too ambiguous for a relevance assessment.,"Frequent use of common phrases and structures that include nouns, adjectives, and verbs, often indicating descriptions, actions, or conditions. | A variety of phrases and terms that include specific nouns, adjectives, and verbs, often indicating descriptions, actions, or attributes, with a focus on contextually relevant information.",25.379558114393237,0,False,0,,1.0,0.6389187738895417,complete,1.0,0.2724189857641856,complete,,,not_selected,2.376897790571966,supported by 2 method(s); unclear
24708,19,128,"1,2",2,2.0,1.0,1.0,0.0,generic_language,low,"Text indicates a general language or instruction feature, not medical evidence.","Frequent use of phrases that include conjunctions, prepositions, and nouns, often indicating a continuation or elaboration of thoughts. | Frequent use of phrases and clauses that provide additional context or detail, often including comparisons, conditions, or descriptions.",25.10077107706767,0,False,0,,1.0,0.8179823538661003,complete,1.0,0.4352907920387429,complete,,,not_selected,2.3755038553853383,supported by 2 method(s); generic language
24708,19,64,"1,2",2,2.0,1.0,1.0,0.0,unclear,unknown,The available text is too ambiguous for a relevance assessment.,"A variety of phrases and sentence fragments that include questions, statements, and descriptions, often containing a mix of nouns, verbs, and adjectives, indicating a conversational or informal tone. | Phrases that often include a mix of nouns, verbs, and adjectives, frequently indicating relationships, comparisons, or specific contexts.",23.500764525728478,0,False,0,,1.0,1.1809519978761671,complete,1.0,0.7566997726478487,complete,,,not_selected,2.3675038226286422,supported by 2 method(s); unclear
103432,15,256,"1,2",2,2.0,1.0,1.0,0.0,unclear,unknown,The available text is too ambiguous for a relevance assessment.,"Text features include phrases that often contain formal or informative content, typically involving nouns and descriptors that provide context or detail. | Text features include phrases that provide additional context or information, often related to specific subjects or events, and may include a mix of descriptive and functional language.",22.31207834240334,0,False,0,,1.0,0.6853265962004662,complete,1.0,0.3001128776532383,complete,,,not_selected,2.3615603917120165,supported by 2 method(s); unclear
24708,19,256,"1,2",2,2.0,1.0,1.0,0.0,unclear,unknown,The available text is too ambiguous for a relevance assessment.,"The examples feature a variety of phrases that include incomplete thoughts or fragments, often leading into additional context or commentary. | Fragments of sentences that include various parts of speech, often indicating incomplete thoughts or transitions in dialogue.",18.118063150996143,0,False,0,,1.0,0.738159294128418,complete,1.0,0.4136675061754217,complete,,,not_selected,2.3405903157549806,supported by 2 method(s); unclear
102150,19,256,"1,2,3",3,0.2949346405228758,8.0,11.333333333333334,4.027681991198191,unclear,unknown,The available text is too ambiguous for a relevance assessment.,"A variety of structured data formats, including percentages, dates, and technical specifications, often accompanied by contextual phrases or references. | A variety of numerical data, dates, and references to economic or business contexts, often accompanied by specific terms or phrases related to finance and technology. | Text features include numerical data, references to events or qualifications, and technical descriptions, often formatted in a structured manner.",5.364671089974844,0,False,0,,9.0,0.0763183814883232,complete,8.0,0.0609245731237348,complete,17.0,7.838568756534239,complete,2.3217579959727503,supported by 3 method(s); unclear
35015,11,32,"1,2",2,2.0,1.0,1.0,0.0,generic_language,low,"Text indicates a general language or instruction feature, not medical evidence.","Commonly used function words and phrases that serve various grammatical roles, including pronouns, articles, and conjunctions, indicating their importance in sentence structure. | A variety of tokens indicating grammatical elements such as punctuation, verb forms, and common nouns, often appearing at the end of phrases or sentences.",12.932089643127302,0,False,0,,1.0,0.1736372095346451,complete,1.0,0.07500677531314,complete,,,not_selected,2.3146604482156365,supported by 2 method(s); generic language
130789,19,32,"2,3",2,1.25,1.0,2.5,1.5,unclear,unknown,The available text is too ambiguous for a relevance assessment.,"Fragments of sentences that often include incomplete thoughts or phrases, indicating ongoing dialogue or narrative context.",12.005454909684925,0,False,0,,,,not_selected,4.0,0.0262035976553187,complete,1.0,33.56469958834292,complete,2.3100272745484247,supported by 2 method(s); unclear
47478,19,256,"1,2,3",3,0.20666666666666667,12.0,16.333333333333332,6.128258770283411,generic_language,low,"Text indicates a general language or instruction feature, not medical evidence.","Fragments of sentences or phrases that often introduce a statement, question, or topic, typically lacking a complete structure. | Text features include phrases that often introduce explanations, arguments, or additional information, typically starting with a capital letter and ending with a punctuation mark.",14.79423334257797,0,False,0,,12.0,0.0521599240899086,complete,12.0,0.0299520568108894,complete,25.0,5.017168918256665,complete,2.2806378333795565,supported by 3 method(s); generic language
110352,15,128,"2,3",2,1.1111111111111112,1.0,5.0,4.0,unclear,unknown,The available text is too ambiguous for a relevance assessment.,"A variety of text segments that include URLs, dates, and other structured data, often indicating web content or specific references.",2.929839895055696,0,False,0,,,,not_selected,9.0,0.0049493994231515,complete,1.0,24.801185964453737,complete,2.2646491994752784,supported by 2 method(s); unclear
102475,15,64,"2,3",2,1.125,1.0,4.5,3.5,unclear,unknown,The available text is too ambiguous for a relevance assessment.,"A variety of web addresses and references to online content, often including dates and specific file paths.",0.4457753401298497,0,False,0,,,,not_selected,8.0,0.004654950938874,complete,1.0,25.0716830567172,complete,2.252228876700649,supported by 2 method(s); unclear
96088,15,32,"2,3",2,1.0909090909090908,1.0,6.0,5.0,unclear,unknown,The available text is too ambiguous for a relevance assessment.,"Text features include URLs, references to web content, and phrases indicating online resources or specific locations.",0.04409829991876385,0,False,0,,,,not_selected,11.0,0.003927383624332,complete,1.0,24.953582396759018,complete,2.250220491499594,supported by 2 method(s); unclear
14611,19,256,"1,2,3",3,0.15476190476190477,14.0,20.666666666666668,4.714045207910316,unclear,unknown,The available text is too ambiguous for a relevance assessment.,"Text features include various phrases and proper nouns, often related to specific entities, events, or locations, typically found in formal or informational contexts. | Text features include formal titles, organizational names, dates, and specific references, often indicating authoritative or informational contexts. | Text features include various phrases that often reference specific entities, events, or locations, typically found in formal or informational contexts.",8.548720573958766,0,False,0,,24.0,0.0351901203989982,complete,14.0,0.0261533839601865,complete,24.0,5.296561152313121,complete,2.1975055076316985,supported by 3 method(s); unclear
60382,11,256,3,1,0.5,2.0,2.0,0.0,advice_or_instruction,low,"Text indicates a general language or instruction feature, not medical evidence.","Text features include a variety of phrases and sentences that often contain incomplete thoughts or fragments, suggesting a conversational or informal style.",12.991996595676255,0,False,0,,,,not_selected,,,not_selected,2.0,4.04626986817172,complete,2.0649599829783813,supported by 1 method(s); advice or instruction
17366,19,128,"1,2",2,0.6666666666666666,3.0,3.0,0.0,generic_language,low,"Text indicates a general language or instruction feature, not medical evidence.","A variety of phrases and fragments that include incomplete thoughts, references to objects, and numerical data, often with interruptions or unconventional formatting. | A variety of phrases and terms that include proper nouns, numerical values, and specific descriptors, often indicating a range of subjects or contexts.",21.25467534152795,0,False,0,,3.0,0.2678116847872734,complete,3.0,0.2154966433283308,complete,,,not_selected,2.022940043374306,supported by 2 method(s); generic language
122420,11,32,"1,2,3",3,0.4666666666666667,3.0,11.666666666666666,6.944222218666553,unclear,unknown,No usable interpretation or activating-context text.,,,3,False,0,,12.0,0.0418552537560463,failed,3.0,0.0087208224574165,failed,20.0,0.7505357055345008,failed,1.9666666666666668,supported by 3 method(s); unclear
68295,11,64,"1,2",2,0.6111111111111112,2.0,5.5,3.5,unclear,unknown,The available text is too ambiguous for a relevance assessment.,"Frequent use of phrases indicating relationships, comparisons, or specific contexts, often related to gifts, construction, and research. | Frequent use of specific terms related to proposals, writing, and information management, indicating a focus on professional communication and documentation.",20.5626572412926,0,False,0,,9.0,0.0704150089025497,complete,2.0,0.0226234105271352,complete,,,not_selected,1.9639243973175742,supported by 2 method(s); unclear
125957,11,32,1,1,0.3333333333333333,3.0,3.0,0.0,advice_or_instruction,low,"Text indicates a general language or instruction feature, not medical evidence.","A variety of tokens indicating subjects, actions, and objects, often including common nouns, verbs, and articles, suggesting a focus on everyday language and conversational context.",18.04638649560715,0,False,0,,3.0,0.1571662001609802,complete,,,not_selected,,,not_selected,1.9235652658113689,supported by 1 method(s); advice or instruction
117798,15,256,"2,3",2,0.6666666666666666,3.0,3.0,0.0,unclear,unknown,The available text is too ambiguous for a relevance assessment.,"Text features include various formats of citations, references, and URLs, often containing structured data or identifiers.",0.3177812917081183,0,False,0,,,,not_selected,3.0,0.041335577836059,complete,3.0,13.466451581285938,complete,1.9182555731252071,supported by 2 method(s); unclear
91189,19,64,1,1,0.3333333333333333,3.0,3.0,0.0,advice_or_instruction,low,"Text indicates a general language or instruction feature, not medical evidence.","The presence of incomplete or fragmented phrases, often with tokens indicating missing or altered words, suggesting a focus on conversational or informal text structures.",16.86786385726372,0,False,0,,3.0,0.1858379064798355,complete,,,not_selected,,,not_selected,1.917672652619652,supported by 1 method(s); advice or instruction
14611,11,256,3,1,0.3333333333333333,3.0,3.0,0.0,advice_or_instruction,low,"Text indicates a general language or instruction feature, not medical evidence.","Text features include various topics and themes, often presented in a list format or as part of informative content, indicating a focus on practical advice and community engagement.",14.087488296623834,0,False,0,,,,not_selected,,,not_selected,3.0,2.4076968235428646,complete,1.9037707748164525,supported by 1 method(s); advice or instruction
110965,19,64,"2,3",2,0.47619047619047616,3.0,5.0,2.0,unclear,unknown,The available text is too ambiguous for a relevance assessment.,"A variety of phrases and terms that indicate relationships, actions, or descriptions, often including multiple tokens that convey complex ideas or contexts.",27.453869763915932,0,False,0,,,,not_selected,7.0,0.0143254666541104,complete,3.0,6.086517209553058,complete,1.863459825010056,supported by 2 method(s); unclear
65314,11,64,"2,3",2,0.5333333333333333,3.0,4.0,1.0,unclear,unknown,The available text is too ambiguous for a relevance assessment.,"A variety of phrases and fragments that include numerical references, quotations, and thematic elements related to life, spirituality, and historical context.",9.64547376333082,0,False,0,,,,not_selected,3.0,0.011454121467653,complete,5.0,1.8460871136630943,complete,1.8315607021499873,supported by 2 method(s); unclear
13469,15,128,"1,2",2,0.5625,2.0,9.0,7.0,generic_language,low,"Text indicates a general language or instruction feature, not medical evidence.","The presence of various tokens indicating punctuation, names, and specific phrases, often interspersed with numerical or contextual references. | The presence of various tokens indicating incomplete thoughts, interruptions, or informal speech patterns, often accompanied by punctuation or special characters.",3.397256360803961,0,False,0,,16.0,0.0605986093878746,complete,2.0,0.0450873998968813,complete,,,not_selected,1.8294862818040198,supported by 2 method(s); generic language
110362,19,64,3,1,0.16666666666666666,6.0,6.0,0.0,advice_or_instruction,low,"Text indicates a general language or instruction feature, not medical evidence.","Text features include informative statements about environmental issues, health concerns, and practical advice, often presented in a formal or instructional tone.",26.6980705761523,0,False,0,,,,not_selected,,,not_selected,6.0,2.755905982504574,complete,1.8001570195474281,supported by 1 method(s); advice or instruction
66442,19,64,1,1,0.2,5.0,5.0,0.0,advice_or_instruction,low,"Text indicates a general language or instruction feature, not medical evidence.","A variety of tokens indicating different parts of speech, including nouns, verbs, and adjectives, often appearing in fragmented or incomplete sentences, suggesting a conversational or informal context.",19.16664452732884,0,False,0,,5.0,0.1456036239266395,complete,,,not_selected,,,not_selected,1.7958332226366442,supported by 1 method(s); advice or instruction
21984,19,128,3,1,0.25,4.0,4.0,0.0,advice_or_instruction,low,"Text indicates a general language or instruction feature, not medical evidence.","Text segments that appear to be excerpts or quotes, often containing a variety of topics and contexts, suggesting a diverse range of discussions or narratives.",9.106991147602566,0,False,0,,,,not_selected,,,not_selected,4.0,7.086227865263983,complete,1.795534955738013,supported by 1 method(s); advice or instruction
25109,11,64,"1,2",2,0.5,4.0,4.0,0.0,generic_language,low,"Text indicates a general language or instruction feature, not medical evidence.","Text features include lists of actions or items, often followed by arrows or punctuation, indicating a structured format or sequence. | Sequences of text that include phrases or sentences that are interrupted or followed by special formatting, often indicating a transition or continuation of thought.",8.682070214623756,0,False,0,,4.0,0.1079610530734062,complete,4.0,0.0096321583074023,complete,,,not_selected,1.7934103510731187,supported by 2 method(s); generic language
77052,15,64,3,1,0.25,4.0,4.0,0.0,advice_or_instruction,low,"Text indicates a general language or instruction feature, not medical evidence.","Presence of numerical sequences, punctuation, and specific formatting elements, often indicating dates or technical instructions.",5.591266618672868,0,False,0,,,,not_selected,,,not_selected,4.0,2.678542578737585,complete,1.7779563330933643,supported by 1 method(s); advice or instruction
64256,15,128,3,1,0.16666666666666666,6.0,6.0,0.0,advice_or_instruction,low,"Text indicates a general language or instruction feature, not medical evidence.","Text features include phrases that suggest practical advice or considerations related to home and environmental management, often focusing on maintenance, health, and noise reduction.",20.59760656626216,0,False,0,,,,not_selected,,,not_selected,6.0,2.881720771530319,complete,1.7696546994979776,supported by 1 method(s); advice or instruction
75837,19,32,3,1,0.1111111111111111,9.0,9.0,0.0,advice_or_instruction,low,"Text indicates a general language or instruction feature, not medical evidence.","Frequent use of function words and phrases that indicate relationships, actions, or states, often appearing in various contexts such as suggestions, comparisons, or descriptions.",27.901720388281383,0,False,0,,,,not_selected,,,not_selected,9.0,2.179875869870622,complete,1.750619713052518,supported by 1 method(s); advice or instruction
109597,11,32,3,1,0.1,10.0,10.0,0.0,advice_or_instruction,low,"Text indicates a general language or instruction feature, not medical evidence.","Frequent use of phrases and clauses that provide instructions, warnings, or information related to health and environmental concerns, often involving plastic and recycling.",30.064930684719293,0,False,0,,,,not_selected,,,not_selected,10.0,1.1722785913813385,complete,1.7503246534235966,supported by 1 method(s); advice or instruction
59207,11,64,"1,2",2,1.5,1.0,1.5,0.5,unclear,unknown,No usable interpretation or activating-context text.,,,2,False,0,,2.0,0.1375114938616752,failed,1.0,0.0652215473808593,failed,,,not_selected,1.75,supported by 2 method(s); unclear
75837,19,64,3,1,0.125,8.0,8.0,0.0,advice_or_instruction,low,"Text indicates a general language or instruction feature, not medical evidence.","Frequent use of phrases that indicate relationships, actions, or states, often involving verbs and prepositions, suggesting a complex structure in the text.",24.346471177317405,0,False,0,,,,not_selected,,,not_selected,8.0,2.5244924733729746,complete,1.746732355886587,supported by 1 method(s); advice or instruction
104779,15,64,"1,2",2,0.4444444444444444,3.0,6.0,3.0,generic_language,low,"Text indicates a general language or instruction feature, not medical evidence.","Text features include fragments of sentences or phrases that often appear in a structured or formal context, indicating references, claims, or summaries. | Text features include fragments or incomplete thoughts often followed by punctuation, indicating a conversational or informal context.",10.127069068425786,0,False,0,,9.0,0.0652111477851867,complete,3.0,0.0283221693385934,complete,,,not_selected,1.7450797897865733,supported by 2 method(s); generic language
13469,15,256,2,1,0.16666666666666666,6.0,6.0,0.0,advice_or_instruction,low,"Text indicates a general language or instruction feature, not medical evidence.","Presence of proper nouns, time indicators, and phrases that suggest actions or relationships, often followed by punctuation or formatting markers.",13.951757278435691,0,False,0,,,,not_selected,6.0,0.0247194859343515,complete,,,not_selected,1.7364254530588452,supported by 1 method(s); advice or instruction
34616,11,32,1,1,0.1,10.0,10.0,0.0,advice_or_instruction,low,"Text indicates a general language or instruction feature, not medical evidence.","Frequent use of auxiliary verbs such as ""is,"" ""are,"" ""must,"" ""should,"" and ""would"" indicating states, necessities, or conditions.",26.526185843580016,0,False,0,,10.0,0.0559575812816619,complete,,,not_selected,,,not_selected,1.7326309292179003,supported by 1 method(s); advice or instruction
56170,15,256,3,1,0.16666666666666666,6.0,6.0,0.0,advice_or_instruction,low,"Text indicates a general language or instruction feature, not medical evidence.","Detailed descriptions of items, features, or instructions, often including specifications and characteristics.",12.92387895863086,0,False,0,,,,not_selected,,,not_selected,6.0,9.45027933873497,complete,1.7312860614598211,supported by 1 method(s); advice or instruction
48708,19,64,"2,3",2,0.375,4.0,6.0,2.0,generic_language,low,"Text indicates a general language or instruction feature, not medical evidence.","A variety of tokens indicating proper nouns, conjunctions, and auxiliary verbs, often appearing in conversational or formal contexts.",21.23886769786784,0,False,0,,,,not_selected,8.0,0.0119588785048381,complete,4.0,4.460276265600497,complete,1.7311943384893391,supported by 2 method(s); generic language
126173,11,64,3,1,0.08333333333333333,12.0,12.0,0.0,advice_or_instruction,low,"Text indicates a general language or instruction feature, not medical evidence.","Frequent use of transitional phrases and common nouns related to health, environmental concerns, and recycling, often indicating advice or caution.",28.8040779098267,0,False,0,,,,not_selected,,,not_selected,12.0,1.1137874493596445,complete,1.7273537228824667,supported by 1 method(s); advice or instruction
91740,19,32,1,1,0.1,10.0,10.0,0.0,advice_or_instruction,low,"Text indicates a general language or instruction feature, not medical evidence.","A variety of tokens indicating specific words or phrases, often including proper nouns, comparative forms, and punctuation, suggesting a focus on contextual elements within sentences.",25.115101257942253,0,False,0,,10.0,0.0769510802626609,complete,,,not_selected,,,not_selected,1.7255755062897113,supported by 1 method(s); advice or instruction
48775,19,64,2,1,0.09090909090909091,11.0,11.0,0.0,advice_or_instruction,low,"Text indicates a general language or instruction feature, not medical evidence.","A variety of tokens indicating actions, attributes, or objects, often appearing in contexts related to descriptions, comparisons, or instructions.",25.176021269115846,0,False,0,,,,not_selected,11.0,0.0051721993466498,complete,,,not_selected,1.71678919725467,supported by 1 method(s); advice or instruction
91095,15,32,1,1,0.125,8.0,8.0,0.0,advice_or_instruction,low,"Text indicates a general language or instruction feature, not medical evidence.","Frequent use of short function words and phrases, often indicating dialogue or incomplete thoughts, suggesting a conversational or informal tone.",18.25789044942565,0,False,0,,8.0,0.0880447561740875,complete,,,not_selected,,,not_selected,1.7162894522471281,supported by 1 method(s); advice or instruction
104671,19,128,2,1,0.07692307692307693,13.0,13.0,0.0,advice_or_instruction,low,"Text indicates a general language or instruction feature, not medical evidence.","Frequent use of phrases that indicate commentary, reflection, or elaboration, often involving nouns and verbs that suggest interaction or consideration.",27.686427454850968,0,False,0,,,,not_selected,13.0,0.0062023238956648,complete,,,not_selected,1.7153552141973316,supported by 1 method(s); advice or instruction
83049,19,128,3,1,0.1,10.0,10.0,0.0,advice_or_instruction,low,"Text indicates a general language or instruction feature, not medical evidence.","A variety of phrases and tokens that include proper nouns, comparative forms, and common expressions, often with punctuation or formatting elements that suggest dialogue or specific contexts.",21.689999891332384,0,False,0,,,,not_selected,,,not_selected,10.0,4.547866979221118,complete,1.708449999456662,supported by 1 method(s); advice or instruction
65695,11,128,3,1,0.1111111111111111,9.0,9.0,0.0,advice_or_instruction,low,"Text indicates a general language or instruction feature, not medical evidence.","A variety of tokens indicating numerical values, comparative structures, and specific phrases that suggest relationships or actions, often accompanied by contextual elements like quotations or parenthetical information.",18.70677444532416,0,False,0,,,,not_selected,,,not_selected,9.0,1.4057975549692892,complete,1.704644983337732,supported by 1 method(s); advice or instruction
107851,19,64,2,1,0.07142857142857142,14.0,14.0,0.0,advice_or_instruction,low,"Text indicates a general language or instruction feature, not medical evidence.","A variety of nouns and verbs that indicate actions, objects, or concepts, often related to specific contexts or instructions.",25.570343147900616,0,False,0,,,,not_selected,14.0,0.0041335723209828,complete,,,not_selected,1.6992802871680746,supported by 1 method(s); advice or instruction
106327,19,128,2,1,0.05555555555555555,18.0,18.0,0.0,advice_or_instruction,low,"Text indicates a general language or instruction feature, not medical evidence.","A variety of phrases and terms that indicate actions, objects, or conditions, often in a context of comparison or instruction.",27.563678577389407,0,False,0,,,,not_selected,18.0,0.0045540926042297,complete,,,not_selected,1.6933739484425026,supported by 1 method(s); advice or instruction
46015,11,256,3,1,0.07142857142857142,14.0,14.0,0.0,advice_or_instruction,low,"Text indicates a general language or instruction feature, not medical evidence.","A variety of tokens indicating specific details, such as numbers, nouns, and phrases, often related to time, location, or context, suggesting a focus on information and structure in the text.",24.283307478003668,0,False,0,,,,not_selected,,,not_selected,14.0,1.0699177400516204,complete,1.6928451088185898,supported by 1 method(s); advice or instruction
58656,15,128,"1,2",2,0.43333333333333335,3.0,6.5,3.5,unclear,unknown,The available text is too ambiguous for a relevance assessment.,"Text features include references to claims, methods, and structured formats, often indicating legal or technical documentation. | Text features include fragments of sentences, references to dates, and indications of commentary or discussion, often appearing in a digital or informal context.",1.8576538444613688,0,False,0,,10.0,0.0736224870681762,complete,3.0,0.023042942296731,complete,,,not_selected,1.6926216025556402,supported by 2 method(s); unclear
14329,15,64,3,1,0.07142857142857142,14.0,14.0,0.0,advice_or_instruction,low,"Text indicates a general language or instruction feature, not medical evidence.","Text features include phrases that introduce specific topics or actions, often followed by additional context or explanations, indicating a focus on health, environmental issues, and practical advice.",23.883929445495987,0,False,0,,,,not_selected,,,not_selected,14.0,1.86792923827104,complete,1.6908482186560514,supported by 1 method(s); advice or instruction
69545,19,32,1,1,0.1111111111111111,9.0,9.0,0.0,advice_or_instruction,low,"Text indicates a general language or instruction feature, not medical evidence.","Common patterns include the presence of truncated words or phrases, often indicating informal speech or dialogue, and the frequent occurrence of specific names or terms that suggest a focus on particular subjects or entities.",15.891218057660264,0,False,0,,9.0,0.0772070416212081,complete,,,not_selected,,,not_selected,1.6905672013994124,supported by 1 method(s); advice or instruction
1565,19,128,"2,3",2,0.3733333333333333,3.0,14.0,11.0,unclear,unknown,The available text is too ambiguous for a relevance assessment.,"Text features include various phrases and terms that are often part of larger contexts, indicating a wide range of topics from religious references to advertising and classifications. | Text features include phrases that often contain specific terms or titles, frequently related to various subjects, and may include references to items, classifications, or events.",13.281517095259634,0,False,0,,,,not_selected,25.0,0.0036849161268959,complete,3.0,9.179570700470466,complete,1.6897409188096315,supported by 2 method(s); unclear
5324,15,128,3,1,0.047619047619047616,21.0,21.0,0.0,advice_or_instruction,low,"Text indicates a general language or instruction feature, not medical evidence.","A variety of phrases and tokens indicating relationships, actions, or references, often including dates, locations, and specific nouns, suggesting a mix of conversational and informational contexts.",27.796032010943996,0,False,0,,,,not_selected,,,not_selected,21.0,1.1572505554103505,complete,1.6865992076737677,supported by 1 method(s); advice or instruction
57784,19,32,2,1,0.05263157894736842,19.0,19.0,0.0,advice_or_instruction,low,"Text indicates a general language or instruction feature, not medical evidence.","Nouns and verbs that indicate actions, objects, or concepts, often in pairs or alternatives, suggesting choices or comparisons.",26.652415824495645,0,False,0,,,,not_selected,19.0,0.004990710478993,complete,,,not_selected,1.6858936580698467,supported by 1 method(s); advice or instruction
55490,19,64,2,1,0.045454545454545456,22.0,22.0,0.0,advice_or_instruction,low,"Text indicates a general language or instruction feature, not medical evidence.","A variety of tokens indicating relationships, conditions, or qualities, often appearing in contexts that suggest elaboration or specification.",27.885571364731405,0,False,0,,,,not_selected,22.0,0.0033142256065153,complete,,,not_selected,1.6848824022782025,supported by 1 method(s); advice or instruction
74895,19,64,3,1,0.058823529411764705,17.0,17.0,0.0,advice_or_instruction,low,"Text indicates a general language or instruction feature, not medical evidence.","A variety of phrases and tokens that include common nouns, adjectives, and expressions, often indicating relationships, descriptions, or actions, with some tokens appearing in contexts that suggest additional information or commentary.",24.14690535690113,0,False,0,,,,not_selected,,,not_selected,17.0,1.5961292799268163,complete,1.6795580561962704,supported by 1 method(s); advice or instruction
97313,19,128,1,1,0.041666666666666664,24.0,24.0,0.0,advice_or_instruction,low,"Text indicates a general language or instruction feature, not medical evidence.","The presence of various tokens indicating specific actions, objects, or concepts, often accompanied by punctuation or formatting that suggests a technical or conversational context.",26.458903767306513,0,False,0,,24.0,0.0204160027503967,complete,,,not_selected,,,not_selected,1.6739611855031993,supported by 1 method(s); advice or instruction
66540,15,128,"2,3",2,0.2833333333333333,5.0,8.5,3.5,unclear,unknown,The available text is too ambiguous for a relevance assessment.,"A variety of verbs, nouns, and phrases indicating actions, states, or descriptions, often accompanied by modifiers or additional context.",27.83507342990284,0,False,0,,,,not_selected,12.0,0.0034446204212349,complete,5.0,3.6010871340825927,complete,1.6725087004828474,supported by 2 method(s); unclear
114631,11,64,1,1,0.05263157894736842,19.0,19.0,0.0,advice_or_instruction,low,"Text indicates a general language or instruction feature, not medical evidence.","The presence of various tokens indicating specific grammatical functions, such as articles, conjunctions, and comparative forms, often appearing in contexts that suggest dialogue or descriptions.",23.756697894228637,0,False,0,,19.0,0.0462332510352134,complete,,,not_selected,,,not_selected,1.6714150684185116,supported by 1 method(s); advice or instruction
125957,15,64,1,1,0.125,8.0,8.0,0.0,advice_or_instruction,low,"Text indicates a general language or instruction feature, not medical evidence.","The presence of various tokens indicating grammatical elements, such as pronouns, comparative forms, and specific phrases, often suggesting a conversational or narrative context.",9.25378092721924,0,False,0,,8.0,0.0659712347984314,complete,,,not_selected,,,not_selected,1.6712689046360962,supported by 1 method(s); advice or instruction
24338,19,256,2,1,0.05263157894736842,19.0,19.0,0.0,advice_or_instruction,low,"Text indicates a general language or instruction feature, not medical evidence.","A variety of tokens indicating different parts of speech, including nouns, verbs, and adjectives, often appearing in contexts that suggest actions, descriptions, or specific entities.",21.577990043298406,0,False,0,,,,not_selected,19.0,0.0128703083790523,complete,,,not_selected,1.6605215291638604,supported by 1 method(s); advice or instruction
71324,11,32,1,1,0.09090909090909091,11.0,11.0,0.0,advice_or_instruction,low,"Text indicates a general language or instruction feature, not medical evidence.","The presence of various tokens indicating grammatical elements, such as articles, conjunctions, and punctuation, often suggesting sentence structure or context.",13.623083571465916,0,False,0,,11.0,0.0452879571914672,complete,,,not_selected,,,not_selected,1.6590245087664204,supported by 1 method(s); advice or instruction
65226,11,128,3,1,0.04,25.0,25.0,0.0,advice_or_instruction,low,"Text indicates a general language or instruction feature, not medical evidence.","A variety of tokens indicating time, quantity, and specific entities, often appearing in contexts that suggest comparison, description, or classification.",23.30966150780622,0,False,0,,,,not_selected,,,not_selected,25.0,0.733703326132057,complete,1.656548307539031,supported by 1 method(s); advice or instruction
26362,11,256,2,1,0.05,20.0,20.0,0.0,advice_or_instruction,low,"Text indicates a general language or instruction feature, not medical evidence.","Text features include a variety of phrases that suggest incomplete thoughts or references to external content, often followed by additional context or details.",20.690770399137087,0,False,0,,,,not_selected,20.0,0.0018036559993672,complete,,,not_selected,1.6534538519956854,supported by 1 method(s); advice or instruction
40279,15,256,2,1,0.07142857142857142,14.0,14.0,0.0,advice_or_instruction,low,"Text indicates a general language or instruction feature, not medical evidence.","Phrases that include terminal punctuation and often indicate the end of a statement or quotation, suggesting a conversational or narrative context.",14.892922241754771,0,False,0,,,,not_selected,14.0,0.0049796293319111,complete,,,not_selected,1.6458931826373453,supported by 1 method(s); advice or instruction
74737,15,128,3,1,0.08333333333333333,12.0,12.0,0.0,advice_or_instruction,low,"Text indicates a general language or instruction feature, not medical evidence.","Text features include technical specifications, cooking instructions, and descriptions of objects or processes, often with a focus on detailed attributes or actions.",11.267179988729357,0,False,0,,,,not_selected,,,not_selected,12.0,1.4821034839747778,complete,1.63966923327698,supported by 1 method(s); advice or instruction
25996,19,128,3,1,0.05,20.0,20.0,0.0,advice_or_instruction,low,"Text indicates a general language or instruction feature, not medical evidence.","A variety of phrases and tokens indicating specific items, measurements, or instructions, often including numerical values or references to quantities.",15.195945035041754,0,False,0,,,,not_selected,,,not_selected,20.0,1.8454849937107949,complete,1.6259797251752088,supported by 1 method(s); advice or instruction
104976,11,32,1,1,0.07692307692307693,13.0,13.0,0.0,advice_or_instruction,low,"Text indicates a general language or instruction feature, not medical evidence.","The examples contain a mix of incomplete phrases, fragments, and tokens that suggest a variety of contexts, including sports, personal anecdotes, and general statements, often with a focus on nouns and verbs.",9.326217359607131,0,False,0,,13.0,0.0394734132289886,complete,,,not_selected,,,not_selected,1.6235541637211126,supported by 1 method(s); advice or instruction
52958,15,128,3,1,0.041666666666666664,24.0,24.0,0.0,advice_or_instruction,low,"Text indicates a general language or instruction feature, not medical evidence.","Prepositions and phrases indicating relationships, actions, or conditions, often linked to specific contexts or instructions.",16.030114115503935,0,False,0,,,,not_selected,,,not_selected,24.0,1.1286795935703084,complete,1.6218172372441864,supported by 1 method(s); advice or instruction
88434,19,128,"2,3",2,0.22619047619047616,7.0,9.5,2.5,unclear,unknown,The available text is too ambiguous for a relevance assessment.,"Frequent use of various parts of speech, including nouns, verbs, and adjectives, often in conversational or informal contexts, indicating a mix of dialogue and narrative elements. | A variety of phrases and clauses that include nouns, verbs, and adjectives, often indicating actions, descriptions, or specific entities, with a tendency to include conversational elements and informal language.",27.157823886349547,0,False,0,,,,not_selected,12.0,0.0065804384124111,complete,7.0,5.777845967557501,complete,1.611979595622224,supported by 2 method(s); unclear
41370,15,256,"2,3",2,0.2625,5.0,10.5,5.5,unclear,unknown,The available text is too ambiguous for a relevance assessment.,"Text features include a variety of topics and contexts, often introducing quotes or statements, with a mix of formal and informal language. | Text features include a variety of topics and contexts, often introducing quotes or statements, with a mix of informal and formal language.",19.292410750319554,0,False,0,,,,not_selected,5.0,0.0349595753799581,complete,16.0,3.0593443707527443,complete,1.6089620537515978,supported by 2 method(s); unclear
55310,19,32,3,1,0.09090909090909091,11.0,11.0,0.0,advice_or_instruction,low,"Text indicates a general language or instruction feature, not medical evidence.","The presence of various tokens indicating punctuation, names, and specific terms, often interspersed with incomplete phrases or fragments, suggesting a mix of dialogue, instructions, and narrative elements.",2.477790510474772,0,False,0,,,,not_selected,,,not_selected,11.0,1.5434218586644015,complete,1.6032980434614648,supported by 1 method(s); advice or instruction
125142,19,32,3,1,0.08333333333333333,12.0,12.0,0.0,advice_or_instruction,low,"Text indicates a general language or instruction feature, not medical evidence.","Frequent use of phrases and terms related to cleaning, maintenance, and environmental considerations, often accompanied by specific instructions or recommendations.",3.903715372193147,0,False,0,,,,not_selected,,,not_selected,12.0,1.5423714796785155,complete,1.602851910194299,supported by 1 method(s); advice or instruction
103186,15,32,"1,2",2,0.3111111111111111,5.0,7.0,2.0,generic_language,low,"Text indicates a general language or instruction feature, not medical evidence.","The presence of various punctuation marks and formatting elements, often indicating the end of sentences or separating clauses, alongside a mix of proper nouns and common phrases. | Presence of various punctuation marks and formatting elements, often indicating transitions, quotations, or structural components in the text.",7.999605397163147,0,False,0,,9.0,0.0856417601704597,complete,5.0,0.0091459517467749,complete,,,not_selected,1.601109138096927,supported by 2 method(s); generic language
89983,19,128,3,1,0.04,25.0,25.0,0.0,advice_or_instruction,low,"Text indicates a general language or instruction feature, not medical evidence.","Common patterns include fragments of words, numbers, and phrases that suggest incomplete thoughts or references to time and place.",12.196903399928797,0,False,0,,,,not_selected,,,not_selected,25.0,1.6131638378855202,complete,1.600984516999644,supported by 1 method(s); advice or instruction
87928,11,256,3,1,0.04,25.0,25.0,0.0,advice_or_instruction,low,"Text indicates a general language or instruction feature, not medical evidence.","Frequent use of phrases and fragments that suggest formal or structured content, often including references to reports, policies, and ecological topics.",11.925118108640032,0,False,0,,,,not_selected,,,not_selected,25.0,0.8640346784337428,complete,1.5996255905432002,supported by 1 method(s); advice or instruction
7216,11,64,1,1,0.05,20.0,20.0,0.0,advice_or_instruction,low,"Text indicates a general language or instruction feature, not medical evidence.","The presence of various tokens indicating grammatical elements, such as articles, conjunctions, and punctuation, often appearing in contexts that suggest dialogue or lists.",9.37778788933492,0,False,0,,20.0,0.0416454408168792,complete,,,not_selected,,,not_selected,1.5968889394466745,supported by 1 method(s); advice or instruction
6549,15,32,"1,2",2,0.8333333333333333,2.0,2.5,0.5,unclear,unknown,No usable interpretation or activating-context text.,,,2,False,0,,3.0,0.1477716858386993,failed,2.0,0.032946550090548,failed,,,not_selected,1.5833333333333333,supported by 2 method(s); unclear
40279,19,256,1,1,0.07142857142857142,14.0,14.0,0.0,advice_or_instruction,low,"Text indicates a general language or instruction feature, not medical evidence.","Text features include various punctuation marks and formatting that suggest quotations, references, or annotations, often indicating a transition to additional information or commentary.",0.6086766425587441,0,False,0,,14.0,0.0507014251351356,complete,,,not_selected,,,not_selected,1.574471954641365,supported by 1 method(s); advice or instruction
65222,15,256,"2,3",2,0.3214285714285714,4.0,9.0,5.0,unclear,unknown,The available text is too ambiguous for a relevance assessment.,"URLs and file paths related to a specific website, often indicating recipes or food-related content.",0.06056485514442965,0,False,0,,,,not_selected,4.0,0.0400199615899386,complete,14.0,3.4908098985559333,complete,1.5717313957042935,supported by 2 method(s); unclear
48662,19,32,3,1,0.043478260869565216,23.0,23.0,0.0,advice_or_instruction,low,"Text indicates a general language or instruction feature, not medical evidence.","Common patterns include fragments of words that suggest incomplete or truncated forms, often indicating a focus on specific linguistic features or terms.",5.546533727442103,0,False,0,,,,not_selected,,,not_selected,23.0,1.1146170935703084,complete,1.5712109295067758,supported by 1 method(s); advice or instruction
42226,15,64,"2,3",2,0.19166666666666665,8.0,11.5,3.5,generic_language,low,"Text indicates a general language or instruction feature, not medical evidence.","Frequent use of nouns and adjectives, often in a context that discusses eligibility, containment, or conditions, with a tendency to include conjunctions and prepositions. | Frequent use of nouns and adjectives, often in a context of eligibility, containment, or description, with a tendency to include conjunctions and prepositions.",23.36767449507301,0,False,0,,,,not_selected,15.0,0.0025668244966318,complete,8.0,2.233200470465238,complete,1.5585050391420316,supported by 2 method(s); generic language
14611,15,256,3,1,0.045454545454545456,22.0,22.0,0.0,advice_or_instruction,low,"Text indicates a general language or instruction feature, not medical evidence.","Text segments that appear to be excerpts or quotes, often containing a variety of topics and contexts, suggesting a diverse range of discussions or narratives.",2.07025972803373,0,False,0,,,,not_selected,,,not_selected,22.0,2.4426146248529794,complete,1.555805844094714,supported by 1 method(s); advice or instruction
15951,15,256,3,1,0.04,25.0,25.0,0.0,advice_or_instruction,low,"Text indicates a general language or instruction feature, not medical evidence.","A variety of structured data points, including times, dates, measurements, and references to events or locations, often formatted in a way that suggests lists or specific details.",3.0364204042148,0,False,0,,,,not_selected,,,not_selected,25.0,2.3247091242485625,complete,1.555182102021074,supported by 1 method(s); advice or instruction
8949,15,256,2,1,0.047619047619047616,21.0,21.0,0.0,advice_or_instruction,low,"Text indicates a general language or instruction feature, not medical evidence.","Presence of various tokens indicating formatting, punctuation, and specific character sequences, often related to names, measurements, or instructions.",1.3108544636158417,0,False,0,,,,not_selected,21.0,0.0031745114796598,complete,,,not_selected,1.5541733199371268,supported by 1 method(s); advice or instruction
55063,19,256,"1,2",2,0.14166666666666666,10.0,17.0,7.0,generic_language,low,"Text indicates a general language or instruction feature, not medical evidence.","Frequent use of conjunctions and transitional phrases indicating contrast or continuation, often followed by a clause or statement. | Frequent use of conjunctions and transitional phrases indicating contrast or continuation, often followed by clauses that provide additional context or commentary.",28.101862698106643,0,False,0,,10.0,0.0683218334317207,complete,24.0,0.0066092347315219,complete,,,not_selected,1.5321759801572,supported by 2 method(s); generic language
126558,19,128,"1,2",2,0.17763157894736842,8.0,13.5,5.5,generic_language,low,"Text indicates a general language or instruction feature, not medical evidence.","Frequent use of conjunctions and punctuation to connect clauses, often indicating contrast or continuation in thought. | Punctuation marks indicating the end of sentences or clauses, often followed by conjunctions that introduce contrasting or additional information.",20.287393598164172,0,False,0,,8.0,0.0512605615854263,complete,19.0,0.0044288986445592,complete,,,not_selected,1.5290685469381893,supported by 2 method(s); generic language
26362,11,128,"2,3",2,0.24761904761904763,5.0,13.0,8.0,unclear,unknown,The available text is too ambiguous for a relevance assessment.,"Text features include phrases that often reference moral or philosophical themes, historical or literary contexts, and a mix of contemporary and archaic language. | Text features include phrases that often reference moral or philosophical themes, historical or literary contexts, and a variety of subjects, indicating a focus on deeper meanings or narratives.",5.7668221966409465,0,False,0,,,,not_selected,5.0,0.0099341519561731,complete,21.0,0.7904501069981704,complete,1.5264531586022523,supported by 2 method(s); unclear
41584,15,256,"2,3",2,0.14646464646464646,11.0,14.5,3.5,unclear,unknown,The available text is too ambiguous for a relevance assessment.,"A variety of phrases and terms that include references to actions, objects, and descriptions, often indicating communication, events, or specific contexts. | A variety of phrases and terms that include references to actions, objects, and specific contexts, often indicating communication, location, or activities.",25.89274720421641,0,False,0,,,,not_selected,11.0,0.0055024162144728,complete,18.0,2.867292456220596,complete,1.5259283824857284,supported by 2 method(s); unclear
90445,19,256,"1,2",2,0.1611111111111111,9.0,14.5,5.5,unclear,unknown,The available text is too ambiguous for a relevance assessment.,"A focus on specific terms related to objects, processes, and attributes, often in a technical or descriptive context, indicating a detailed examination of various subjects. | A variety of phrases and terms that encompass specific subjects, qualities, or actions, often related to products, processes, or locations.",21.927763262926767,0,False,0,,20.0,0.0394736550450325,complete,9.0,0.0374437927360266,complete,,,not_selected,1.5207499274257448,supported by 2 method(s); unclear
42268,19,32,"1,2",2,0.13247863247863248,13.0,15.5,2.5,generic_language,low,"Text indicates a general language or instruction feature, not medical evidence.","Frequent use of the conjunction ""but"" to introduce contrasting ideas or exceptions in various contexts. | Frequent use of conjunctions and punctuation to connect contrasting ideas or clauses, often indicating a shift in tone or perspective.",26.423793027396265,0,False,0,,13.0,0.0644449013471603,complete,18.0,0.005295755577759,complete,,,not_selected,1.5145975976156139,supported by 2 method(s); generic language
117455,19,256,"1,2",2,0.13942307692307693,13.0,14.5,1.5,unclear,unknown,The available text is too ambiguous for a relevance assessment.,"Numerical values, legal references, and specific events or concepts are frequently highlighted, often indicating important topics or themes in various contexts. | Numerical values, references to specific events or topics, and phrases indicating opinions or observations, often accompanied by contextual information.",24.412301778825658,0,False,0,,16.0,0.0476695925593376,complete,13.0,0.027870194453029,complete,,,not_selected,1.5114845858172052,supported by 2 method(s); unclear
91136,15,256,3,1,1.0,1.0,1.0,0.0,unclear,unknown,The available text is too ambiguous for a relevance assessment.,"Fragments of text that appear to be excerpts or incomplete thoughts, often containing various types of information or references.",1.5860815311172802,0,False,0,,,,not_selected,,,not_selected,1.0,15.136110657344483,complete,1.5079304076555864,supported by 1 method(s); unclear
71458,11,64,"1,2",2,0.23333333333333334,6.0,10.5,4.5,unclear,unknown,The available text is too ambiguous for a relevance assessment.,"Text features include URLs, references to online content, and mentions of various subjects, often indicating digital or informational contexts. | Text features include various types of identifiers, such as dates, numerical codes, and references to content, often indicating sources or specific topics.",4.484732781044444,0,False,0,,15.0,0.0541540528535842,complete,6.0,0.0064465073352688,complete,,,not_selected,1.5057569972385556,supported by 2 method(s); unclear
76864,19,32,"1,2",2,0.18831168831168832,7.0,14.5,7.5,generic_language,low,"Text indicates a general language or instruction feature, not medical evidence.","Sentences frequently conclude with punctuation marks, indicating the end of thoughts or statements.",12.519883950373783,1,False,0,,22.0,0.0312617579102516,failed,7.0,0.0127575551400162,complete,,,not_selected,1.500911108063557,supported by 2 method(s); generic language
95661,19,64,"1,2",2,0.2222222222222222,6.0,12.0,6.0,unclear,unknown,The available text is too ambiguous for a relevance assessment.,"Sentences frequently end with a period, indicating completed thoughts or statements. | Sentences frequently conclude with a period, indicating the end of a statement, while also including various types of phrases and clauses.",3.8590871075545,0,False,0,,18.0,0.0419354881644249,complete,6.0,0.0191488166650136,complete,,,not_selected,1.491517657759995,supported by 2 method(s); unclear
126266,19,64,"1,3",2,0.14090909090909093,11.0,15.5,4.5,generic_language,low,"Text indicates a general language or instruction feature, not medical evidence.","Numerical values, dates, and specific phrases indicating time or quantity, often accompanied by conjunctions or prepositions. | A mix of numerical values, references to time, and conjunctions, often appearing in various contexts such as dates, experiences, and lists.",17.49667575607874,0,False,0,,20.0,0.0395373003482818,complete,,,not_selected,11.0,2.37186540283586,complete,1.4783924696894846,supported by 2 method(s); generic language
94495,19,64,"1,2",2,0.16025641025641024,12.0,12.5,0.5,generic_language,low,"Text indicates a general language or instruction feature, not medical evidence.","Punctuation marks, particularly commas and periods, are frequently used to indicate pauses or transitions in thought, often preceding conjunctions or concluding statements. | Punctuation marks, particularly commas and periods, are frequently used to separate clauses or indicate pauses in sentences, often preceding conjunctions that introduce contrasting ideas.",12.421216029568512,0,False,0,,12.0,0.0514105420708656,complete,13.0,0.004187395315215,complete,,,not_selected,1.4723624904042527,supported by 2 method(s); generic language
8984,19,256,"1,2",2,0.14090909090909093,11.0,15.5,4.5,unclear,unknown,The available text is too ambiguous for a relevance assessment.,"Frequent use of introductory phrases and clauses that set the context for statements, often leading into direct quotes or elaborations. | Text features include phrases that indicate ongoing situations or trends, often with a focus on local events or conditions, and a tendency to include conversational elements.",8.520939378360254,0,False,0,,11.0,0.052751775085926,complete,20.0,0.0120384604998037,complete,,,not_selected,1.4335137878008921,supported by 2 method(s); unclear
54447,19,32,"1,2",2,0.625,2.0,5.0,3.0,unclear,unknown,No usable interpretation or activating-context text.,,,2,False,0,,8.0,0.0836670227646827,failed,2.0,0.0394229239701105,failed,,,not_selected,1.375,supported by 2 method(s); unclear
113142,15,32,"1,2",2,0.41025641025641024,3.0,8.0,5.0,unclear,unknown,No usable interpretation or activating-context text.,,,2,False,0,,13.0,0.0539847939610481,failed,3.0,0.0182280848283722,failed,,,not_selected,1.1602564102564101,supported by 2 method(s); unclear
109362,11,128,1,1,0.5,2.0,2.0,0.0,unclear,unknown,The available text is too ambiguous for a relevance assessment.,"Frequent references to ""users"" and related terms indicating individuals interacting with technology or services.",31.092788729241285,0,False,0,,2.0,0.1281557519435882,complete,,,not_selected,,,not_selected,1.1554639436462064,supported by 1 method(s); unclear
23022,11,64,3,1,0.5,2.0,2.0,0.0,unclear,unknown,The available text is too ambiguous for a relevance assessment.,"Text features include various types of content, such as email addresses, job descriptions, and references to events or products, often containing specific keywords or phrases that indicate context or subject matter.",29.567988590512837,0,False,0,,,,not_selected,,,not_selected,2.0,3.1872344444262937,complete,1.1478399429525643,supported by 1 method(s); unclear
121942,15,128,1,1,0.5,2.0,2.0,0.0,generic_language,low,"Text indicates a general language or instruction feature, not medical evidence.","A variety of phrases and tokens that include common nouns, pronouns, and verbs, often indicating actions, states, or characteristics, with some instances of specific formatting or punctuation.",26.709353600532708,0,False,0,,2.0,0.1013720044493675,complete,,,not_selected,,,not_selected,1.1335467680026636,supported by 1 method(s); generic language
93505,15,64,3,1,0.5,2.0,2.0,0.0,unclear,unknown,The available text is too ambiguous for a relevance assessment.,"A variety of nouns, verbs, and adjectives that indicate quantities, actions, or characteristics, often accompanied by specific contexts or conditions.",26.100946462439385,0,False,0,,,,not_selected,,,not_selected,2.0,5.169508175967067,complete,1.1305047323121968,supported by 1 method(s); unclear
126214,19,64,2,1,0.5,2.0,2.0,0.0,unclear,unknown,The available text is too ambiguous for a relevance assessment.,"A focus on nouns and their attributes, often related to objects, qualities, or roles, indicating a variety of contexts from food to technology and social activities.",22.452049479482945,0,False,0,,,,not_selected,2.0,0.0281775453840622,complete,,,not_selected,1.1122602473974148,supported by 1 method(s); unclear
72144,11,32,1,1,0.5,2.0,2.0,0.0,generic_language,low,"Text indicates a general language or instruction feature, not medical evidence.","Frequent use of common pronouns, conjunctions, and nouns, often indicating relationships or actions within sentences.",17.870285542442957,0,False,0,,2.0,0.1671173512339592,complete,,,not_selected,,,not_selected,1.0893514277122147,supported by 1 method(s); generic language
47030,19,64,1,1,0.5,2.0,2.0,0.0,generic_language,low,"Text indicates a general language or instruction feature, not medical evidence.","Frequent use of short function words and phrases, often indicating grammatical structure or context, with some instances of incomplete or fragmented sentences.",15.88263077427123,0,False,0,,2.0,0.2473174216747284,complete,,,not_selected,,,not_selected,1.079413153871356,supported by 1 method(s); generic language
58762,19,64,3,1,0.5,2.0,2.0,0.0,generic_language,low,"Text indicates a general language or instruction feature, not medical evidence.","A variety of tokens indicating specific nouns, verbs, and phrases, often related to actions, locations, or objects, with some instances of punctuation and formatting elements.",12.431859717640837,0,False,0,,,,not_selected,,,not_selected,2.0,7.014293240329326,complete,1.0621592985882042,supported by 1 method(s); generic language
42226,15,32,"2,3",2,0.3026315789473684,4.0,11.5,7.5,unclear,unknown,No usable interpretation or activating-context text.,,,2,False,0,,,,not_selected,19.0,0.0029466058446767,failed,4.0,2.6752349263264508,failed,1.0526315789473684,supported by 2 method(s); unclear
23401,15,64,"2,3",2,0.30000000000000004,5.0,7.5,2.5,unclear,unknown,No usable interpretation or activating-context text.,,,2,False,0,,,,not_selected,10.0,0.0036511456182864,failed,5.0,2.6480788315146366,failed,1.05,supported by 2 method(s); unclear
81161,15,128,3,1,0.5,2.0,2.0,0.0,unclear,unknown,The available text is too ambiguous for a relevance assessment.,"Text features include various phrases and fragments that often contain specific information or references, sometimes including contact details, product descriptions, or contextual notes.",9.731741512048606,0,False,0,,,,not_selected,,,not_selected,2.0,6.641351729939885,complete,1.048658707560243,supported by 1 method(s); unclear
128374,19,32,1,1,0.5,2.0,2.0,0.0,unclear,unknown,The available text is too ambiguous for a relevance assessment.,"A variety of tokens indicating incomplete phrases, interruptions, or contextual references, often including fragments or non-standard characters.",1.834779105178859,0,False,0,,2.0,0.2315457035899162,complete,,,not_selected,,,not_selected,1.0091738955258942,supported by 1 method(s); unclear
77597,11,128,3,1,0.5,2.0,2.0,0.0,generic_language,low,"Text indicates a general language or instruction feature, not medical evidence.","A variety of tokens indicating different types of content, including articles, timestamps, and references to objects or concepts, often appearing in a structured format.",1.6038740823072402,0,False,0,,,,not_selected,,,not_selected,2.0,3.2970242665316256,complete,1.008019370411536,supported by 1 method(s); generic language
38636,11,64,1,1,1.0,1.0,1.0,0.0,unclear,unknown,No usable interpretation or activating-context text.,,,1,False,0,,1.0,0.1524923729896545,failed,,,not_selected,,,not_selected,1.0,supported by 1 method(s); unclear
91944,11,128,1,1,1.0,1.0,1.0,0.0,unclear,unknown,No usable interpretation or activating-context text.,,,1,False,0,,1.0,0.1292464017868042,failed,,,not_selected,,,not_selected,1.0,supported by 1 method(s); unclear
28828,15,32,3,1,0.3333333333333333,3.0,3.0,0.0,unclear,unknown,The available text is too ambiguous for a relevance assessment.,"A variety of tokens indicating relationships, actions, or attributes, often linked to nouns or phrases that provide context or detail.",27.100879203606137,0,False,0,,,,not_selected,,,not_selected,3.0,3.249705755031364,complete,0.9688377293513639,supported by 1 method(s); unclear
96599,19,32,3,1,0.3333333333333333,3.0,3.0,0.0,generic_language,low,"Text indicates a general language or instruction feature, not medical evidence.","A variety of tokens indicating parts of speech, including nouns, verbs, and conjunctions, often appearing in conversational or narrative contexts.",25.877839879848764,0,False,0,,,,not_selected,,,not_selected,3.0,5.471297536591741,complete,0.962722532732577,supported by 1 method(s); generic language
50455,11,32,"1,2",2,0.20666666666666667,6.0,15.5,9.5,unclear,unknown,No usable interpretation or activating-context text.,,,2,False,0,,25.0,0.0128286975622177,failed,6.0,0.0052453166162463,failed,,,not_selected,0.9566666666666667,supported by 2 method(s); unclear
123037,15,32,"1,2",2,0.20535714285714285,7.0,11.5,4.5,unclear,unknown,No usable interpretation or activating-context text.,,,2,False,0,,16.0,0.0405044411420822,failed,7.0,0.0061053318876615,failed,,,not_selected,0.9553571428571428,supported by 2 method(s); unclear
46563,11,32,3,1,0.3333333333333333,3.0,3.0,0.0,generic_language,low,"Text indicates a general language or instruction feature, not medical evidence.","Frequent use of prepositions and conjunctions, often indicating relationships or connections between elements in the text.",23.304936931770353,0,False,0,,,,not_selected,,,not_selected,3.0,2.068560098667015,complete,0.949858017992185,supported by 1 method(s); generic language
84412,15,128,3,1,0.3333333333333333,3.0,3.0,0.0,unclear,unknown,The available text is too ambiguous for a relevance assessment.,"A variety of phrases and terms that include specific locations, measurements, and technical details, often accompanied by numerical values or descriptors.",23.24864456995588,0,False,0,,,,not_selected,,,not_selected,3.0,3.759204395092786,complete,0.9495765561831127,supported by 1 method(s); unclear
2736,19,64,2,1,0.3333333333333333,3.0,3.0,0.0,unclear,unknown,The available text is too ambiguous for a relevance assessment.,"Text features include phrases that often introduce or reference specific content, such as requests for information, descriptions of documents, or titles, frequently followed by additional context or commentary.",22.45022270392996,0,False,0,,,,not_selected,3.0,0.0273515338629064,complete,,,not_selected,0.945584446852983,supported by 1 method(s); unclear
108571,11,64,1,1,0.3333333333333333,3.0,3.0,0.0,generic_language,low,"Text indicates a general language or instruction feature, not medical evidence.","Frequent use of common pronouns, conjunctions, and nouns, often indicating relationships or actions within sentences.",21.984066473595533,0,False,0,,3.0,0.1099453482031822,complete,,,not_selected,,,not_selected,0.9432536657013109,supported by 1 method(s); generic language
120947,11,256,1,1,0.3333333333333333,3.0,3.0,0.0,unclear,unknown,The available text is too ambiguous for a relevance assessment.,"Frequent references to ""users"" and related terms, indicating a focus on individuals interacting with technology or services.",21.863879026094136,0,False,0,,3.0,0.123507027208805,complete,,,not_selected,,,not_selected,0.942652728463804,supported by 1 method(s); unclear
51126,19,32,2,1,0.3333333333333333,3.0,3.0,0.0,unclear,unknown,The available text is too ambiguous for a relevance assessment.,"A variety of phrases and words in different languages, often related to actions, descriptions, or specific contexts, indicating a mix of cultural references and informal expressions.",21.85905532605592,0,False,0,,,,not_selected,3.0,0.0377857054063411,complete,,,not_selected,0.9426286099636129,supported by 1 method(s); unclear
110251,11,64,"1,2",2,0.18633540372670807,7.0,15.0,8.0,unclear,unknown,No usable interpretation or activating-context text.,,,2,False,0,,23.0,0.0357185498476028,failed,7.0,0.0053814147279855,failed,,,not_selected,0.9363354037267081,supported by 2 method(s); unclear
42867,15,64,3,1,0.3333333333333333,3.0,3.0,0.0,unclear,unknown,The available text is too ambiguous for a relevance assessment.,"A variety of tokens that include email addresses, numerical values, and references to specific entities or events, often indicating a mix of technical, personal, and narrative contexts.",20.23738573980606,0,False,0,,,,not_selected,,,not_selected,3.0,2.840716326205567,complete,0.9345202620323636,supported by 1 method(s); unclear
74676,11,32,"1,2",2,0.18253968253968253,9.0,11.5,2.5,unclear,unknown,No usable interpretation or activating-context text.,,,2,False,0,,14.0,0.0372685090899467,failed,9.0,0.0041912838886601,failed,,,not_selected,0.9325396825396826,supported by 2 method(s); unclear
8523,15,64,1,1,0.3333333333333333,3.0,3.0,0.0,generic_language,low,"Text indicates a general language or instruction feature, not medical evidence.","Frequent use of short, common words and phrases, often serving grammatical functions or indicating relationships between ideas.",15.356313288537768,0,False,0,,3.0,0.1215962752699852,complete,,,not_selected,,,not_selected,0.9101148997760221,supported by 1 method(s); generic language
5930,19,128,1,1,0.2,5.0,5.0,0.0,generic_language,low,"Text indicates a general language or instruction feature, not medical evidence.","Common phrases and structures that indicate actions, inquiries, or descriptions, often involving auxiliary verbs and prepositions.",38.63721399343487,0,False,0,,5.0,0.0817767608761787,complete,,,not_selected,,,not_selected,0.8931860699671743,supported by 1 method(s); generic language
69553,11,32,3,1,0.25,4.0,4.0,0.0,unclear,unknown,The available text is too ambiguous for a relevance assessment.,"A variety of terms that denote specific concepts, actions, or characteristics, often related to competition, caution, and descriptions of objects or conditions.",26.0948137371933,0,False,0,,,,not_selected,,,not_selected,4.0,1.8693617681651855,complete,0.8804740686859664,supported by 1 method(s); unclear
15722,11,32,"1,2",2,0.11513157894736842,16.0,17.5,1.5,unclear,unknown,No usable interpretation or activating-context text.,,,2,False,0,,16.0,0.0219522482156753,failed,19.0,0.0015526963791377,failed,,,not_selected,0.8651315789473684,supported by 2 method(s); unclear
91189,19,32,1,1,0.3333333333333333,3.0,3.0,0.0,unclear,unknown,The available text is too ambiguous for a relevance assessment.,"A variety of tokens indicating incomplete phrases, abbreviations, or specific references, often appearing in conversational or informal contexts.",5.949329320309079,0,False,0,,3.0,0.1776157675385475,complete,,,not_selected,,,not_selected,0.8630799799348786,supported by 1 method(s); unclear
43431,15,256,1,1,0.3333333333333333,3.0,3.0,0.0,generic_language,low,"Text indicates a general language or instruction feature, not medical evidence.","Frequent use of common function words and phrases, including articles, conjunctions, and auxiliary verbs, indicating a focus on grammatical structure rather than content.",5.91619946669571,0,False,0,,3.0,0.1088979359269142,complete,,,not_selected,,,not_selected,0.8629143306668118,supported by 1 method(s); generic language
78539,15,32,3,1,0.2,5.0,5.0,0.0,unclear,unknown,The available text is too ambiguous for a relevance assessment.,"Frequent use of phrases that introduce definitions, examples, or elaborations, often followed by additional context or explanations.",30.896876944600383,0,False,0,,,,not_selected,,,not_selected,5.0,2.455499072954783,complete,0.8544843847230019,supported by 1 method(s); unclear
45090,19,256,3,1,0.25,4.0,4.0,0.0,unclear,unknown,The available text is too ambiguous for a relevance assessment.,"Text features include a variety of phrases and sentences that often contain numerical references, quotations, or contextual commentary, indicating a mix of reporting, dialogue, and narrative elements.",18.982094009620727,0,False,0,,,,not_selected,,,not_selected,4.0,14.162118155384212,complete,0.8449104700481036,supported by 1 method(s); unclear
97156,15,128,3,1,0.25,4.0,4.0,0.0,generic_language,low,"Text indicates a general language or instruction feature, not medical evidence.","A variety of common words and phrases that serve different grammatical functions, including nouns, conjunctions, and adjectives, often appearing in contexts related to technology, experiences, and comparisons.",18.882095961348647,0,False,0,,,,not_selected,,,not_selected,4.0,3.715777942041296,complete,0.8444104798067432,supported by 1 method(s); generic language
57378,11,256,1,1,0.25,4.0,4.0,0.0,generic_language,low,"Text indicates a general language or instruction feature, not medical evidence.","Frequent use of common prepositions, articles, and conjunctions, often indicating relationships or connections between ideas.",17.550090122005948,0,False,0,,4.0,0.1144995212554931,complete,,,not_selected,,,not_selected,0.8377504506100297,supported by 1 method(s); generic language
36641,19,64,1,1,0.25,4.0,4.0,0.0,generic_language,low,"Text indicates a general language or instruction feature, not medical evidence.","Frequent use of short, common words and phrases, often indicating grammatical structures or conversational elements.",17.453215881030786,0,False,0,,4.0,0.1550410832166671,complete,,,not_selected,,,not_selected,0.837266079405154,supported by 1 method(s); generic language
108571,11,32,3,1,0.2,5.0,5.0,0.0,unclear,unknown,The available text is too ambiguous for a relevance assessment.,"A variety of phrases and terms that include specific nouns, adjectives, and functions, often indicating actions, descriptions, or conditions, with some examples showing a mix of informal and formal contexts.",27.41364768083904,0,False,0,,,,not_selected,,,not_selected,5.0,1.8639174194654993,complete,0.8370682384041952,supported by 1 method(s); unclear
70707,11,128,1,1,0.16666666666666666,6.0,6.0,0.0,unclear,unknown,The available text is too ambiguous for a relevance assessment.,"Commonly used nouns, verbs, and adjectives that indicate actions, needs, or conditions, often in a context of inquiry or information exchange.",31.500238591463777,0,False,0,,6.0,0.1097602292895317,complete,,,not_selected,,,not_selected,0.8241678596239855,supported by 1 method(s); unclear
119797,11,256,1,1,0.2,5.0,5.0,0.0,generic_language,low,"Text indicates a general language or instruction feature, not medical evidence.","Frequent use of common pronouns and articles, indicating possession, negation, and specificity in various contexts.",24.703765518576493,0,False,0,,5.0,0.1120206654071807,complete,,,not_selected,,,not_selected,0.8235188275928824,supported by 1 method(s); generic language
1684,19,32,3,1,0.2,5.0,5.0,0.0,unclear,unknown,The available text is too ambiguous for a relevance assessment.,"Phrases that convey emotional or descriptive content, often in a formal or literary context, with a focus on actions, events, or characteristics.",24.251344040760205,0,False,0,,,,not_selected,,,not_selected,5.0,3.822950086578672,complete,0.821256720203801,supported by 1 method(s); unclear
50890,19,32,1,1,0.25,4.0,4.0,0.0,generic_language,low,"Text indicates a general language or instruction feature, not medical evidence.","A variety of tokens indicating different parts of speech, including nouns, verbs, and conjunctions, often appearing in fragmented or incomplete sentences.",13.876437835791378,0,False,0,,4.0,0.1687695055603981,complete,,,not_selected,,,not_selected,0.8193821891789569,supported by 1 method(s); generic language
45231,11,128,3,1,0.2,5.0,5.0,0.0,unclear,unknown,The available text is too ambiguous for a relevance assessment.,"A variety of phrases and clauses that include proper nouns, actions, and descriptive elements, often indicating a transition or continuation in thought.",23.262915541005473,0,False,0,,,,not_selected,,,not_selected,5.0,2.489521938708834,complete,0.8163145777050274,supported by 1 method(s); unclear
69545,15,32,2,1,0.16666666666666666,6.0,6.0,0.0,generic_language,low,"Text indicates a general language or instruction feature, not medical evidence.","Commonly used function words and phrases that serve various grammatical roles, including negation, conjunction, and reference, often appearing in conversational or informal contexts.",29.497950367303872,0,False,0,,,,not_selected,6.0,0.0064477341275819,complete,,,not_selected,0.814156418503186,supported by 1 method(s); generic language
109646,19,32,2,1,0.2,5.0,5.0,0.0,unclear,unknown,The available text is too ambiguous for a relevance assessment.,"Nouns that represent various categories, objects, or concepts, often related to social, physical, or academic contexts.",22.32053057651916,0,False,0,,,,not_selected,5.0,0.0182121561166825,complete,,,not_selected,0.8116026528825957,supported by 1 method(s); unclear
110352,15,256,3,1,0.25,4.0,4.0,0.0,unclear,unknown,The available text is too ambiguous for a relevance assessment.,"Text features include a variety of topics and contexts, often referencing specific events, objects, or concepts, indicating a broad range of subjects being discussed.",11.641264981037814,0,False,0,,,,not_selected,,,not_selected,4.0,13.38379386108207,complete,0.8082063249051891,supported by 1 method(s); unclear
15248,15,64,1,1,0.16666666666666666,6.0,6.0,0.0,unclear,unknown,The available text is too ambiguous for a relevance assessment.,"Pronouns and auxiliary verbs that indicate subject or action, often used in various contexts to convey relationships and intentions.",28.28639965473796,0,False,0,,6.0,0.0920062142014503,complete,,,not_selected,,,not_selected,0.8080986649403564,supported by 1 method(s); unclear
100057,15,32,1,1,0.25,4.0,4.0,0.0,unclear,unknown,The available text is too ambiguous for a relevance assessment.,"A variety of tokens indicating incomplete or fragmented phrases, often including abbreviations, partial words, or contextually relevant terms.",10.145553488196189,0,False,0,,4.0,0.1320570926666259,complete,,,not_selected,,,not_selected,0.800727767440981,supported by 1 method(s); unclear
32432,11,128,1,1,0.25,4.0,4.0,0.0,unclear,unknown,The available text is too ambiguous for a relevance assessment.,"Frequent use of terms related to observation and inspection, often in a formal or procedural context.",9.22187757179281,0,False,0,,4.0,0.1168917598724365,complete,,,not_selected,,,not_selected,0.796109387858964,supported by 1 method(s); unclear
32506,11,128,3,1,0.16666666666666666,6.0,6.0,0.0,unclear,unknown,The available text is too ambiguous for a relevance assessment.,"A variety of important terms and phrases that include verbs, nouns, and adjectives, often related to actions, descriptions, or legal terminology, indicating a diverse range of contexts.",25.427861165841556,0,False,0,,,,not_selected,,,not_selected,6.0,1.973774932207266,complete,0.7938059724958744,supported by 1 method(s); unclear
73263,19,128,3,1,0.2,5.0,5.0,0.0,unclear,unknown,The available text is too ambiguous for a relevance assessment.,"Frequent use of phrases and proper nouns indicating community, online presence, or specific topics, often accompanied by promotional or informative content.",18.6452799420964,0,False,0,,,,not_selected,,,not_selected,5.0,6.9611651774046,complete,0.7932263997104819,supported by 1 method(s); unclear
67686,15,128,2,1,0.2,5.0,5.0,0.0,generic_language,low,"Text indicates a general language or instruction feature, not medical evidence.","Common patterns include punctuation marks and specific tokens that indicate emphasis, clarification, or transitions in sentences.",18.619235306762803,0,False,0,,,,not_selected,5.0,0.0140905800000042,complete,,,not_selected,0.793096176533814,supported by 1 method(s); generic language
51562,11,256,2,1,0.2,5.0,5.0,0.0,generic_language,low,"Text indicates a general language or instruction feature, not medical evidence.","The presence of specific substrings or patterns within words, often indicating a focus on particular terms or phrases, along with various punctuation marks and formatting elements.",18.50362676076965,0,False,0,,,,not_selected,5.0,0.011294489175501,complete,,,not_selected,0.7925181338038482,supported by 1 method(s); generic language
51846,19,32,1,1,0.2,5.0,5.0,0.0,generic_language,low,"Text indicates a general language or instruction feature, not medical evidence.","Presence of various tokens indicating grammatical structures, such as contractions, prepositions, and punctuation, often appearing in conversational or informal contexts.",18.041981892700647,0,False,0,,5.0,0.1341575991511344,complete,,,not_selected,,,not_selected,0.7902099094635032,supported by 1 method(s); generic language
67686,15,64,2,1,0.25,4.0,4.0,0.0,generic_language,low,"Text indicates a general language or instruction feature, not medical evidence.","A variety of tokens indicating punctuation, specific terms, or phrases that contribute to the structure and meaning of sentences, often appearing at the end of phrases or clauses.",7.548580873268109,0,False,0,,,,not_selected,4.0,0.0101791627250366,complete,,,not_selected,0.7877429043663405,supported by 1 method(s); generic language
46094,15,128,2,1,0.125,8.0,8.0,0.0,unclear,unknown,The available text is too ambiguous for a relevance assessment.,"Frequent use of phrases that indicate interaction, commentary, or technology-related content, often accompanied by specific nouns or descriptors.",32.34159475885337,0,False,0,,,,not_selected,8.0,0.005701139919075,complete,,,not_selected,0.7867079737942668,supported by 1 method(s); unclear
114307,11,64,1,1,0.16666666666666666,6.0,6.0,0.0,generic_language,low,"Text indicates a general language or instruction feature, not medical evidence.","Frequent use of the phrase ""in order to"" indicating purpose or intent, along with various forms of the verb ""to be"" and conjunctions like ""and"" and ""because.""",23.837409911685594,0,False,0,,6.0,0.0816364082098007,complete,,,not_selected,,,not_selected,0.7858537162250946,supported by 1 method(s); generic language
123578,19,32,3,1,0.16666666666666666,6.0,6.0,0.0,generic_language,low,"Text indicates a general language or instruction feature, not medical evidence.","Prepositions and auxiliary verbs that indicate relationships, conditions, or actions in various contexts.",23.823921770833124,0,False,0,,,,not_selected,,,not_selected,6.0,3.74748727865264,complete,0.7857862755208322,supported by 1 method(s); generic language
117533,11,64,3,1,0.14285714285714285,7.0,7.0,0.0,generic_language,low,"Text indicates a general language or instruction feature, not medical evidence.","Common phrases and expressions that indicate relationships, comparisons, or actions, often involving prepositions and conjunctions.",28.176987417552695,0,False,0,,,,not_selected,,,not_selected,7.0,1.586216328247517,complete,0.7837420799449063,supported by 1 method(s); generic language
45231,11,64,3,1,0.16666666666666666,6.0,6.0,0.0,generic_language,low,"Text indicates a general language or instruction feature, not medical evidence.","Phrases indicating relationships, conditions, or approvals, often involving prepositions and conjunctions.",23.25407354205801,0,False,0,,,,not_selected,,,not_selected,6.0,1.6766831792341872,complete,0.7829370343769567,supported by 1 method(s); generic language
73128,11,256,2,1,0.16666666666666666,6.0,6.0,0.0,generic_language,low,"Text indicates a general language or instruction feature, not medical evidence.","Text features include various phrases and sentences that are often followed by punctuation or additional context, indicating a conversational or informal tone.",23.24826475147467,0,False,0,,,,not_selected,6.0,0.0070429023162859,complete,,,not_selected,0.78290799042404,supported by 1 method(s); generic language
27973,15,64,3,1,0.16666666666666666,6.0,6.0,0.0,generic_language,low,"Text indicates a general language or instruction feature, not medical evidence.","Common phrases and structures that include prepositions, nouns, and adjectives, often indicating relationships or comparisons.",22.905039518168337,0,False,0,,,,not_selected,,,not_selected,6.0,2.3766705191453217,complete,0.7811918642575083,supported by 1 method(s); generic language
10493,19,32,3,1,0.25,4.0,4.0,0.0,generic_language,low,"Text indicates a general language or instruction feature, not medical evidence.","A variety of common words and phrases that serve different grammatical functions, including conjunctions, prepositions, and auxiliary verbs, often appearing in informal contexts.",6.15097396953401,0,False,0,,,,not_selected,,,not_selected,4.0,4.811126992943022,complete,0.7807548698476701,supported by 1 method(s); generic language
73539,11,128,3,1,0.25,4.0,4.0,0.0,generic_language,low,"Text indicates a general language or instruction feature, not medical evidence.","The presence of numerical sequences, references to time, and various types of content descriptors, often accompanied by punctuation, indicating a mix of data and narrative elements.",5.311924416729944,0,False,0,,,,not_selected,,,not_selected,4.0,2.4908904534762155,complete,0.7765596220836497,supported by 1 method(s); generic language
25371,15,256,3,1,0.2,5.0,5.0,0.0,unclear,unknown,The available text is too ambiguous for a relevance assessment.,"References to specific events, objects, or entities, often accompanied by numerical identifiers or dates, indicating a focus on detailed information.",14.460189690410346,0,False,0,,,,not_selected,,,not_selected,5.0,11.693415937009933,complete,0.7723009484520517,supported by 1 method(s); unclear
3985,11,256,3,1,0.2,5.0,5.0,0.0,unclear,unknown,The available text is too ambiguous for a relevance assessment.,"Text features include phrases that often introduce additional information or context, frequently followed by a noun or a description, indicating a continuation of thought or detail.",14.410233332256292,0,False,0,,,,not_selected,,,not_selected,5.0,2.0016257493955827,complete,0.7720511666612814,supported by 1 method(s); unclear
86423,19,256,3,1,0.14285714285714285,7.0,7.0,0.0,unclear,unknown,The available text is too ambiguous for a relevance assessment.,"Text features include phrases that often introduce complex ideas or conditions, frequently followed by additional context or explanations.",24.94574618463877,0,False,0,,,,not_selected,,,not_selected,7.0,12.376999273065865,complete,0.7675858737803367,supported by 1 method(s); unclear
81192,15,32,2,1,0.125,8.0,8.0,0.0,generic_language,low,"Text indicates a general language or instruction feature, not medical evidence.","Punctuation marks and specific phrases indicating the end of sentences or sections, often followed by additional information or context.",28.021377452889613,0,False,0,,,,not_selected,8.0,0.0051492123816494,complete,,,not_selected,0.7651068872644481,supported by 1 method(s); generic language
115727,15,32,2,1,0.25,4.0,4.0,0.0,unclear,unknown,The available text is too ambiguous for a relevance assessment.,"Text features include references to online content, structured data, and calls to action, often indicating links or additional information.",1.328651259007083,0,False,0,,,,not_selected,4.0,0.0091811652194726,complete,,,not_selected,0.7566432562950354,supported by 1 method(s); unclear
70893,11,32,3,1,0.14285714285714285,7.0,7.0,0.0,unclear,unknown,The available text is too ambiguous for a relevance assessment.,"The presence of proper nouns and specific terms, often related to names, titles, or unique identifiers, frequently ending with specific letter sequences.",22.363734014418217,0,False,0,,,,not_selected,,,not_selected,7.0,1.66880870605724,complete,0.7546758129292339,supported by 1 method(s); unclear
105454,15,64,3,1,0.1111111111111111,9.0,9.0,0.0,unclear,unknown,The available text is too ambiguous for a relevance assessment.,"A focus on emotional and physical states, often using terms related to human experience, morality, and legal contexts.",27.83399670044613,0,False,0,,,,not_selected,,,not_selected,9.0,2.1278360641008884,complete,0.7502810946133418,supported by 1 method(s); unclear
84412,15,256,3,1,0.14285714285714285,7.0,7.0,0.0,unclear,unknown,The available text is too ambiguous for a relevance assessment.,"Fragments of text that often include descriptive elements, numerical data, or references to specific items, frequently leading into further elaboration or context.",21.429903905260534,0,False,0,,,,not_selected,,,not_selected,7.0,8.780113859121798,complete,0.7500066623834455,supported by 1 method(s); unclear
117807,15,256,1,1,0.14285714285714285,7.0,7.0,0.0,generic_language,low,"Text indicates a general language or instruction feature, not medical evidence.","Frequent use of common function words and phrases, often indicating grammatical structure or context, with some instances of specific nouns and verbs that contribute to the overall meaning.",20.95311656813362,0,False,0,,7.0,0.0938624811172485,complete,,,not_selected,,,not_selected,0.7476227256978109,supported by 1 method(s); generic language
30657,19,32,1,1,0.16666666666666666,6.0,6.0,0.0,generic_language,low,"Text indicates a general language or instruction feature, not medical evidence.","A variety of tokens indicating incomplete phrases, grammatical elements, or contextual references, often including fragments or interruptions in speech.",15.477922866332822,0,False,0,,6.0,0.1075658301711082,complete,,,not_selected,,,not_selected,0.7440562809983308,supported by 1 method(s); generic language
123589,15,32,3,1,0.1111111111111111,9.0,9.0,0.0,unclear,unknown,The available text is too ambiguous for a relevance assessment.,"Text features include phrases that provide detailed information or context, often related to specific fields or topics, and frequently include nouns or noun phrases that describe various subjects or concepts.",26.396495268156983,0,False,0,,,,not_selected,,,not_selected,9.0,1.517869153897674,complete,0.743093587451896,supported by 1 method(s); unclear
3873,11,32,2,1,0.058823529411764705,17.0,17.0,0.0,unclear,unknown,The available text is too ambiguous for a relevance assessment.,"Common phrases and questions that involve seeking assistance or information, often using modal verbs and pronouns.",36.65272653438419,0,False,0,,,,not_selected,17.0,0.0016112769713424,complete,,,not_selected,0.7420871620836857,supported by 1 method(s); unclear
120064,11,128,1,1,0.125,8.0,8.0,0.0,generic_language,low,"Text indicates a general language or instruction feature, not medical evidence.","A variety of prepositions, adjectives, and nouns that indicate relationships, locations, or characteristics within sentences.",22.880612116175676,0,False,0,,8.0,0.09620969748497,complete,,,not_selected,,,not_selected,0.7394030605808783,supported by 1 method(s); generic language
108679,15,32,3,1,0.09090909090909091,11.0,11.0,0.0,generic_language,low,"Text indicates a general language or instruction feature, not medical evidence.","Common phrases and structures that indicate clarification, elaboration, or reference to prior context, often involving conjunctions or prepositions.",29.48017001643137,0,False,0,,,,not_selected,,,not_selected,11.0,1.353101823869577,complete,0.7383099409912478,supported by 1 method(s); generic language
68153,15,32,1,1,0.14285714285714285,7.0,7.0,0.0,unclear,unknown,The available text is too ambiguous for a relevance assessment.,"The phrase ""such as"" is frequently used to introduce examples or specific instances related to a broader category or concept.",19.0643160078428,0,False,0,,7.0,0.1044803504943847,complete,,,not_selected,,,not_selected,0.7381787228963568,supported by 1 method(s); unclear
21984,19,64,3,1,0.06666666666666667,15.0,15.0,0.0,unclear,unknown,The available text is too ambiguous for a relevance assessment.,"Frequent use of phrases and clauses that provide context or detail, often including nouns and verbs that contribute to the overall meaning of the sentences.",34.273608390134605,0,False,0,,,,not_selected,,,not_selected,15.0,1.664515302371929,complete,0.7380347086173397,supported by 1 method(s); unclear
130220,19,128,2,1,0.0625,16.0,16.0,0.0,generic_language,low,"Text indicates a general language or instruction feature, not medical evidence.","Frequent use of phrases that introduce or highlight information, often followed by lists or examples.",34.7736399204254,0,False,0,,,,not_selected,16.0,0.0053251405277162,complete,,,not_selected,0.736368199602127,supported by 1 method(s); generic language
59301,11,32,3,1,0.1111111111111111,9.0,9.0,0.0,unclear,unknown,The available text is too ambiguous for a relevance assessment.,"A variety of phrases and terms that include proper nouns, technical jargon, and informal expressions, often indicating specific contexts or actions.",24.747162090545,0,False,0,,,,not_selected,,,not_selected,9.0,1.55422377319655,complete,0.7348469215638361,supported by 1 method(s); unclear
95669,15,32,3,1,0.125,8.0,8.0,0.0,generic_language,low,"Text indicates a general language or instruction feature, not medical evidence.","Prepositions and phrases indicating relationships, approvals, or conditions, often linked to specific entities or actions.",21.928939778561663,0,False,0,,,,not_selected,,,not_selected,8.0,1.8411771942792736,complete,0.7346446988928084,supported by 1 method(s); generic language
117935,15,256,1,1,0.2,5.0,5.0,0.0,unclear,unknown,The available text is too ambiguous for a relevance assessment.,"Frequent references to ""water"" in various contexts, often highlighting its importance, properties, or implications in different scenarios.",6.678493535176501,0,False,0,,5.0,0.0985323593616485,complete,,,not_selected,,,not_selected,0.7333924676758825,supported by 1 method(s); unclear
57683,11,256,3,1,0.1111111111111111,9.0,9.0,0.0,generic_language,low,"Text indicates a general language or instruction feature, not medical evidence.","Frequent use of prepositions, proper nouns, and numerical values, often indicating relationships, locations, or specific details in various contexts.",24.352212967865093,0,False,0,,,,not_selected,,,not_selected,9.0,1.4550231965499216,complete,0.7328721759504366,supported by 1 method(s); generic language
62255,15,64,3,1,0.07692307692307693,13.0,13.0,0.0,unclear,unknown,The available text is too ambiguous for a relevance assessment.,"The text features a variety of phrases that include personal opinions, descriptions, and inquiries, often reflecting on experiences, societal issues, or specific topics of discussion.",31.049592616205707,0,False,0,,,,not_selected,,,not_selected,13.0,1.874241160399242,complete,0.7321710400041054,supported by 1 method(s); unclear
86671,15,256,2,1,0.1111111111111111,9.0,9.0,0.0,generic_language,low,"Text indicates a general language or instruction feature, not medical evidence.","Presence of various tokens indicating dialogue, questions, or placeholders for additional information, often accompanied by punctuation.",24.187231950907332,0,False,0,,,,not_selected,9.0,0.0088218177708101,complete,,,not_selected,0.7320472708656478,supported by 1 method(s); generic language
93799,11,64,3,1,0.1111111111111111,9.0,9.0,0.0,generic_language,low,"Text indicates a general language or instruction feature, not medical evidence.","Common phrases and terms that indicate additional information, actions, or references, often used in various contexts such as articles, discussions, and online content.",24.009313614080213,0,False,0,,,,not_selected,,,not_selected,9.0,1.2979511586023262,complete,0.7311576791815122,supported by 1 method(s); generic language
73147,19,128,2,1,0.1,10.0,10.0,0.0,generic_language,low,"Text indicates a general language or instruction feature, not medical evidence.","Frequent use of auxiliary verbs, conjunctions, and prepositions that connect clauses and phrases, indicating relationships and actions within sentences.",25.93916920269502,0,False,0,,,,not_selected,10.0,0.0070038545579417,complete,,,not_selected,0.729695846013475,supported by 1 method(s); generic language
6896,15,128,1,1,0.1111111111111111,9.0,9.0,0.0,generic_language,low,"Text indicates a general language or instruction feature, not medical evidence.","Frequent use of common function words and phrases, often indicating grammatical structure or context, with some examples of specific nouns and actions.",23.24296863743874,0,False,0,,9.0,0.0776205530166626,complete,,,not_selected,,,not_selected,0.7273259542983048,supported by 1 method(s); generic language
78218,19,128,2,1,0.14285714285714285,7.0,7.0,0.0,unclear,unknown,The available text is too ambiguous for a relevance assessment.,"Text features include phrases that often denote specific subjects, actions, or contexts, frequently appearing in a structured format, such as titles, descriptions, or direct speech.",16.81632394633404,0,False,0,,,,not_selected,7.0,0.0148484642516839,complete,,,not_selected,0.726938762588813,supported by 1 method(s); unclear
25910,15,256,2,1,0.1,10.0,10.0,0.0,unclear,unknown,The available text is too ambiguous for a relevance assessment.,"A variety of phrases and terms that include specific references to concepts, objects, or numerical values, often indicating formal or structured content.",25.35691862811319,0,False,0,,,,not_selected,10.0,0.0066300826453267,complete,,,not_selected,0.7267845931405659,supported by 1 method(s); unclear
17184,19,64,1,1,0.125,8.0,8.0,0.0,generic_language,low,"Text indicates a general language or instruction feature, not medical evidence.","Frequent use of common pronouns, conjunctions, and auxiliary verbs, often indicating conversational or informal contexts.",20.08832489586299,0,False,0,,8.0,0.0699680109024047,complete,,,not_selected,,,not_selected,0.7254416244793149,supported by 1 method(s); generic language
40279,19,128,1,1,0.14285714285714285,7.0,7.0,0.0,generic_language,low,"Text indicates a general language or instruction feature, not medical evidence.","Text features include various sentence endings and punctuation, often indicating quotations or additional information, with a focus on specific topics or contexts.",16.22867515217122,0,False,0,,7.0,0.0548306813240051,complete,,,not_selected,,,not_selected,0.7240005186179989,supported by 1 method(s); generic language
2736,19,32,2,1,0.16666666666666666,6.0,6.0,0.0,unclear,unknown,The available text is too ambiguous for a relevance assessment.,"Text features include various phrases and sentences that often begin with a subject or action, indicating a range of contexts from personal reflections to formal communications.",11.204522173839733,0,False,0,,,,not_selected,6.0,0.0158390446168156,complete,,,not_selected,0.7226892775358653,supported by 1 method(s); unclear
78284,15,128,3,1,0.14285714285714285,7.0,7.0,0.0,generic_language,low,"Text indicates a general language or instruction feature, not medical evidence.","The examples feature a variety of phrases and clauses that include descriptive elements, often providing additional context or detail, and frequently include punctuation marks that indicate speech or separation of ideas.",15.58768947021118,0,False,0,,,,not_selected,,,not_selected,7.0,1.8999500743269733,complete,0.7207955902081987,supported by 1 method(s); generic language
38399,11,256,1,1,0.16666666666666666,6.0,6.0,0.0,generic_language,low,"Text indicates a general language or instruction feature, not medical evidence.","Frequent use of common pronouns, conjunctions, and articles, indicating a focus on sentence structure and grammatical elements.",10.747959670659707,0,False,0,,6.0,0.1115913350582122,complete,,,not_selected,,,not_selected,0.7204064650199652,supported by 1 method(s); generic language
102721,19,64,2,1,0.08333333333333333,12.0,12.0,0.0,unclear,unknown,The available text is too ambiguous for a relevance assessment.,"Common phrases and terms that indicate highlights, evaluations, or processes, often related to health, housing, or professional contexts.",27.40144010620485,0,False,0,,,,not_selected,12.0,0.0048508204764603,complete,,,not_selected,0.7203405338643576,supported by 1 method(s); unclear
41838,19,64,1,1,0.16666666666666666,6.0,6.0,0.0,unclear,unknown,The available text is too ambiguous for a relevance assessment.,"A variety of tokens indicating different parts of speech, including nouns, verbs, and adjectives, often appearing in fragmented or incomplete sentences.",10.340610148404185,0,False,0,,6.0,0.1023503913879394,complete,,,not_selected,,,not_selected,0.7183697174086876,supported by 1 method(s); unclear
60661,19,32,3,1,0.1,10.0,10.0,0.0,unclear,unknown,The available text is too ambiguous for a relevance assessment.,"Phrases that provide additional context or details, often related to specific subjects or activities, indicating a descriptive or explanatory nature.",23.58790024950625,0,False,0,,,,not_selected,,,not_selected,10.0,1.8404638901594357,complete,0.7179395012475313,supported by 1 method(s); unclear
78279,19,128,3,1,0.125,8.0,8.0,0.0,generic_language,low,"Text indicates a general language or instruction feature, not medical evidence.","Common phrases and structures that include articles, nouns, and adjectives, often indicating specific concepts or items.",18.17816422689041,0,False,0,,,,not_selected,,,not_selected,8.0,5.651278975267904,complete,0.715890821134452,supported by 1 method(s); generic language
41370,19,128,1,1,0.07692307692307693,13.0,13.0,0.0,unclear,unknown,The available text is too ambiguous for a relevance assessment.,"A variety of phrases and tokens indicating actions, comparisons, and specific contexts, often involving verbs, nouns, and adjectives that contribute to the overall meaning of the sentences.",27.735706010628693,0,False,0,,13.0,0.0358562648892402,complete,,,not_selected,,,not_selected,0.7156016069762203,supported by 1 method(s); unclear
55906,19,32,2,1,0.09090909090909091,11.0,11.0,0.0,generic_language,low,"Text indicates a general language or instruction feature, not medical evidence.","Common phrases and structures that include auxiliary verbs, prepositions, and pronouns, often indicating actions, relationships, or inquiries.",24.934555124132743,0,False,0,,,,not_selected,11.0,0.0075861531803865,complete,,,not_selected,0.7155818665297546,supported by 1 method(s); generic language
113231,15,32,3,1,0.14285714285714285,7.0,7.0,0.0,generic_language,low,"Text indicates a general language or instruction feature, not medical evidence.","Prepositions and phrases indicating source, attribution, or context, often appearing in relation to content or citations.",14.53956336969097,0,False,0,,,,not_selected,,,not_selected,7.0,2.2045022951515945,complete,0.7155549597055977,supported by 1 method(s); generic language
101304,19,32,3,1,0.125,8.0,8.0,0.0,unclear,unknown,The available text is too ambiguous for a relevance assessment.,"Phrases that describe various contexts, often involving preparation, qualities, or actions, frequently followed by additional descriptive elements.",17.94035416169726,0,False,0,,,,not_selected,,,not_selected,8.0,2.600186430018296,complete,0.7147017708084863,supported by 1 method(s); unclear
43075,11,64,1,1,0.2,5.0,5.0,0.0,generic_language,low,"Text indicates a general language or instruction feature, not medical evidence.","Frequent use of common pronouns, conjunctions, and articles, indicating a focus on sentence structure and grammatical elements rather than specific content.",2.711153379365272,0,False,0,,5.0,0.0824345824718475,complete,,,not_selected,,,not_selected,0.7135557668968263,supported by 1 method(s); generic language
89892,15,64,2,1,0.08333333333333333,12.0,12.0,0.0,unclear,unknown,The available text is too ambiguous for a relevance assessment.,"Nouns that represent various categories, objects, or concepts, often related to specific fields or activities.",26.007978074964814,0,False,0,,,,not_selected,12.0,0.0031061028370834,complete,,,not_selected,0.7133732237081575,supported by 1 method(s); unclear
83726,19,128,3,1,0.1111111111111111,9.0,9.0,0.0,unclear,unknown,The available text is too ambiguous for a relevance assessment.,"Text features include various phrases and clauses that provide context or commentary, often followed by additional information or attribution.",19.901261636045877,0,False,0,,,,not_selected,,,not_selected,9.0,4.789250359383168,complete,0.7106174192913406,supported by 1 method(s); unclear
85805,11,256,3,1,0.07692307692307693,13.0,13.0,0.0,unclear,unknown,The available text is too ambiguous for a relevance assessment.,"A variety of phrases and clauses that include specific nouns, numbers, and descriptors, often indicating actions, events, or items, with a tendency to include informal or conversational elements.",26.70733969567074,0,False,0,,,,not_selected,,,not_selected,13.0,1.1477426755260065,complete,0.7104597754014306,supported by 1 method(s); unclear
119266,19,64,3,1,0.07692307692307693,13.0,13.0,0.0,unclear,unknown,The available text is too ambiguous for a relevance assessment.,"Common phrases and structures indicating relationships, conditions, or states, often involving negation or comparison.",26.17273693705726,0,False,0,,,,not_selected,,,not_selected,13.0,1.9723379100235232,complete,0.7077867616083632,supported by 1 method(s); unclear
57403,19,128,3,1,0.09090909090909091,11.0,11.0,0.0,unclear,unknown,The available text is too ambiguous for a relevance assessment.,"Frequent use of phrases that include specific nouns and verbs, often indicating actions or descriptions, with a tendency to disrupt sentence flow.",23.262137633204777,0,False,0,,,,not_selected,,,not_selected,11.0,3.8749094395256143,complete,0.7072197790751148,supported by 1 method(s); unclear
125618,19,256,3,1,0.2,5.0,5.0,0.0,generic_language,low,"Text indicates a general language or instruction feature, not medical evidence.","Fragments of text that often include lists, citations, or references, typically ending with punctuation or special characters.",1.4143390928676685,0,False,0,,,,not_selected,,,not_selected,5.0,13.395808693805542,complete,0.7070716954643383,supported by 1 method(s); generic language
33433,15,128,2,1,0.045454545454545456,22.0,22.0,0.0,unclear,unknown,The available text is too ambiguous for a relevance assessment.,"Frequent use of verbs and phrases indicating communication, inquiry, or assistance, often accompanied by personal pronouns and contextually relevant nouns.",32.27897596537269,0,False,0,,,,not_selected,22.0,0.002294640166099,complete,,,not_selected,0.7068494252814088,supported by 1 method(s); unclear
82493,15,256,3,1,0.1,10.0,10.0,0.0,unclear,unknown,The available text is too ambiguous for a relevance assessment.,"Text features include a variety of technical and descriptive phrases, often introducing specific subjects or objects, and frequently followed by additional context or details.",21.323253036712376,0,False,0,,,,not_selected,,,not_selected,10.0,5.256803980985364,complete,0.7066162651835619,supported by 1 method(s); unclear
28828,15,256,2,1,0.07692307692307693,13.0,13.0,0.0,unclear,unknown,The available text is too ambiguous for a relevance assessment.,"A focus on nouns and verbs that describe benefits, actions, or items, often in a context of opportunities, activities, or exchanges.",25.902959783509797,0,False,0,,,,not_selected,13.0,0.0050727641078787,complete,,,not_selected,0.7064378758406259,supported by 1 method(s); unclear
32527,19,128,1,1,0.1111111111111111,9.0,9.0,0.0,generic_language,low,"Text indicates a general language or instruction feature, not medical evidence.","The presence of various tokens that indicate dialogue, commentary, or specific details, often accompanied by punctuation or formatting elements.",19.01387726064026,0,False,0,,9.0,0.0461358650922775,complete,,,not_selected,,,not_selected,0.7061804974143124,supported by 1 method(s); generic language
32527,19,256,2,1,0.1,10.0,10.0,0.0,unclear,unknown,The available text is too ambiguous for a relevance assessment.,"Text features include various phrases and clauses that often reference specific topics, responsibilities, or requirements, frequently appearing in formal or technical contexts.",20.887004053478087,0,False,0,,,,not_selected,10.0,0.035565477861485,complete,,,not_selected,0.7044350202673904,supported by 1 method(s); unclear
48708,19,256,3,1,0.0625,16.0,16.0,0.0,generic_language,low,"Text indicates a general language or instruction feature, not medical evidence.","Common phrases and structures that indicate sources, reasons, or actions, often accompanied by prepositions or conjunctions.",28.29099532777208,0,False,0,,,,not_selected,,,not_selected,16.0,8.001518393883952,complete,0.7039549766388604,supported by 1 method(s); generic language
83923,19,256,3,1,0.16666666666666666,6.0,6.0,0.0,unclear,unknown,The available text is too ambiguous for a relevance assessment.,"Text features include various types of information such as dates, locations, and technical details, often presented in a structured format.",7.41395431130685,0,False,0,,,,not_selected,,,not_selected,6.0,12.733151463669628,complete,0.7037364382232009,supported by 1 method(s); unclear
31065,11,128,1,1,0.06666666666666667,15.0,15.0,0.0,unclear,unknown,The available text is too ambiguous for a relevance assessment.,"References to various features, often in technical or product contexts, indicating functionality or characteristics.",27.393655209606074,0,False,0,,15.0,0.074613097846508,complete,,,not_selected,,,not_selected,0.7036349427146971,supported by 1 method(s); unclear
122507,11,64,1,1,0.0625,16.0,16.0,0.0,unclear,unknown,The available text is too ambiguous for a relevance assessment.,"Frequent references to various types of problems, often in contexts related to solutions, challenges, or issues needing resolution.",28.216904725450135,0,False,0,,16.0,0.0525599616765975,complete,,,not_selected,,,not_selected,0.7035845236272507,supported by 1 method(s); unclear
46818,15,64,1,1,0.06666666666666667,15.0,15.0,0.0,unclear,unknown,The available text is too ambiguous for a relevance assessment.,"The use of comparative phrases indicating preference or substitution, often contrasting two options.",27.171825646313756,0,False,0,,15.0,0.042284695148468,complete,,,not_selected,,,not_selected,0.7025257948982354,supported by 1 method(s); unclear
41527,19,128,1,1,0.16666666666666666,6.0,6.0,0.0,generic_language,low,"Text indicates a general language or instruction feature, not medical evidence.","The use of specific symbols to denote lists or separations, often indicating related items or categories.",7.143205779591037,0,False,0,,6.0,0.061327508687973,complete,,,not_selected,,,not_selected,0.7023826955646219,supported by 1 method(s); generic language
102721,19,32,2,1,0.058823529411764705,17.0,17.0,0.0,unclear,unknown,The available text is too ambiguous for a relevance assessment.,"Common phrases and terms related to discussions, evaluations, and health, often indicating a focus on analysis or assessment.",28.67752456127335,0,False,0,,,,not_selected,17.0,0.0055346007638134,complete,,,not_selected,0.7022111522181315,supported by 1 method(s); unclear
63572,19,64,1,1,0.14285714285714285,7.0,7.0,0.0,generic_language,low,"Text indicates a general language or instruction feature, not medical evidence.","Text features include various types of content, such as references to dates, monetary values, and citations, often followed by punctuation or formatting indicators.",11.813266429747603,0,False,0,,7.0,0.0702468717098236,complete,,,not_selected,,,not_selected,0.7019234750058808,supported by 1 method(s); generic language
108700,15,128,3,1,0.05,20.0,20.0,0.0,unclear,unknown,The available text is too ambiguous for a relevance assessment.,"Common phrases and expressions that convey actions, states, or qualities, often highlighting ongoing processes or conditions.",30.115746310826193,0,False,0,,,,not_selected,,,not_selected,20.0,1.178873527754182,complete,0.700578731554131,supported by 1 method(s); unclear
48376,19,64,2,1,0.1111111111111111,9.0,9.0,0.0,generic_language,low,"Text indicates a general language or instruction feature, not medical evidence.",Commonly used function words and punctuation that serve to connect ideas or provide grammatical structure in sentences.,17.730896172615243,0,False,0,,,,not_selected,9.0,0.0076042318567983,complete,,,not_selected,0.6997655919741874,supported by 1 method(s); generic language
131017,11,32,1,1,0.1111111111111111,9.0,9.0,0.0,unclear,unknown,The available text is too ambiguous for a relevance assessment.,"Frequent references to individuals or groups, often using the term ""person"" in various contexts, indicating a focus on human subjects and their roles or experiences.",17.646908602483,0,False,0,,9.0,0.0711536887288093,complete,,,not_selected,,,not_selected,0.6993456541235261,supported by 1 method(s); unclear
58762,19,128,3,1,0.07142857142857142,14.0,14.0,0.0,generic_language,low,"Text indicates a general language or instruction feature, not medical evidence.","Commonly used function words and nouns that serve various grammatical roles, including conjunctions, pronouns, and specific objects.",25.348993755929076,0,False,0,,,,not_selected,,,not_selected,14.0,2.851797834716414,complete,0.6981735402082168,supported by 1 method(s); generic language
87511,11,64,3,1,0.06666666666666667,15.0,15.0,0.0,unclear,unknown,The available text is too ambiguous for a relevance assessment.,"Frequent use of phrases that express opinions, requests, or observations, often accompanied by informal language and conversational tone.",26.279561641990284,0,False,0,,,,not_selected,,,not_selected,15.0,0.9501164932370622,complete,0.698064474876618,supported by 1 method(s); unclear
67739,15,256,3,1,0.09090909090909091,11.0,11.0,0.0,unclear,unknown,The available text is too ambiguous for a relevance assessment.,"Text features include phrases that introduce or elaborate on various topics, often leading into further explanation or context.",21.222419088755977,0,False,0,,,,not_selected,,,not_selected,11.0,4.248764211970727,complete,0.6970211863528708,supported by 1 method(s); unclear
103676,15,128,1,1,0.06666666666666667,15.0,15.0,0.0,generic_language,low,"Text indicates a general language or instruction feature, not medical evidence.","Commonly used function words, nouns, and phrases that indicate tasks, needs, or components within various contexts.",25.765669987757033,0,False,0,,15.0,0.0615630641579627,complete,,,not_selected,,,not_selected,0.6954950166054519,supported by 1 method(s); generic language
114140,11,64,3,1,0.041666666666666664,24.0,24.0,0.0,unclear,unknown,The available text is too ambiguous for a relevance assessment.,"Tokens indicating specific attributes, names, or identifiers, often related to personal information, locations, or events.",30.63861011229716,0,False,0,,,,not_selected,,,not_selected,24.0,0.7335224859513853,complete,0.6948597172281524,supported by 1 method(s); unclear
36154,15,256,1,1,0.05263157894736842,19.0,19.0,0.0,unclear,unknown,The available text is too ambiguous for a relevance assessment.,"Frequent references to pricing and cost-related terms, often in the context of comparisons or transactions.",28.38845796828686,0,False,0,,19.0,0.0730487467646598,complete,,,not_selected,,,not_selected,0.6945738687888027,supported by 1 method(s); unclear
27266,19,32,2,1,0.05,20.0,20.0,0.0,unclear,unknown,The available text is too ambiguous for a relevance assessment.,"Commonly used pronouns, verbs, and adjectives that indicate relationships, actions, or characteristics, often appearing in various contexts including dialogue and descriptions.",28.753888947314188,0,False,0,,,,not_selected,20.0,0.0049655683723413,complete,,,not_selected,0.693769444736571,supported by 1 method(s); unclear
53064,19,64,3,1,0.05,20.0,20.0,0.0,generic_language,low,"Text indicates a general language or instruction feature, not medical evidence.","A variety of phrases and clauses that include prepositions, conjunctions, and specific nouns, often indicating relationships or conditions.",28.627185310959817,0,False,0,,,,not_selected,,,not_selected,20.0,1.532836799202823,complete,0.6931359265547992,supported by 1 method(s); generic language
58832,15,32,3,1,0.05,20.0,20.0,0.0,unclear,unknown,The available text is too ambiguous for a relevance assessment.,"Frequent use of auxiliary verbs, nouns, and specific phrases that indicate actions, functions, or relationships in various contexts.",28.59957320616362,0,False,0,,,,not_selected,,,not_selected,20.0,0.9342146048418714,complete,0.6929978660308181,supported by 1 method(s); unclear
1161,11,256,1,1,0.14285714285714285,7.0,7.0,0.0,unclear,unknown,The available text is too ambiguous for a relevance assessment.,"Frequent references to the concept of ""world,"" often in various contexts, indicating a broad or global perspective.",9.984045814150628,0,False,0,,7.0,0.1105199471116065,complete,,,not_selected,,,not_selected,0.6927773719278959,supported by 1 method(s); unclear
120061,19,256,3,1,0.07692307692307693,13.0,13.0,0.0,unclear,unknown,The available text is too ambiguous for a relevance assessment.,"Complex phrases and technical terms that provide detailed information or context, often related to specific fields or subjects.",23.09528090619679,0,False,0,,,,not_selected,,,not_selected,13.0,8.919797520256143,complete,0.6923994814540608,supported by 1 method(s); unclear
115845,15,128,2,1,0.058823529411764705,17.0,17.0,0.0,unclear,unknown,The available text is too ambiguous for a relevance assessment.,"A variety of phrases and tokens that include numerical values, comparative structures, and references to specific actions or objects, often indicating context or additional information.",26.566762641356224,0,False,0,,,,not_selected,17.0,0.0026149401362513,complete,,,not_selected,0.6916573426185458,supported by 1 method(s); unclear
2722,11,256,2,1,0.14285714285714285,7.0,7.0,0.0,unclear,unknown,The available text is too ambiguous for a relevance assessment.,"Text features include references to dates, publications, and digital content, often with a focus on technology and media.",9.622696179330545,0,False,0,,,,not_selected,7.0,0.0066799125481099,complete,,,not_selected,0.6909706237537955,supported by 1 method(s); unclear
104779,11,128,3,1,0.05555555555555555,18.0,18.0,0.0,unclear,unknown,The available text is too ambiguous for a relevance assessment.,"Text features include various phrases and clauses that provide context or detail, often leading into or following a quotation or statement.",26.875434344022196,0,False,0,,,,not_selected,,,not_selected,18.0,0.9304516231459096,complete,0.6899327272756666,supported by 1 method(s); unclear
118250,15,128,3,1,0.125,8.0,8.0,0.0,unclear,unknown,The available text is too ambiguous for a relevance assessment.,"A variety of phrases and terms that include proper nouns, technical jargon, and references to specific contexts, often indicating a formal or structured communication style.",12.852995114668206,0,False,0,,,,not_selected,,,not_selected,8.0,1.8859360195863824,complete,0.689264975573341,supported by 1 method(s); unclear
16633,15,128,2,1,0.09090909090909091,11.0,11.0,0.0,generic_language,low,"Text indicates a general language or instruction feature, not medical evidence.","A variety of nouns and phrases that represent objects, activities, or concepts, often in lists or examples, indicating a focus on tangible items and social interactions.",19.6498774020829,0,False,0,,,,not_selected,11.0,0.0038970028850394,complete,,,not_selected,0.6891584779195055,supported by 1 method(s); generic language
48162,11,64,3,1,0.05555555555555555,18.0,18.0,0.0,unclear,unknown,The available text is too ambiguous for a relevance assessment.,"A variety of tokens indicating specific details, such as measurements, dates, and descriptors, often related to objects or concepts.",26.54362434544803,0,False,0,,,,not_selected,,,not_selected,18.0,0.8580275428401072,complete,0.6882736772827958,supported by 1 method(s); unclear
60094,15,32,3,1,0.043478260869565216,23.0,23.0,0.0,unclear,unknown,The available text is too ambiguous for a relevance assessment.,"Nouns and phrases that denote specific entities, concepts, or characteristics, often related to social, environmental, or technical contexts.",28.88057879408806,0,False,0,,,,not_selected,,,not_selected,23.0,0.7982582168060638,complete,0.6878811548400054,supported by 1 method(s); unclear
58409,19,128,3,1,0.08333333333333333,12.0,12.0,0.0,generic_language,low,"Text indicates a general language or instruction feature, not medical evidence.","Frequent use of phrases that include prepositions and conjunctions, often indicating relationships or conditions within a sentence.",20.89487939273808,0,False,0,,,,not_selected,,,not_selected,12.0,3.10867203325111,complete,0.6878077302970238,supported by 1 method(s); generic language
49723,15,64,3,1,0.0625,16.0,16.0,0.0,unclear,unknown,The available text is too ambiguous for a relevance assessment.,"Frequent use of phrases and clauses that provide additional context or detail, often including numerical values, specific events, or references to entities.",24.92885351081337,0,False,0,,,,not_selected,,,not_selected,16.0,1.5766609219811814,complete,0.6871442675540669,supported by 1 method(s); unclear
109870,15,32,2,1,0.1,10.0,10.0,0.0,generic_language,low,"Text indicates a general language or instruction feature, not medical evidence.","Commonly used function words, including determiners, conjunctions, and pronouns, indicating their role in sentence structure and coherence.",17.424032391199734,0,False,0,,,,not_selected,10.0,0.0046149349548447,complete,,,not_selected,0.6871201619559987,supported by 1 method(s); generic language
126214,15,32,2,1,0.0625,16.0,16.0,0.0,unclear,unknown,The available text is too ambiguous for a relevance assessment.,"Nouns that represent various categories, objects, or concepts, often related to specific fields or contexts.",24.867158312333626,0,False,0,,,,not_selected,16.0,0.0032715264340521,complete,,,not_selected,0.6868357915616681,supported by 1 method(s); unclear
39049,11,256,2,1,0.045454545454545456,22.0,22.0,0.0,generic_language,low,"Text indicates a general language or instruction feature, not medical evidence.","Frequent use of various grammatical structures, including questions, quotations, and clauses, often indicating dialogue or commentary.",28.270000223709467,0,False,0,,,,not_selected,22.0,0.0016112107905983,complete,,,not_selected,0.6868045465730928,supported by 1 method(s); generic language
39713,15,32,2,1,0.04,25.0,25.0,0.0,unclear,unknown,The available text is too ambiguous for a relevance assessment.,"Common phrases and prompts encouraging interaction or feedback, often related to comments or questions.",29.341997180759368,0,False,0,,,,not_selected,25.0,0.0023132846668852,complete,,,not_selected,0.6867099859037968,supported by 1 method(s); unclear
37761,11,64,3,1,0.1,10.0,10.0,0.0,unclear,unknown,The available text is too ambiguous for a relevance assessment.,"Common patterns include the presence of specific suffixes or segments within words, often indicating a category or type, such as elements, food, or activities.",17.27873746246278,0,False,0,,,,not_selected,,,not_selected,10.0,1.251030980462624,complete,0.6863936873123139,supported by 1 method(s); unclear
127853,15,128,3,1,0.045454545454545456,22.0,22.0,0.0,unclear,unknown,The available text is too ambiguous for a relevance assessment.,"Frequent use of nouns, numbers, and phrases that indicate specific details or categories, often in a structured or formal context.",28.047884579262305,0,False,0,,,,not_selected,,,not_selected,22.0,1.1551813966119968,complete,0.6856939683508569,supported by 1 method(s); unclear
42178,15,32,1,1,0.07142857142857142,14.0,14.0,0.0,generic_language,low,"Text indicates a general language or instruction feature, not medical evidence.","Frequent use of short, common words and phrases, often in conversational contexts, indicating dialogue or informal communication.",22.831644052974003,0,False,0,,14.0,0.049497139275074,complete,,,not_selected,,,not_selected,0.6855867916934414,supported by 1 method(s); generic language
91813,15,256,3,1,0.05,20.0,20.0,0.0,unclear,unknown,The available text is too ambiguous for a relevance assessment.,"Frequent use of phrases and clauses that provide additional context or detail, often including specific references to time, location, or subjects.",27.073825241276612,0,False,0,,,,not_selected,,,not_selected,20.0,2.6379668918256667,complete,0.6853691262063831,supported by 1 method(s); unclear
83064,19,128,3,1,0.041666666666666664,24.0,24.0,0.0,unclear,unknown,The available text is too ambiguous for a relevance assessment.,"Text features include a variety of phrases that express societal issues, personal reflections, and emotional responses, often highlighting inequalities, challenges, and aspirations.",28.72163918681832,0,False,0,,,,not_selected,,,not_selected,24.0,1.6529336437777704,complete,0.6852748626007582,supported by 1 method(s); unclear
26991,11,128,3,1,0.1,10.0,10.0,0.0,generic_language,low,"Text indicates a general language or instruction feature, not medical evidence.","Frequent use of articles, numbers, and phrases indicating specific details or entities, often in a narrative or descriptive context.",17.03385242283648,0,False,0,,,,not_selected,,,not_selected,10.0,1.226041139162964,complete,0.6851692621141824,supported by 1 method(s); generic language
129579,15,256,2,1,0.14285714285714285,7.0,7.0,0.0,unclear,unknown,The available text is too ambiguous for a relevance assessment.,"Common patterns include proper nouns, often names or locations, and specific terms that may indicate a brand or notable entity, frequently followed by additional context or descriptors.",8.35787598381423,0,False,0,,,,not_selected,7.0,0.0232129368423855,complete,,,not_selected,0.684646522776214,supported by 1 method(s); unclear
32506,11,256,2,1,0.06666666666666667,15.0,15.0,0.0,generic_language,low,"Text indicates a general language or instruction feature, not medical evidence.","Frequent use of prepositions and conjunctions that connect phrases and ideas, often indicating relationships or actions.",23.531511081946785,0,False,0,,,,not_selected,15.0,0.0029904759825675,complete,,,not_selected,0.6843242220764005,supported by 1 method(s); generic language
79984,11,256,3,1,0.09090909090909091,11.0,11.0,0.0,unclear,unknown,The available text is too ambiguous for a relevance assessment.,"A variety of phrases and fragments that include proper nouns, numerical values, and references to specific actions or objects, often with a focus on food and cultural elements.",18.55292994551574,0,False,0,,,,not_selected,,,not_selected,11.0,1.2639146373088734,complete,0.6836737406366696,supported by 1 method(s); unclear
86068,15,256,3,1,0.05263157894736842,19.0,19.0,0.0,unclear,unknown,The available text is too ambiguous for a relevance assessment.,"Phrases that include a variety of nouns, adjectives, and verbs, often forming complex ideas or questions, indicating a focus on detailed descriptions and evaluations.",26.082507953007745,0,False,0,,,,not_selected,,,not_selected,19.0,2.6811186515780188,complete,0.6830441187124071,supported by 1 method(s); unclear
48010,15,64,1,1,0.07142857142857142,14.0,14.0,0.0,unclear,unknown,The available text is too ambiguous for a relevance assessment.,"A variety of tokens indicating specific actions, objects, or attributes, often accompanied by contextual phrases or descriptors.",22.170725243688377,0,False,0,,14.0,0.0522080907225608,complete,,,not_selected,,,not_selected,0.6822821976470133,supported by 1 method(s); unclear
41370,15,128,3,1,0.07692307692307693,13.0,13.0,0.0,unclear,unknown,The available text is too ambiguous for a relevance assessment.,"Frequent use of phrases that introduce or describe various subjects, often followed by additional context or details.",21.00988895240226,0,False,0,,,,not_selected,,,not_selected,13.0,1.446030194311945,complete,0.6819725216850882,supported by 1 method(s); unclear
47645,19,128,3,1,0.058823529411764705,17.0,17.0,0.0,unclear,unknown,The available text is too ambiguous for a relevance assessment.,"A variety of nouns and verbs that indicate actions, states, or objects, often accompanied by descriptive phrases or contextual elements.",24.628253414655727,0,False,0,,,,not_selected,,,not_selected,17.0,2.074873960647543,complete,0.6819647964850434,supported by 1 method(s); unclear
120849,19,32,3,1,0.05,20.0,20.0,0.0,unclear,unknown,The available text is too ambiguous for a relevance assessment.,"A variety of phrases and terms that denote specific roles, categories, or functions, often in a formal or technical context.",26.37820789650855,0,False,0,,,,not_selected,,,not_selected,20.0,1.3363763150156822,complete,0.6818910394825428,supported by 1 method(s); unclear
108092,19,64,2,1,0.043478260869565216,23.0,23.0,0.0,generic_language,low,"Text indicates a general language or instruction feature, not medical evidence.","Common phrases and structures that introduce or clarify information, often including conjunctions, prepositions, and modal verbs.",27.616514130771023,0,False,0,,,,not_selected,23.0,0.00307074427045,complete,,,not_selected,0.6815608315234203,supported by 1 method(s); generic language
30503,19,32,2,1,0.06666666666666667,15.0,15.0,0.0,unclear,unknown,The available text is too ambiguous for a relevance assessment.,"A variety of nouns and phrases that represent categories, objects, or concepts, often related to specific fields or contexts.",22.84932826858199,0,False,0,,,,not_selected,15.0,0.0056024673679065,complete,,,not_selected,0.6809133080095766,supported by 1 method(s); unclear
121125,19,32,2,1,0.043478260869565216,23.0,23.0,0.0,generic_language,low,"Text indicates a general language or instruction feature, not medical evidence.",Commonly used function words that serve as connectors or question prompts in various contexts.,27.434217118287272,0,False,0,,,,not_selected,23.0,0.0042320161078457,complete,,,not_selected,0.6806493464610015,supported by 1 method(s); generic language
103432,19,256,2,1,0.0625,16.0,16.0,0.0,unclear,unknown,The available text is too ambiguous for a relevance assessment.,"Complex phrases that encompass various themes, often related to research, development, and collaboration across multiple sectors.",23.603632134757316,0,False,0,,,,not_selected,16.0,0.0150584203536521,complete,,,not_selected,0.6805181606737866,supported by 1 method(s); unclear
109627,15,64,3,1,0.08333333333333333,12.0,12.0,0.0,generic_language,low,"Text indicates a general language or instruction feature, not medical evidence.","Frequent use of phrases that include conjunctions and prepositions, often leading into additional descriptive or explanatory content.",19.4074152069326,0,False,0,,,,not_selected,,,not_selected,12.0,2.0045450740002613,complete,0.6803704093679964,supported by 1 method(s); generic language
51862,11,64,2,1,0.058823529411764705,17.0,17.0,0.0,unclear,unknown,The available text is too ambiguous for a relevance assessment.,"A variety of nouns and adjectives that describe qualities, actions, or concepts, often indicating support, value, or characteristics of objects and experiences.",24.27542506633395,0,False,0,,,,not_selected,17.0,0.0026328363608866,complete,,,not_selected,0.6802006547434345,supported by 1 method(s); unclear
121942,15,256,1,1,0.04,25.0,25.0,0.0,generic_language,low,"Text indicates a general language or instruction feature, not medical evidence.","Frequent use of common pronouns, articles, and phrases that indicate relationships or actions, often appearing in conversational or explanatory contexts.",27.96687268962656,0,False,0,,25.0,0.0693394685983657,complete,,,not_selected,,,not_selected,0.6798343634481329,supported by 1 method(s); generic language
9188,11,32,3,1,0.06666666666666667,15.0,15.0,0.0,unclear,unknown,The available text is too ambiguous for a relevance assessment.,"Complex phrases and technical terms that often include specific nouns or descriptors, indicating detailed information or context.",22.63123309482786,0,False,0,,,,not_selected,,,not_selected,15.0,0.8840994899209357,complete,0.679822832140806,supported by 1 method(s); unclear
1565,19,256,2,1,0.05555555555555555,18.0,18.0,0.0,generic_language,low,"Text indicates a general language or instruction feature, not medical evidence.","A variety of phrases and clauses that include prepositions, nouns, and descriptors, often indicating relationships or actions, with some instances of dialogue and commentary.",24.68759677197434,0,False,0,,,,not_selected,18.0,0.0133393072466335,complete,,,not_selected,0.6789935394154273,supported by 1 method(s); generic language
41761,19,32,3,1,0.05263157894736842,19.0,19.0,0.0,unclear,unknown,The available text is too ambiguous for a relevance assessment.,"Common phrases and structures that include auxiliary verbs, pronouns, and specific nouns, often indicating possession, intention, or action.",25.24750422902262,0,False,0,,,,not_selected,,,not_selected,19.0,1.3836640951711972,complete,0.6788691000924815,supported by 1 method(s); unclear
48287,11,32,1,1,0.06666666666666667,15.0,15.0,0.0,generic_language,low,"Text indicates a general language or instruction feature, not medical evidence.","The presence of various tokens indicating actions, states, or conditions, often accompanied by punctuation or contextual phrases.",22.392572506200416,0,False,0,,15.0,0.0223774124979972,complete,,,not_selected,,,not_selected,0.6786295291976687,supported by 1 method(s); generic language
24300,15,128,2,1,0.041666666666666664,24.0,24.0,0.0,unclear,unknown,The available text is too ambiguous for a relevance assessment.,"Common phrases and structures that include transitional words, nouns, and verbs, often indicating actions or descriptions related to various subjects.",27.379308501016375,0,False,0,,,,not_selected,24.0,0.0021688901762447,complete,,,not_selected,0.6785632091717485,supported by 1 method(s); unclear
9979,11,128,3,1,0.07142857142857142,14.0,14.0,0.0,generic_language,low,"Text indicates a general language or instruction feature, not medical evidence.","Frequent use of phrases that include prepositions and articles, often indicating relationships or actions involving various subjects.",21.32035065554615,0,False,0,,,,not_selected,,,not_selected,14.0,1.0143066661493727,complete,0.6780303247063022,supported by 1 method(s); generic language
49330,15,256,3,1,0.125,8.0,8.0,0.0,unclear,unknown,The available text is too ambiguous for a relevance assessment.,"Text features include a variety of topics, often discussing environmental issues, health, and home characteristics, with a focus on specific details and descriptions.",10.54981375983644,0,False,0,,,,not_selected,,,not_selected,8.0,8.472448379508625,complete,0.6777490687991822,supported by 1 method(s); unclear
64993,15,32,3,1,0.06666666666666667,15.0,15.0,0.0,unclear,unknown,The available text is too ambiguous for a relevance assessment.,"Proper nouns and specific terms, often related to names, titles, or organizations, indicating a focus on distinct entities or concepts.",22.13730631498822,0,False,0,,,,not_selected,,,not_selected,15.0,1.2864140910872974,complete,0.6773531982416078,supported by 1 method(s); unclear
122530,15,64,1,1,0.07692307692307693,13.0,13.0,0.0,generic_language,low,"Text indicates a general language or instruction feature, not medical evidence.","Frequent use of common pronouns, conjunctions, and articles, indicating a focus on relational and descriptive language.",19.993480112073936,0,False,0,,13.0,0.0533305041790008,complete,,,not_selected,,,not_selected,0.6768904774834466,supported by 1 method(s); generic language
41865,11,64,3,1,0.0625,16.0,16.0,0.0,unclear,unknown,The available text is too ambiguous for a relevance assessment.,"A variety of nouns and adjectives that often relate to specific fields, objects, or concepts, frequently appearing in formal or technical contexts.",22.835477655448283,0,False,0,,,,not_selected,,,not_selected,16.0,0.935824452553254,complete,0.6766773882772414,supported by 1 method(s); unclear
32892,11,256,3,1,0.058823529411764705,17.0,17.0,0.0,generic_language,low,"Text indicates a general language or instruction feature, not medical evidence.",Frequent use of punctuation and specific phrases that indicate transitions or additional information within sentences.,23.56121302641404,0,False,0,,,,not_selected,,,not_selected,17.0,0.9910129194164924,complete,0.676629594543835,supported by 1 method(s); generic language
89498,11,64,1,1,0.07692307692307693,13.0,13.0,0.0,unclear,unknown,The available text is too ambiguous for a relevance assessment.,"Frequent use of the word ""create"" and its variations, indicating the act of making or producing something, often in various contexts such as accounts, projects, or environments.",19.921158454827417,0,False,0,,13.0,0.0563653991222381,complete,,,not_selected,,,not_selected,0.676528869197214,supported by 1 method(s); unclear
18722,15,64,3,1,0.05,20.0,20.0,0.0,generic_language,low,"Text indicates a general language or instruction feature, not medical evidence.",Prepositions and articles that indicate relationships or specify nouns within various contexts.,25.196352397403064,0,False,0,,,,not_selected,,,not_selected,20.0,1.3817769251502876,complete,0.6759817619870154,supported by 1 method(s); generic language
29355,15,256,3,1,0.043478260869565216,23.0,23.0,0.0,unclear,unknown,The available text is too ambiguous for a relevance assessment.,"Text features include a variety of phrases and clauses that provide context or commentary, often leading into or following a quotation or statement.",26.36166493388752,0,False,0,,,,not_selected,,,not_selected,23.0,2.422956620818087,complete,0.6752865855390028,supported by 1 method(s); unclear
11839,11,64,3,1,0.047619047619047616,21.0,21.0,0.0,unclear,unknown,The available text is too ambiguous for a relevance assessment.,"Complex phrases that often include contrasting ideas or sentiments, frequently involving discussions of societal issues, economic conditions, or philosophical reflections.",25.464763520913603,0,False,0,,,,not_selected,,,not_selected,21.0,0.7845309028685311,complete,0.6749428652236157,supported by 1 method(s); unclear
130220,19,256,2,1,0.045454545454545456,22.0,22.0,0.0,unclear,unknown,The available text is too ambiguous for a relevance assessment.,"Frequent use of phrases and clauses that provide additional context or detail, often including nouns and adjectives that describe various subjects or actions.",25.74346253120239,0,False,0,,,,not_selected,22.0,0.0084783573385695,complete,,,not_selected,0.6741718581105574,supported by 1 method(s); unclear
100517,19,128,2,1,0.06666666666666667,15.0,15.0,0.0,generic_language,low,"Text indicates a general language or instruction feature, not medical evidence.","Frequent use of punctuation marks, particularly periods and commas, indicating sentence boundaries and pauses in thought.",21.4497986078406,0,False,0,,,,not_selected,15.0,0.0056490878543943,complete,,,not_selected,0.6739156597058696,supported by 1 method(s); generic language
71006,15,128,3,1,0.06666666666666667,15.0,15.0,0.0,generic_language,low,"Text indicates a general language or instruction feature, not medical evidence.","Common phrases and verbs indicating actions, states, or comparisons, often involving prepositions or adjectives that modify nouns.",21.41093554772494,0,False,0,,,,not_selected,,,not_selected,15.0,1.3216890804691583,complete,0.6737213444052914,supported by 1 method(s); generic language
80838,19,64,3,1,0.05555555555555555,18.0,18.0,0.0,unclear,unknown,The available text is too ambiguous for a relevance assessment.,"A variety of nouns and adjectives that describe objects, qualities, or actions, often accompanied by descriptive phrases or modifiers.",23.405639763019757,0,False,0,,,,not_selected,,,not_selected,18.0,1.5506817049464192,complete,0.6725837543706543,supported by 1 method(s); unclear
69248,11,128,3,1,0.043478260869565216,23.0,23.0,0.0,unclear,unknown,The available text is too ambiguous for a relevance assessment.,"A variety of proper nouns, dates, and phrases indicating time or position, often used in formal contexts.",25.820753506340896,0,False,0,,,,not_selected,,,not_selected,23.0,0.7759986155580241,complete,0.6725820284012697,supported by 1 method(s); unclear
2721,15,32,3,1,0.04,25.0,25.0,0.0,unclear,unknown,The available text is too ambiguous for a relevance assessment.,"A variety of phrases and clauses that include descriptive elements, often indicating actions, attributes, or contexts related to specific subjects.",26.51064308066878,0,False,0,,,,not_selected,,,not_selected,25.0,0.7111594599451124,complete,0.6725532154033439,supported by 1 method(s); unclear
84777,15,64,3,1,0.14285714285714285,7.0,7.0,0.0,generic_language,low,"Text indicates a general language or instruction feature, not medical evidence.","Common phrases and tokens indicating attribution, references, or additional information, often followed by punctuation or formatting elements.",5.936141600934054,0,False,0,,,,not_selected,,,not_selected,7.0,2.2970299839911132,complete,0.6725378508618131,supported by 1 method(s); generic language
96481,19,128,3,1,0.16666666666666666,6.0,6.0,0.0,unclear,unknown,The available text is too ambiguous for a relevance assessment.,"A variety of phrases and sentences that include specific identifiers, such as vehicle models, locations, and numerical data, often related to racing or product specifications.",1.126390251974744,0,False,0,,,,not_selected,,,not_selected,6.0,6.4234988605920025,complete,0.6722986179265403,supported by 1 method(s); unclear
35325,15,128,1,1,0.07142857142857142,14.0,14.0,0.0,generic_language,low,"Text indicates a general language or instruction feature, not medical evidence.","A variety of tokens indicating grammatical elements such as pronouns, conjunctions, and punctuation, often appearing in conversational or narrative contexts.",20.137620025034117,0,False,0,,14.0,0.0622412946820259,complete,,,not_selected,,,not_selected,0.672116671553742,supported by 1 method(s); generic language
93451,11,256,1,1,0.07692307692307693,13.0,13.0,0.0,generic_language,low,"Text indicates a general language or instruction feature, not medical evidence.","Frequent use of definite articles and common nouns, often indicating specific subjects or objects within various contexts.",18.993720207555096,0,False,0,,13.0,0.0852490107417106,complete,,,not_selected,,,not_selected,0.6718916779608524,supported by 1 method(s); generic language
50806,15,64,1,1,0.1,10.0,10.0,0.0,generic_language,low,"Text indicates a general language or instruction feature, not medical evidence.","Frequent use of short phrases and fragments, often including common pronouns, conjunctions, and articles, indicating a conversational or informal tone.",14.3608351305973,0,False,0,,10.0,0.0646311592459678,complete,,,not_selected,,,not_selected,0.6718041756529864,supported by 1 method(s); generic language
81900,15,32,3,1,0.0625,16.0,16.0,0.0,unclear,unknown,The available text is too ambiguous for a relevance assessment.,"A variety of phrases and fragments that include nouns, adjectives, and verbs, often indicating actions, objects, or descriptions, with a tendency towards informal or conversational tone.",21.82354341091556,0,False,0,,,,not_selected,,,not_selected,16.0,1.1938485240786725,complete,0.6716177170545778,supported by 1 method(s); unclear
60661,19,128,3,1,0.05555555555555555,18.0,18.0,0.0,unclear,unknown,The available text is too ambiguous for a relevance assessment.,"Text features include phrases that often introduce specific topics or details, frequently followed by additional context or commentary.",23.210969105647276,0,False,0,,,,not_selected,,,not_selected,18.0,2.0729996038617355,complete,0.671610401083792,supported by 1 method(s); unclear
131017,11,64,1,1,0.058823529411764705,17.0,17.0,0.0,unclear,unknown,The available text is too ambiguous for a relevance assessment.,"Frequent references to individuals or groups, often using the term ""person"" in various contexts, indicating discussions about human behavior or roles.",22.44361319184844,0,False,0,,17.0,0.0512045597434043,complete,,,not_selected,,,not_selected,0.6710415953710069,supported by 1 method(s); unclear
104779,11,32,3,1,0.07142857142857142,14.0,14.0,0.0,generic_language,low,"Text indicates a general language or instruction feature, not medical evidence.","Common phrases indicating duration, relationships, or comparisons, often involving prepositions and conjunctions.",19.902983235849614,0,False,0,,,,not_selected,,,not_selected,14.0,0.9425696509082592,complete,0.6709434876078195,supported by 1 method(s); generic language
78668,11,128,1,1,0.05,20.0,20.0,0.0,generic_language,low,"Text indicates a general language or instruction feature, not medical evidence.","Frequent use of terms related to roles or positions, as well as common pronouns and conjunctions that connect ideas.",24.059402528257888,0,False,0,,20.0,0.0674319472312927,complete,,,not_selected,,,not_selected,0.6702970126412895,supported by 1 method(s); generic language
117546,19,256,3,1,0.08333333333333333,12.0,12.0,0.0,unclear,unknown,The available text is too ambiguous for a relevance assessment.,"A variety of phrases and fragments that include diverse contexts, often indicating ongoing actions, references, or specific details, sometimes accompanied by numerical or date-related information.",17.349559362215427,0,False,0,,,,not_selected,,,not_selected,12.0,9.329870458703606,complete,0.6700811301444105,supported by 1 method(s); unclear
11928,11,256,3,1,0.043478260869565216,23.0,23.0,0.0,unclear,unknown,The available text is too ambiguous for a relevance assessment.,"A variety of phrases and clauses that provide context or detail, often including descriptive elements or directives.",25.309789547338863,0,False,0,,,,not_selected,,,not_selected,23.0,0.9024583544334814,complete,0.6700272086062595,supported by 1 method(s); unclear
127820,11,64,1,1,0.14285714285714285,7.0,7.0,0.0,generic_language,low,"Text indicates a general language or instruction feature, not medical evidence.","The presence of various list markers and formatting symbols indicating items or actions, often used in structured or bullet-point formats.",5.3443211821680805,0,False,0,,7.0,0.0740125784277915,complete,,,not_selected,,,not_selected,0.6695787487679832,supported by 1 method(s); generic language
30503,19,128,2,1,0.041666666666666664,24.0,24.0,0.0,generic_language,low,"Text indicates a general language or instruction feature, not medical evidence.","A variety of nouns and gerunds that represent categories, objects, or concepts, often used in lists or descriptions.",25.57473014059923,0,False,0,,,,not_selected,24.0,0.0037695880227245,complete,,,not_selected,0.6695403173696628,supported by 1 method(s); generic language
111045,11,256,1,1,0.05,20.0,20.0,0.0,generic_language,low,"Text indicates a general language or instruction feature, not medical evidence.","A variety of tokens indicating numerical values, specific objects, and grammatical elements, often appearing in lists or as part of structured information.",23.77862304389831,0,False,0,,20.0,0.0809040297269821,complete,,,not_selected,,,not_selected,0.6688931152194916,supported by 1 method(s); generic language
50542,11,32,2,1,0.05555555555555555,18.0,18.0,0.0,generic_language,low,"Text indicates a general language or instruction feature, not medical evidence.","Frequent use of common words and phrases that serve as connectors or modifiers, often appearing in various contexts to enhance meaning or provide emphasis.",22.52975785548746,0,False,0,,,,not_selected,18.0,0.0015551450666687,complete,,,not_selected,0.6682043448329928,supported by 1 method(s); generic language
113544,11,128,2,1,0.05263157894736842,19.0,19.0,0.0,generic_language,low,"Text indicates a general language or instruction feature, not medical evidence.","Frequent use of pronouns and punctuation marks, indicating conversational or informal text structures, often with interruptions or incomplete thoughts.",22.929180398974317,0,False,0,,,,not_selected,19.0,0.0024973664765066,complete,,,not_selected,0.6672774809422399,supported by 1 method(s); generic language
60041,11,128,3,1,0.05,20.0,20.0,0.0,unclear,unknown,The available text is too ambiguous for a relevance assessment.,"A variety of proper nouns, technical terms, and specific categories that denote entities, products, or concepts across different contexts.",23.399529251731668,0,False,0,,,,not_selected,,,not_selected,20.0,0.8711070226738108,complete,0.6669976462586584,supported by 1 method(s); unclear
71960,19,128,3,1,0.047619047619047616,21.0,21.0,0.0,generic_language,low,"Text indicates a general language or instruction feature, not medical evidence.","A variety of tokens indicating specific entities, events, or actions, often accompanied by punctuation or contextual phrases.",23.823948306476712,0,False,0,,,,not_selected,,,not_selected,21.0,1.7227585516858337,complete,0.6667387891514313,supported by 1 method(s); generic language
74043,11,256,3,1,0.05263157894736842,19.0,19.0,0.0,generic_language,low,"Text indicates a general language or instruction feature, not medical evidence.","Phrases and fragments that often include prepositions, conjunctions, or other connecting words, indicating relationships or transitions in thought.",22.716256338714885,0,False,0,,,,not_selected,,,not_selected,19.0,0.9768948783814688,complete,0.6662128606409428,supported by 1 method(s); generic language
39049,15,256,3,1,0.058823529411764705,17.0,17.0,0.0,unclear,unknown,The available text is too ambiguous for a relevance assessment.,"Names, relationships, and specific details about individuals or groups, often presented in a biographical or descriptive context.",21.312954813756317,0,False,0,,,,not_selected,,,not_selected,17.0,3.044263346184004,complete,0.6653883034805463,supported by 1 method(s); unclear
130640,11,64,3,1,0.058823529411764705,17.0,17.0,0.0,unclear,unknown,The available text is too ambiguous for a relevance assessment.,"A focus on specific nouns and phrases related to advertising, roles, and various contexts, often indicating a professional or academic setting.",21.292073002649467,0,False,0,,,,not_selected,,,not_selected,17.0,0.8840450719583115,complete,0.665283894425012,supported by 1 method(s); unclear
21188,11,32,1,1,0.14285714285714285,7.0,7.0,0.0,generic_language,low,"Text indicates a general language or instruction feature, not medical evidence.","The presence of various symbols indicating lists or connections, often followed by additional information or context.",4.440330361847324,0,False,0,,7.0,0.0759066743254661,complete,,,not_selected,,,not_selected,0.6650587946663794,supported by 1 method(s); generic language
68205,11,32,2,1,0.041666666666666664,24.0,24.0,0.0,generic_language,low,"Text indicates a general language or instruction feature, not medical evidence.","Frequent use of punctuation marks and specific phrases indicating sentence structure or context, often followed by additional information or commentary.",24.671894303700213,0,False,0,,,,not_selected,24.0,0.0011219171011391,complete,,,not_selected,0.6650261381851676,supported by 1 method(s); generic language
26782,11,128,2,1,0.0625,16.0,16.0,0.0,generic_language,low,"Text indicates a general language or instruction feature, not medical evidence.",Commonly used function words and phrases that serve to connect ideas or provide emphasis in various contexts.,20.429397544529913,0,False,0,,,,not_selected,16.0,0.0035121342945546,complete,,,not_selected,0.6646469877226495,supported by 1 method(s); generic language
33650,11,32,3,1,0.047619047619047616,21.0,21.0,0.0,unclear,unknown,The available text is too ambiguous for a relevance assessment.,"A variety of tokens indicating relationships, conditions, or attributes, often appearing in complex sentences with multiple clauses.",23.33103732461239,0,False,0,,,,not_selected,,,not_selected,21.0,0.7390975704881076,complete,0.6642742342421096,supported by 1 method(s); unclear
39056,11,64,2,1,0.043478260869565216,23.0,23.0,0.0,generic_language,low,"Text indicates a general language or instruction feature, not medical evidence.","Frequent use of punctuation marks and specific phrases that indicate continuation or emphasis, often found at the end of sentences or clauses.",24.08792366535909,0,False,0,,,,not_selected,23.0,0.0018986178116059,complete,,,not_selected,0.6639178791963607,supported by 1 method(s); generic language
104870,11,64,1,1,0.09090909090909091,11.0,11.0,0.0,unclear,unknown,The available text is too ambiguous for a relevance assessment.,"Phrases that involve the act of describing, often followed by a subject or object, indicating a focus on characterization or explanation.",14.549060171541992,0,False,0,,11.0,0.0588261305689811,complete,,,not_selected,,,not_selected,0.6636543917668009,supported by 1 method(s); unclear
7458,19,32,3,1,0.06666666666666667,15.0,15.0,0.0,unclear,unknown,The available text is too ambiguous for a relevance assessment.,"Text features include various phrases and clauses that provide additional context or detail, often related to financial, legal, or descriptive content, with a tendency to include specific numerical or categorical information.",19.39019821015001,0,False,0,,,,not_selected,,,not_selected,15.0,1.4584774099091742,complete,0.6636176577174167,supported by 1 method(s); unclear
123040,11,32,3,1,0.09090909090909091,11.0,11.0,0.0,generic_language,low,"Text indicates a general language or instruction feature, not medical evidence.","Frequent use of punctuation marks, particularly commas and periods, indicating pauses or separations in sentences, along with various conjunctions and prepositions that connect ideas.",14.436854901003253,0,False,0,,,,not_selected,,,not_selected,11.0,1.1391023180214324,complete,0.6630933654141072,supported by 1 method(s); generic language
30915,19,32,1,1,0.05,20.0,20.0,0.0,generic_language,low,"Text indicates a general language or instruction feature, not medical evidence.","Frequent use of demonstrative pronouns and conjunctions, often indicating relationships or conditions in sentences.",22.535676281143257,0,False,0,,20.0,0.0424140377044677,complete,,,not_selected,,,not_selected,0.6626783814057163,supported by 1 method(s); generic language
28847,19,256,3,1,0.1111111111111111,9.0,9.0,0.0,unclear,unknown,The available text is too ambiguous for a relevance assessment.,"Fragments of text that often include specific details, dates, or descriptions, typically leading into further information or context.",10.18080732621051,0,False,0,,,,not_selected,,,not_selected,9.0,11.3017756795609,complete,0.6620151477421637,supported by 1 method(s); unclear
105186,15,64,3,1,0.04,25.0,25.0,0.0,generic_language,low,"Text indicates a general language or instruction feature, not medical evidence.","Common phrases and structures that include adjectives, nouns, and prepositions, often indicating relationships or characteristics.",23.886029371983053,0,False,0,,,,not_selected,,,not_selected,25.0,1.1756513309428906,complete,0.6594301468599153,supported by 1 method(s); generic language
108113,19,64,3,1,0.04,25.0,25.0,0.0,unclear,unknown,The available text is too ambiguous for a relevance assessment.,"Text features include phrases that indicate shifts in narrative or mood, often involving complex sentence structures and a mix of descriptive and analytical language.",23.844993062552412,0,False,0,,,,not_selected,,,not_selected,25.0,1.333365715254182,complete,0.6592249653127621,supported by 1 method(s); unclear
78279,15,64,3,1,0.043478260869565216,23.0,23.0,0.0,unclear,unknown,The available text is too ambiguous for a relevance assessment.,"A variety of phrases and tokens indicating dates, events, activities, and participation, often accompanied by contextually relevant nouns and verbs.",23.04236713524684,0,False,0,,,,not_selected,,,not_selected,23.0,1.201867567302666,complete,0.6586900965457994,supported by 1 method(s); unclear
13473,15,128,3,1,0.05555555555555555,18.0,18.0,0.0,generic_language,low,"Text indicates a general language or instruction feature, not medical evidence.","Frequent use of specific prepositions, conjunctions, and formatting elements that indicate relationships or attributes in various contexts.",20.13263611421859,0,False,0,,,,not_selected,,,not_selected,18.0,1.2826201483272348,complete,0.6562187361266485,supported by 1 method(s); generic language
129443,15,32,3,1,0.058823529411764705,17.0,17.0,0.0,generic_language,low,"Text indicates a general language or instruction feature, not medical evidence.","Frequent use of short function words and common phrases that serve grammatical purposes, often appearing in conversational or informal contexts.",19.47484095353416,0,False,0,,,,not_selected,,,not_selected,17.0,1.1616364594223731,complete,0.6561977341794355,supported by 1 method(s); generic language
50473,15,64,3,1,0.058823529411764705,17.0,17.0,0.0,unclear,unknown,The available text is too ambiguous for a relevance assessment.,"Numerical values, dates, and specific terms that indicate quantities or identifiers, often accompanied by contextual phrases.",19.417400443983414,0,False,0,,,,not_selected,,,not_selected,17.0,1.4298301812434655,complete,0.6559105316316818,supported by 1 method(s); unclear
125876,15,128,3,1,0.05263157894736842,19.0,19.0,0.0,generic_language,low,"Text indicates a general language or instruction feature, not medical evidence.","Frequent use of conjunctions and articles, often in conjunction with descriptive phrases or clauses, indicating a complex sentence structure.",20.6164853023768,0,False,0,,,,not_selected,,,not_selected,19.0,1.193431047438578,complete,0.6557140054592524,supported by 1 method(s); generic language
52883,11,32,3,1,0.05263157894736842,19.0,19.0,0.0,unclear,unknown,The available text is too ambiguous for a relevance assessment.,"A variety of tokens indicating relationships, attributes, or references, often appearing in technical or descriptive contexts.",20.57908050074004,0,False,0,,,,not_selected,,,not_selected,19.0,0.773410546262415,complete,0.6555269814510686,supported by 1 method(s); unclear
104976,11,64,1,1,0.05555555555555555,18.0,18.0,0.0,generic_language,low,"Text indicates a general language or instruction feature, not medical evidence.","Frequent use of common function words and phrases, often indicating grammatical structure or context, alongside various punctuation marks.",19.633465486064996,0,False,0,,18.0,0.046376347541809,complete,,,not_selected,,,not_selected,0.6537228829858805,supported by 1 method(s); generic language
71516,15,64,3,1,0.041666666666666664,24.0,24.0,0.0,unclear,unknown,The available text is too ambiguous for a relevance assessment.,"Frequent use of specific tokens that indicate position, identity, or reference, often in the context of numbers or personal pronouns.",22.17369272744804,0,False,0,,,,not_selected,,,not_selected,24.0,1.1892171776986409,complete,0.6525351303039069,supported by 1 method(s); unclear
30657,19,64,1,1,0.07692307692307693,13.0,13.0,0.0,generic_language,low,"Text indicates a general language or instruction feature, not medical evidence.","A variety of tokens indicating different grammatical functions, including nouns, verbs, and conjunctions, often appearing in fragmented or incomplete sentences.",15.010541495334191,0,False,0,,13.0,0.0502469129562377,complete,,,not_selected,,,not_selected,0.6519757843997478,supported by 1 method(s); generic language
87018,19,64,1,1,0.0625,16.0,16.0,0.0,unclear,unknown,The available text is too ambiguous for a relevance assessment.,"Dates and numerical references, often related to significant historical events, are highlighted, indicating a focus on temporal context and numerical data.",17.842284213642092,0,False,0,,16.0,0.0421905309557914,complete,,,not_selected,,,not_selected,0.6517114210682105,supported by 1 method(s); unclear
51045,11,32,2,1,0.043478260869565216,23.0,23.0,0.0,unclear,unknown,The available text is too ambiguous for a relevance assessment.,"Nouns that refer to people, objects, or concepts, often indicating relationships, roles, or categories.",21.554338744773645,0,False,0,,,,not_selected,23.0,0.0011241384235346,complete,,,not_selected,0.6512499545934334,supported by 1 method(s); unclear
53690,15,32,3,1,0.041666666666666664,24.0,24.0,0.0,unclear,unknown,The available text is too ambiguous for a relevance assessment.,"A variety of tokens indicating specific entities, quantities, or descriptors, often including proper nouns, comparative forms, and numerical values.",21.88671534213021,0,False,0,,,,not_selected,,,not_selected,24.0,0.7258973348470988,complete,0.6511002433773176,supported by 1 method(s); unclear
38170,11,256,2,1,0.125,8.0,8.0,0.0,generic_language,low,"Text indicates a general language or instruction feature, not medical evidence.","Ellipses and punctuation indicating omitted text or continuation, often used in informal or conversational contexts.",5.11791729609527,0,False,0,,,,not_selected,8.0,0.0056875094841343,complete,,,not_selected,0.6505895864804764,supported by 1 method(s); generic language
32206,15,32,3,1,0.1,10.0,10.0,0.0,generic_language,low,"Text indicates a general language or instruction feature, not medical evidence.","Numerical values, dates, and specific identifiers often followed by punctuation or additional context.",10.077925461480056,0,False,0,,,,not_selected,,,not_selected,10.0,1.353204636042865,complete,0.6503896273074002,supported by 1 method(s); generic language
40797,11,64,1,1,0.041666666666666664,24.0,24.0,0.0,generic_language,low,"Text indicates a general language or instruction feature, not medical evidence.","Frequent use of the phrase ""type of"" and the definite article ""the"" in various contexts, indicating classification or specification.",21.7412983841485,0,False,0,,24.0,0.0348217146992683,complete,,,not_selected,,,not_selected,0.6503731585874091,supported by 1 method(s); generic language
102359,19,32,3,1,0.07692307692307693,13.0,13.0,0.0,generic_language,low,"Text indicates a general language or instruction feature, not medical evidence.","Common patterns include the presence of specific suffixes or endings in words, often indicating a particular grammatical form or category, such as nouns, adjectives, or verbs.",14.59744236423648,0,False,0,,,,not_selected,,,not_selected,13.0,1.5026110412310507,complete,0.6499102887442593,supported by 1 method(s); generic language
76991,11,64,3,1,0.07692307692307693,13.0,13.0,0.0,unclear,unknown,The available text is too ambiguous for a relevance assessment.,"A variety of tokens indicating names, locations, and specific details, often appearing in contexts related to sports, personal experiences, and academic references.",14.49335576038803,0,False,0,,,,not_selected,,,not_selected,13.0,0.998394721151333,complete,0.6493898557250171,supported by 1 method(s); unclear
20072,15,128,1,1,0.125,8.0,8.0,0.0,generic_language,low,"Text indicates a general language or instruction feature, not medical evidence.","The presence of various tokens indicating incomplete phrases, potential dialogue, or references to specific items, often accompanied by punctuation or formatting cues.",4.762956282646099,0,False,0,,8.0,0.079370804131031,complete,,,not_selected,,,not_selected,0.6488147814132305,supported by 1 method(s); generic language
12657,11,256,1,1,0.043478260869565216,23.0,23.0,0.0,generic_language,low,"Text indicates a general language or instruction feature, not medical evidence.","Frequent references to value, often in the context of assessment or comparison, with a notable emphasis on definite articles and phrases indicating measurement.",20.92379668174655,0,False,0,,23.0,0.0762539974451065,complete,,,not_selected,,,not_selected,0.648097244278298,supported by 1 method(s); generic language
119052,11,256,3,1,0.125,8.0,8.0,0.0,unclear,unknown,The available text is too ambiguous for a relevance assessment.,"Text features include a variety of languages and formats, often containing dates, references to social media, and mixed-language phrases, indicating a multilingual context.",4.576034143713253,0,False,0,,,,not_selected,,,not_selected,8.0,1.4586121275483537,complete,0.6478801707185663,supported by 1 method(s); unclear
120958,11,128,3,1,0.14285714285714285,7.0,7.0,0.0,unclear,unknown,The available text is too ambiguous for a relevance assessment.,"Text features include various languages and references to dates, often accompanied by specific phrases or terms, indicating a multilingual context and diverse topics.",0.9149542823513668,0,False,0,,,,not_selected,,,not_selected,7.0,1.572149744347883,complete,0.6474319142688997,supported by 1 method(s); unclear
122992,19,128,2,1,0.043478260869565216,23.0,23.0,0.0,unclear,unknown,The available text is too ambiguous for a relevance assessment.,"A variety of nouns and verbs indicating assistance, processes, and descriptions of items, often accompanied by specific contexts or qualifiers.",20.75841360453232,0,False,0,,,,not_selected,23.0,0.0038087610067895,complete,,,not_selected,0.6472703288922268,supported by 1 method(s); unclear
106813,15,128,3,1,0.1,10.0,10.0,0.0,generic_language,low,"Text indicates a general language or instruction feature, not medical evidence.","Commonly used prepositions, conjunctions, and articles that serve as functional components in sentences, often linking ideas or providing context.",9.37040950840582,0,False,0,,,,not_selected,,,not_selected,10.0,1.666472613369054,complete,0.6468520475420291,supported by 1 method(s); generic language
117036,11,256,3,1,0.05,20.0,20.0,0.0,generic_language,low,"Text indicates a general language or instruction feature, not medical evidence.","Phrases that include a mix of common nouns, adjectives, and conjunctions, often forming complex or descriptive structures.",19.32679023127006,0,False,0,,,,not_selected,,,not_selected,20.0,0.9501880635781496,complete,0.6466339511563504,supported by 1 method(s); generic language
78230,11,256,1,1,0.08333333333333333,12.0,12.0,0.0,unclear,unknown,The available text is too ambiguous for a relevance assessment.,"Frequent references to various types of groups, often indicating collective entities or communities, sometimes accompanied by descriptors that specify their function or characteristics.",12.641459470620829,0,False,0,,12.0,0.0863260703086853,complete,,,not_selected,,,not_selected,0.6465406306864375,supported by 1 method(s); unclear
96246,11,128,3,1,0.058823529411764705,17.0,17.0,0.0,unclear,unknown,The available text is too ambiguous for a relevance assessment.,"Tokens indicating numerical values, abbreviations, or specific identifiers, often appearing in various contexts such as dates, measurements, or references.",17.514717254612382,0,False,0,,,,not_selected,,,not_selected,17.0,0.9413291663944068,complete,0.6463971156848266,supported by 1 method(s); unclear
45904,15,256,3,1,0.1111111111111111,9.0,9.0,0.0,unclear,unknown,The available text is too ambiguous for a relevance assessment.,"A variety of tokens that include numbers, measurements, and specific descriptors, often indicating quantities or characteristics.",6.838259859465618,0,False,0,,,,not_selected,,,not_selected,9.0,7.74294710533194,complete,0.6453024104084393,supported by 1 method(s); unclear
41884,11,64,3,1,0.043478260869565216,23.0,23.0,0.0,generic_language,low,"Text indicates a general language or instruction feature, not medical evidence.","Frequent use of conjunctions, articles, and nouns, often indicating relationships or categories within sentences.",20.361117314268732,0,False,0,,,,not_selected,,,not_selected,23.0,0.76205396158684,complete,0.6452838474409088,supported by 1 method(s); generic language
120958,11,64,3,1,0.125,8.0,8.0,0.0,unclear,unknown,The available text is too ambiguous for a relevance assessment.,"Presence of mixed language elements, including foreign words, phrases, and symbols, often indicating multilingual contexts or specific cultural references.",4.011118542238315,0,False,0,,,,not_selected,,,not_selected,8.0,1.5266403493367746,complete,0.6450555927111916,supported by 1 method(s); unclear
13068,15,64,1,1,0.04,25.0,25.0,0.0,generic_language,low,"Text indicates a general language or instruction feature, not medical evidence.","Frequent use of common articles, conjunctions, and prepositions, often indicating relationships between nouns and actions in various contexts.",21.007924852806006,0,False,0,,25.0,0.0249004998207092,complete,,,not_selected,,,not_selected,0.64503962426403,supported by 1 method(s); generic language
128240,15,64,3,1,0.1,10.0,10.0,0.0,unclear,unknown,The available text is too ambiguous for a relevance assessment.,"A variety of alphanumeric tokens, including numbers, abbreviations, and specific terms, often indicating measurements, rankings, or references to dates and entities.",8.844318418718903,0,False,0,,,,not_selected,,,not_selected,10.0,2.100601864708573,complete,0.6442215920935945,supported by 1 method(s); unclear
2474,11,256,2,1,0.04,25.0,25.0,0.0,generic_language,low,"Text indicates a general language or instruction feature, not medical evidence.","A variety of phrases and terms that include punctuation, specific nouns, and references to various subjects, often indicating a broader context or detail.",20.753063280830656,0,False,0,,,,not_selected,25.0,0.0015072658867903,complete,,,not_selected,0.6437653164041534,supported by 1 method(s); generic language
57690,11,256,3,1,0.14285714285714285,7.0,7.0,0.0,unclear,unknown,The available text is too ambiguous for a relevance assessment.,"Sequences of years, dates, and associated identifiers, often related to events or outcomes.",0.0601525786829861,0,False,0,,,,not_selected,,,not_selected,7.0,1.59743638305345,complete,0.6431579057505578,supported by 1 method(s); unclear
87010,11,64,1,1,0.07142857142857142,14.0,14.0,0.0,unclear,unknown,The available text is too ambiguous for a relevance assessment.,"Frequent references to the number two, often in various contexts, indicating quantity or comparison.",14.304500211371415,0,False,0,,14.0,0.0551514552235603,complete,,,not_selected,,,not_selected,0.6429510724854285,supported by 1 method(s); unclear
2722,11,64,2,1,0.0625,16.0,16.0,0.0,unclear,unknown,The available text is too ambiguous for a relevance assessment.,"Frequent references to specific publications, dates, and tools, often indicating a context of digital media or technology.",16.034566633202544,0,False,0,,,,not_selected,16.0,0.0027436134121227,complete,,,not_selected,0.6426728331660128,supported by 1 method(s); unclear
5808,19,64,3,1,0.1111111111111111,9.0,9.0,0.0,generic_language,low,"Text indicates a general language or instruction feature, not medical evidence.","Text features include phrases that introduce lists or descriptions, often followed by additional context or elaboration.",6.222255834930966,0,False,0,,,,not_selected,,,not_selected,9.0,2.521693470661265,complete,0.642222390285766,supported by 1 method(s); generic language
68379,15,128,1,1,0.05,20.0,20.0,0.0,generic_language,low,"Text indicates a general language or instruction feature, not medical evidence.","Frequent use of common articles, conjunctions, and auxiliary verbs, indicating a focus on grammatical structure and sentence flow.",18.01844614330012,0,False,0,,20.0,0.055260940015316,complete,,,not_selected,,,not_selected,0.6400922307165007,supported by 1 method(s); generic language
60661,19,256,3,1,0.07142857142857142,14.0,14.0,0.0,unclear,unknown,The available text is too ambiguous for a relevance assessment.,"Text features include a variety of topics and contexts, often introducing specific subjects or events, with a tendency to include quotations or references to external sources.",13.73191549761546,0,False,0,,,,not_selected,,,not_selected,14.0,8.73740280318871,complete,0.6400881489166487,supported by 1 method(s); unclear
47428,19,256,3,1,0.043478260869565216,23.0,23.0,0.0,unclear,unknown,The available text is too ambiguous for a relevance assessment.,"Text features include specific criteria, measurements, and descriptions, often related to comparisons, specifications, or statistical data.",19.30235886308796,0,False,0,,,,not_selected,,,not_selected,23.0,5.903708895550183,complete,0.639990055185005,supported by 1 method(s); unclear
55713,11,128,1,1,0.1111111111111111,9.0,9.0,0.0,unclear,unknown,The available text is too ambiguous for a relevance assessment.,"Frequent references to various types of networks, particularly in the context of technology and social media, often accompanied by specific names or descriptors.",5.730584652759131,0,False,0,,9.0,0.0948165757656097,complete,,,not_selected,,,not_selected,0.6397640343749068,supported by 1 method(s); unclear
26166,19,128,1,1,0.047619047619047616,21.0,21.0,0.0,unclear,unknown,The available text is too ambiguous for a relevance assessment.,"Frequent use of transitional phrases and contextually relevant information that connects ideas, often indicating ongoing discussions or trends.",18.37283888151452,0,False,0,,21.0,0.0234139231443405,complete,,,not_selected,,,not_selected,0.6394832420266203,supported by 1 method(s); unclear
129071,15,256,1,1,0.09090909090909091,11.0,11.0,0.0,generic_language,low,"Text indicates a general language or instruction feature, not medical evidence.","Frequent use of common articles, pronouns, and verbs, indicating a focus on basic sentence structure and function words.",9.648921995360263,0,False,0,,11.0,0.0869641309380531,complete,,,not_selected,,,not_selected,0.6391537008858923,supported by 1 method(s); generic language
2722,11,128,2,1,0.125,8.0,8.0,0.0,generic_language,low,"Text indicates a general language or instruction feature, not medical evidence.","Text features include references to dates, sources, and specific content types, often formatted with special characters or punctuation.",2.741798855749157,0,False,0,,,,not_selected,8.0,0.0057828089161098,complete,,,not_selected,0.6387089942787458,supported by 1 method(s); generic language
107613,19,64,3,1,0.05263157894736842,19.0,19.0,0.0,generic_language,low,"Text indicates a general language or instruction feature, not medical evidence.","Prepositions and conjunctions that indicate relationships or connections between concepts, often linking nouns or phrases.",17.005016296406936,0,False,0,,,,not_selected,,,not_selected,19.0,1.5354400810245687,complete,0.637656660429403,supported by 1 method(s); generic language
32527,15,128,3,1,0.058823529411764705,17.0,17.0,0.0,unclear,unknown,The available text is too ambiguous for a relevance assessment.,"A variety of phrases and fragments that include proper nouns, dates, and informal expressions, often indicating dialogue or specific contexts.",15.754473925713356,0,False,0,,,,not_selected,,,not_selected,17.0,1.296663760291427,complete,0.6375958990403315,supported by 1 method(s); unclear
74179,15,128,1,1,0.05263157894736842,19.0,19.0,0.0,generic_language,low,"Text indicates a general language or instruction feature, not medical evidence.","A variety of tokens indicating punctuation, conjunctions, and common phrases that contribute to sentence structure and flow.",16.98821542934201,0,False,0,,19.0,0.0561704629063606,complete,,,not_selected,,,not_selected,0.6375726560940784,supported by 1 method(s); generic language
115848,19,256,3,1,0.06666666666666667,15.0,15.0,0.0,generic_language,low,"Text indicates a general language or instruction feature, not medical evidence.","Lists or descriptions of items, features, or concepts, often including technical or specific terminology.",14.145740394987907,0,False,0,,,,not_selected,,,not_selected,15.0,8.33091328247517,complete,0.6373953686416062,supported by 1 method(s); generic language
48626,15,64,1,1,0.05,20.0,20.0,0.0,generic_language,low,"Text indicates a general language or instruction feature, not medical evidence.","Frequent use of common function words and punctuation, indicating a mix of conversational and formal text structures.",17.324070238600648,0,False,0,,20.0,0.0337006002664566,complete,,,not_selected,,,not_selected,0.6366203511930033,supported by 1 method(s); generic language
53213,19,64,3,1,0.0625,16.0,16.0,0.0,unclear,unknown,The available text is too ambiguous for a relevance assessment.,"Phrases indicating travel, accommodation, and local experiences, often highlighting activities and amenities.",14.792425171786162,0,False,0,,,,not_selected,,,not_selected,16.0,1.6296281813578148,complete,0.6364621258589308,supported by 1 method(s); unclear
42079,11,256,3,1,0.047619047619047616,21.0,21.0,0.0,unclear,unknown,The available text is too ambiguous for a relevance assessment.,"A variety of nouns and phrases indicating specific items, activities, or concepts, often related to leisure, industry, or caution.",17.7032408736967,0,False,0,,,,not_selected,,,not_selected,21.0,0.9477701142266728,complete,0.6361352519875312,supported by 1 method(s); unclear
26277,11,64,1,1,0.047619047619047616,21.0,21.0,0.0,generic_language,low,"Text indicates a general language or instruction feature, not medical evidence.","Commonly used auxiliary verbs, conjunctions, and punctuation that indicate relationships between clauses or provide clarification.",17.40619940523048,0,False,0,,21.0,0.0409310644865036,complete,,,not_selected,,,not_selected,0.6346500446452001,supported by 1 method(s); generic language
43505,19,256,3,1,0.05,20.0,20.0,0.0,unclear,unknown,The available text is too ambiguous for a relevance assessment.,"Text features include a variety of topics and contexts, often introducing quotes, references, or statements, with a focus on specific subjects or events.",16.809903820121605,0,False,0,,,,not_selected,,,not_selected,20.0,6.689220342720858,complete,0.634049519100608,supported by 1 method(s); unclear
115727,11,256,2,1,0.05263157894736842,19.0,19.0,0.0,unclear,unknown,The available text is too ambiguous for a relevance assessment.,"Text features include phrases that often contain specific dates, references to media, and structured information, indicating a focus on factual content and data presentation.",16.274940265591393,0,False,0,,,,not_selected,19.0,0.0018770830452162,complete,,,not_selected,0.6340062802753254,supported by 1 method(s); unclear
26596,11,128,1,1,0.05555555555555555,18.0,18.0,0.0,generic_language,low,"Text indicates a general language or instruction feature, not medical evidence.","Frequent use of common function words and phrases, including articles, conjunctions, and pronouns, indicating their role in sentence structure and coherence.",15.595986999495937,0,False,0,,18.0,0.0725998604297638,complete,,,not_selected,,,not_selected,0.6335354905530353,supported by 1 method(s); generic language
87603,11,32,3,1,0.07692307692307693,13.0,13.0,0.0,unclear,unknown,The available text is too ambiguous for a relevance assessment.,"A variety of proper nouns, specific terms, and phrases that denote locations, titles, or specific items, often accompanied by additional context or descriptors.",11.285863808411944,0,False,0,,,,not_selected,,,not_selected,13.0,0.9470830746863566,complete,0.6333523959651366,supported by 1 method(s); unclear
64283,11,128,3,1,0.045454545454545456,22.0,22.0,0.0,unclear,unknown,The available text is too ambiguous for a relevance assessment.,"A variety of phrases and terms that include specific nouns, brand names, and references to products or services, often accompanied by numerical or descriptive elements.",17.378523374352763,0,False,0,,,,not_selected,,,not_selected,22.0,0.7825498031560376,complete,0.6323471623263093,supported by 1 method(s); unclear
100020,11,256,1,1,0.1111111111111111,9.0,9.0,0.0,unclear,unknown,The available text is too ambiguous for a relevance assessment.,"Nouns and phrases that refer to physical or conceptual tables, often used in various contexts such as discussions, data presentation, or furniture.",4.2456367872931,0,False,0,,9.0,0.1009469903707504,complete,,,not_selected,,,not_selected,0.6323392950475767,supported by 1 method(s); unclear
25913,11,256,1,1,0.06666666666666667,15.0,15.0,0.0,generic_language,low,"Text indicates a general language or instruction feature, not medical evidence.","Frequent use of common function words and phrases, including articles, conjunctions, and prepositions, indicating structural elements of sentences.",13.131230739121024,0,False,0,,15.0,0.0841813628673553,complete,,,not_selected,,,not_selected,0.6323228203622717,supported by 1 method(s); generic language
59098,15,128,1,1,0.041666666666666664,24.0,24.0,0.0,generic_language,low,"Text indicates a general language or instruction feature, not medical evidence.","A variety of phrases and tokens that include nouns, verbs, and adjectives, often indicating actions, objects, or states, with some instances of punctuation and formatting elements.",17.71392683464214,0,False,0,,24.0,0.0505177899599075,complete,,,not_selected,,,not_selected,0.6302363008398774,supported by 1 method(s); generic language
39311,11,256,1,1,0.125,8.0,8.0,0.0,generic_language,low,"Text indicates a general language or instruction feature, not medical evidence.","Frequent use of common articles, conjunctions, and pronouns, indicating a focus on grammatical structure rather than content-specific vocabulary.",0.9763576394289768,0,False,0,,8.0,0.1075299879312515,complete,,,not_selected,,,not_selected,0.6298817881971449,supported by 1 method(s); generic language
57459,19,64,2,1,0.1,10.0,10.0,0.0,unclear,unknown,The available text is too ambiguous for a relevance assessment.,"Text features include a variety of phrases and clauses that often introduce additional information or context, frequently appearing at the beginning of sentences or as part of quotations.",5.689416397764346,0,False,0,,,,not_selected,10.0,0.0058325081364089,complete,,,not_selected,0.6284470819888217,supported by 1 method(s); unclear
103116,15,256,1,1,0.041666666666666664,24.0,24.0,0.0,generic_language,low,"Text indicates a general language or instruction feature, not medical evidence.","Frequent use of common function words and phrases, including conjunctions, articles, and auxiliary verbs, indicating structural elements of sentences.",17.20281187970129,0,False,0,,24.0,0.0693884770870208,complete,,,not_selected,,,not_selected,0.6276807260651731,supported by 1 method(s); generic language
749,15,256,2,1,0.05263157894736842,19.0,19.0,0.0,generic_language,low,"Text indicates a general language or instruction feature, not medical evidence.","Frequent use of phrases and tokens that indicate context, such as time periods, roles, and relationships, often accompanied by punctuation or formatting markers.",14.96967678072406,0,False,0,,,,not_selected,19.0,0.0033102991155615,complete,,,not_selected,0.6274799628509886,supported by 1 method(s); generic language
60324,15,64,1,1,0.047619047619047616,21.0,21.0,0.0,generic_language,low,"Text indicates a general language or instruction feature, not medical evidence.","Frequent use of common pronouns, conjunctions, and auxiliary verbs, indicating a focus on sentence structure and grammatical elements.",15.88019978062511,0,False,0,,21.0,0.0315355014204978,complete,,,not_selected,,,not_selected,0.6270200465221732,supported by 1 method(s); generic language
98250,19,32,3,1,0.058823529411764705,17.0,17.0,0.0,unclear,unknown,The available text is too ambiguous for a relevance assessment.,"A variety of nouns representing entities, objects, or concepts, often related to specific contexts or activities.",13.595146639931228,0,False,0,,,,not_selected,,,not_selected,17.0,1.420464829456351,complete,0.6267992626114208,supported by 1 method(s); unclear
119153,11,32,3,1,0.08333333333333333,12.0,12.0,0.0,unclear,unknown,The available text is too ambiguous for a relevance assessment.,"Common patterns include the presence of abbreviations, specific terms, and tokens that indicate references or citations, often appearing in technical or formal contexts.",8.662379792289489,0,False,0,,,,not_selected,,,not_selected,12.0,1.013687189623628,complete,0.6266452322947809,supported by 1 method(s); unclear
53640,11,256,1,1,0.05555555555555555,18.0,18.0,0.0,generic_language,low,"Text indicates a general language or instruction feature, not medical evidence.","A variety of tokens indicating different grammatical functions, including verbs, nouns, and phrases, often appearing in contexts related to communication, description, or action.",14.1966239412374,0,False,0,,18.0,0.0817285863757133,complete,,,not_selected,,,not_selected,0.6265386752617426,supported by 1 method(s); generic language
2379,15,256,1,1,0.07142857142857142,14.0,14.0,0.0,generic_language,low,"Text indicates a general language or instruction feature, not medical evidence.","Frequent use of short function words, including articles, conjunctions, and auxiliary verbs, indicating structural elements of sentences.",11.014816112738604,0,False,0,,14.0,0.0824684485197067,complete,,,not_selected,,,not_selected,0.6265026519922644,supported by 1 method(s); generic language
907,11,128,1,1,0.08333333333333333,12.0,12.0,0.0,unclear,unknown,The available text is too ambiguous for a relevance assessment.,"Frequent references to components and elements, often in technical or product-related contexts, indicating their importance in discussions about functionality and assembly.",8.601975714214142,0,False,0,,12.0,0.0847813310027122,complete,,,not_selected,,,not_selected,0.6263432119044041,supported by 1 method(s); unclear
25910,15,128,2,1,0.06666666666666667,15.0,15.0,0.0,unclear,unknown,The available text is too ambiguous for a relevance assessment.,"Text features include various phrases and clauses that often introduce quotations or references, indicating dialogue or commentary.",11.91445053273355,0,False,0,,,,not_selected,15.0,0.0027562158768165,complete,,,not_selected,0.6262389193303344,supported by 1 method(s); unclear
57801,19,64,1,1,0.06666666666666667,15.0,15.0,0.0,generic_language,low,"Text indicates a general language or instruction feature, not medical evidence.","The examples contain a mix of incomplete phrases, punctuation, and various grammatical structures, indicating a focus on conversational fragments and technical references.",11.844253214636897,0,False,0,,15.0,0.0478880257606506,complete,,,not_selected,,,not_selected,0.6258879327398511,supported by 1 method(s); generic language
24137,19,64,3,1,0.08333333333333333,12.0,12.0,0.0,generic_language,low,"Text indicates a general language or instruction feature, not medical evidence.","A variety of tokens indicating time, web-related content, and references to external sources, often accompanied by punctuation or formatting elements.",8.446072571161686,0,False,0,,,,not_selected,,,not_selected,12.0,2.16979364055149,complete,0.6255636961891418,supported by 1 method(s); generic language
104010,11,256,3,1,0.045454545454545456,22.0,22.0,0.0,generic_language,low,"Text indicates a general language or instruction feature, not medical evidence.","A variety of proper nouns, phrases, and terms that indicate specific entities, locations, or concepts, often appearing in lists or as part of larger statements.",16.01704654440457,0,False,0,,,,not_selected,,,not_selected,22.0,0.9113461452071354,complete,0.6255397781765683,supported by 1 method(s); generic language
113605,15,128,1,1,0.09090909090909091,11.0,11.0,0.0,unclear,unknown,The available text is too ambiguous for a relevance assessment.,"Frequent references to various types of prices, often in economic or market contexts, indicating discussions around costs and financial implications.",6.525311046721873,0,False,0,,11.0,0.0654474238753318,complete,,,not_selected,,,not_selected,0.6235356461427003,supported by 1 method(s); unclear
57133,15,64,1,1,0.08333333333333333,12.0,12.0,0.0,generic_language,low,"Text indicates a general language or instruction feature, not medical evidence.","A variety of tokens indicating different grammatical functions, including pronouns, conjunctions, and nouns, often appearing in conversational or informal contexts.",7.934377583465337,0,False,0,,12.0,0.0610403812527656,complete,,,not_selected,,,not_selected,0.62300522125066,supported by 1 method(s); generic language
55272,19,256,3,1,0.1,10.0,10.0,0.0,unclear,unknown,The available text is too ambiguous for a relevance assessment.,"Text features include fragments or incomplete sentences, often indicating a transition or continuation of thought, with a focus on various subjects and contexts.",4.447032512791046,0,False,0,,,,not_selected,,,not_selected,10.0,11.261655857945636,complete,0.6222351625639552,supported by 1 method(s); unclear
63495,15,256,3,1,0.06666666666666667,15.0,15.0,0.0,unclear,unknown,The available text is too ambiguous for a relevance assessment.,"Text features include specific names, locations, and numerical data, often indicating formal or technical contexts.",11.088701632659342,0,False,0,,,,not_selected,,,not_selected,15.0,3.16705569213931,complete,0.6221101748299633,supported by 1 method(s); unclear
11717,15,256,2,1,0.05,20.0,20.0,0.0,unclear,unknown,The available text is too ambiguous for a relevance assessment.,"Text features include titles, descriptions, and specifications often related to products or concepts, frequently accompanied by additional context or details.",14.169389386286731,0,False,0,,,,not_selected,20.0,0.0032621999861488,complete,,,not_selected,0.6208469469314337,supported by 1 method(s); unclear
41407,11,128,2,1,0.05555555555555555,18.0,18.0,0.0,generic_language,low,"Text indicates a general language or instruction feature, not medical evidence.","A variety of tokens indicating names, abbreviations, and punctuation, often appearing in informal or fragmented contexts.",12.999575716329812,0,False,0,,,,not_selected,18.0,0.0028228738778074,complete,,,not_selected,0.6205534341372047,supported by 1 method(s); generic language
22633,11,256,3,1,0.08333333333333333,12.0,12.0,0.0,unclear,unknown,The available text is too ambiguous for a relevance assessment.,"Fragments of text that often include proper nouns, specific terms, or phrases, frequently followed by additional context or commentary.",7.168871633508746,0,False,0,,,,not_selected,,,not_selected,12.0,1.2345721502548352,complete,0.6191776915008771,supported by 1 method(s); unclear
28305,15,256,3,1,0.07692307692307693,13.0,13.0,0.0,unclear,unknown,The available text is too ambiguous for a relevance assessment.,"Text features include specific names, titles, and phrases that indicate topics, locations, or subjects of discussion, often followed by additional context or commentary.",8.07168999548248,0,False,0,,,,not_selected,,,not_selected,13.0,3.743479645844224,complete,0.6172815269004893,supported by 1 method(s); unclear
30915,19,64,1,1,0.041666666666666664,24.0,24.0,0.0,generic_language,low,"Text indicates a general language or instruction feature, not medical evidence.","Frequent use of common articles, pronouns, and comparative forms, indicating a focus on grammatical structure and sentence completion.",15.021704333472114,0,False,0,,24.0,0.031044932603836,complete,,,not_selected,,,not_selected,0.6167751883340272,supported by 1 method(s); generic language
25371,19,64,1,1,0.05263157894736842,19.0,19.0,0.0,generic_language,low,"Text indicates a general language or instruction feature, not medical evidence.","The presence of capital letters and specific sequences indicating acronyms, names, or significant terms, often followed by punctuation or special characters.",12.747835148422022,0,False,0,,19.0,0.0416358835697174,complete,,,not_selected,,,not_selected,0.6163707546894784,supported by 1 method(s); generic language
57459,19,32,2,1,0.07142857142857142,14.0,14.0,0.0,unclear,unknown,The available text is too ambiguous for a relevance assessment.,"Frequent use of phrases and clauses that introduce additional information or context, often in a formal or literary style.",8.565834910405128,0,False,0,,,,not_selected,14.0,0.0058549159849193,complete,,,not_selected,0.614257745980597,supported by 1 method(s); unclear
31204,19,64,1,1,0.1,10.0,10.0,0.0,generic_language,low,"Text indicates a general language or instruction feature, not medical evidence.","Punctuation and formatting elements indicating transitions, quotations, or separations in text, often used in lists or citations.",2.8303431017528093,0,False,0,,10.0,0.0624518313407897,complete,,,not_selected,,,not_selected,0.614151715508764,supported by 1 method(s); generic language
128202,15,256,1,1,0.058823529411764705,17.0,17.0,0.0,generic_language,low,"Text indicates a general language or instruction feature, not medical evidence.","Frequent use of common function words and punctuation marks, indicating sentence structure and flow.",11.04078800375173,0,False,0,,17.0,0.0740703970789909,complete,,,not_selected,,,not_selected,0.6140274694305233,supported by 1 method(s); generic language
109451,19,128,3,1,0.045454545454545456,22.0,22.0,0.0,generic_language,low,"Text indicates a general language or instruction feature, not medical evidence.","Text features include a variety of phrases and sentences that often contain proper nouns, dates, and specific terms, frequently followed by punctuation or quotation marks, indicating a mix of formal and informal contexts.",13.57935368663071,0,False,0,,,,not_selected,,,not_selected,22.0,1.7069001057730004,complete,0.6133513138876989,supported by 1 method(s); generic language
57487,11,128,3,1,0.08333333333333333,12.0,12.0,0.0,unclear,unknown,The available text is too ambiguous for a relevance assessment.,"Phrases that introduce specific subjects or objects, often leading into further descriptive or explanatory content.",5.702895925479812,0,False,0,,,,not_selected,,,not_selected,12.0,1.0211634315375064,complete,0.6118478129607324,supported by 1 method(s); unclear
75836,19,128,2,1,0.1111111111111111,9.0,9.0,0.0,unclear,unknown,The available text is too ambiguous for a relevance assessment.,"The presence of a period at the end of phrases, indicating the conclusion of statements or thoughts.",0.130313670328286,0,False,0,,,,not_selected,9.0,0.0089435812453149,complete,,,not_selected,0.6117626794627526,supported by 1 method(s); unclear
13169,11,32,3,1,0.045454545454545456,22.0,22.0,0.0,generic_language,low,"Text indicates a general language or instruction feature, not medical evidence.","Commonly used function words and nouns that serve various grammatical roles, including articles, prepositions, and specific identifiers.",13.242945701153412,0,False,0,,,,not_selected,,,not_selected,22.0,0.734900904175379,complete,0.6116692739603125,supported by 1 method(s); generic language
103579,19,64,3,1,0.07142857142857142,14.0,14.0,0.0,generic_language,low,"Text indicates a general language or instruction feature, not medical evidence.","A variety of tokens indicating grammatical functions, including prepositions, articles, and conjunctions, often appearing in contexts related to information presentation or narrative structure.",8.025014219739791,0,False,0,,,,not_selected,,,not_selected,14.0,1.6696014930737062,complete,0.6115536425272704,supported by 1 method(s); generic language
60524,15,64,1,1,0.058823529411764705,17.0,17.0,0.0,generic_language,low,"Text indicates a general language or instruction feature, not medical evidence.","Presence of capital letters and specific formatting indicating acronyms, initials, or emphasis within various contexts.",10.251406151404044,0,False,0,,17.0,0.0387852798700332,complete,,,not_selected,,,not_selected,0.610080560168785,supported by 1 method(s); generic language
125876,15,64,3,1,0.047619047619047616,21.0,21.0,0.0,generic_language,low,"Text indicates a general language or instruction feature, not medical evidence.","Frequent use of conjunctions and prepositions, often leading into descriptive phrases or clauses that elaborate on the main subject.",12.488850729670022,0,False,0,,,,not_selected,,,not_selected,21.0,1.3567016792995297,complete,0.6100633012673978,supported by 1 method(s); generic language
25468,15,128,3,1,0.04,25.0,25.0,0.0,unclear,unknown,The available text is too ambiguous for a relevance assessment.,"A variety of nouns and phrases indicating specific items, conditions, or actions, often used in technical or descriptive contexts.",13.926840290294034,0,False,0,,,,not_selected,,,not_selected,25.0,1.1013038104825537,complete,0.6096342014514702,supported by 1 method(s); unclear
105348,11,64,1,1,0.1,10.0,10.0,0.0,unclear,unknown,The available text is too ambiguous for a relevance assessment.,"Frequent references to various types of products, often highlighting their qualities or roles in marketing and consumer contexts.",1.8452750973866885,0,False,0,,10.0,0.066114378452301,complete,,,not_selected,,,not_selected,0.6092263754869334,supported by 1 method(s); unclear
61990,15,64,3,1,0.06666666666666667,15.0,15.0,0.0,unclear,unknown,The available text is too ambiguous for a relevance assessment.,"A variety of tokens indicating numerical values, relationships, and actions, often associated with specific contexts or subjects.",8.491984449777027,0,False,0,,,,not_selected,,,not_selected,15.0,1.691908671752483,complete,0.6091265889155518,supported by 1 method(s); unclear
120958,15,128,3,1,0.09090909090909091,11.0,11.0,0.0,unclear,unknown,The available text is too ambiguous for a relevance assessment.,"Text features include various languages and references to specific events, organizations, or platforms, often accompanied by dates or contextual phrases.",3.638395959279332,0,False,0,,,,not_selected,,,not_selected,11.0,1.6409917341871407,complete,0.6091010707054876,supported by 1 method(s); unclear
122518,15,256,3,1,0.047619047619047616,21.0,21.0,0.0,unclear,unknown,The available text is too ambiguous for a relevance assessment.,"Frequent use of common phrases and connectors that indicate relationships, intentions, or conditions within sentences.",12.158350044046005,0,False,0,,,,not_selected,,,not_selected,21.0,2.637069352783586,complete,0.6084107978392777,supported by 1 method(s); unclear
3621,19,128,3,1,0.05263157894736842,19.0,19.0,0.0,generic_language,low,"Text indicates a general language or instruction feature, not medical evidence.","Numerical values, dates, and specific tokens indicating quantities or rankings, often accompanied by punctuation.",11.013151161806348,0,False,0,,,,not_selected,,,not_selected,19.0,2.0560692874411917,complete,0.6076973347564001,supported by 1 method(s); generic language
120958,15,64,3,1,0.09090909090909091,11.0,11.0,0.0,unclear,unknown,The available text is too ambiguous for a relevance assessment.,"Text features include a mix of non-English phrases, URLs, and various languages, often with embedded tokens indicating specific content or context.",3.293719039931803,0,False,0,,,,not_selected,,,not_selected,11.0,2.027570814819655,complete,0.60737768610875,supported by 1 method(s); unclear
126517,11,256,2,1,0.07142857142857142,14.0,14.0,0.0,unclear,unknown,The available text is too ambiguous for a relevance assessment.,"The presence of specific tokens that indicate emphasis or quotation, often marking the end of a thought or sentence.",6.601052004702392,0,False,0,,,,not_selected,14.0,0.0032491476882791,complete,,,not_selected,0.6044338314520834,supported by 1 method(s); unclear
90461,19,64,1,1,0.07142857142857142,14.0,14.0,0.0,generic_language,low,"Text indicates a general language or instruction feature, not medical evidence.","Numerical values and monetary amounts, often accompanied by symbols or punctuation, indicating quantities or financial figures.",6.49099416896609,0,False,0,,14.0,0.049912031173706,complete,,,not_selected,,,not_selected,0.6038835422734018,supported by 1 method(s); generic language
129434,19,256,2,1,0.047619047619047616,21.0,21.0,0.0,generic_language,low,"Text indicates a general language or instruction feature, not medical evidence.","A variety of phrases and clauses that include prepositions, conjunctions, and other grammatical elements, often indicating relationships or actions within a sentence.",11.20188158126886,0,False,0,,,,not_selected,21.0,0.0099164544136871,complete,,,not_selected,0.603628455525392,supported by 1 method(s); generic language
41772,19,32,2,1,0.1,10.0,10.0,0.0,unclear,unknown,The available text is too ambiguous for a relevance assessment.,"Patterns of web-related content, including URLs, email addresses, and file paths, often featuring specific delimiters and structural elements.",0.4342053090438867,0,False,0,,,,not_selected,10.0,0.0101790397379879,complete,,,not_selected,0.6021710265452194,supported by 1 method(s); unclear
56520,19,32,1,1,0.09090909090909091,11.0,11.0,0.0,generic_language,low,"Text indicates a general language or instruction feature, not medical evidence.","Common patterns include punctuation marks and specific tokens that indicate structure or formatting, such as numbers, articles, and conjunctions.",2.215994386595807,0,False,0,,11.0,0.0715564849376678,complete,,,not_selected,,,not_selected,0.60198906284207,supported by 1 method(s); generic language
20720,15,128,3,1,0.0625,16.0,16.0,0.0,generic_language,low,"Text indicates a general language or instruction feature, not medical evidence.","Frequent use of common phrases and structures, including prepositions, articles, and conjunctions, indicating a focus on grammatical elements rather than specific content.",7.889335574615874,0,False,0,,,,not_selected,,,not_selected,16.0,1.297396003495818,complete,0.6019466778730793,supported by 1 method(s); generic language
46830,11,128,3,1,0.09090909090909091,11.0,11.0,0.0,generic_language,low,"Text indicates a general language or instruction feature, not medical evidence.","Common patterns include the presence of punctuation marks, abbreviations, and symbols that modify or clarify the surrounding text.",2.055449174686459,0,False,0,,,,not_selected,,,not_selected,11.0,1.1184869458148197,complete,0.6011863367825232,supported by 1 method(s); generic language
4665,19,64,1,1,0.047619047619047616,21.0,21.0,0.0,unclear,unknown,The available text is too ambiguous for a relevance assessment.,"The phrase ""such as"" is frequently used to introduce examples or specific instances that clarify or elaborate on a preceding statement.",10.588296155921595,0,False,0,,21.0,0.0364768525362014,complete,,,not_selected,,,not_selected,0.6005605283986557,supported by 1 method(s); unclear
35092,15,256,1,1,0.08333333333333333,12.0,12.0,0.0,generic_language,low,"Text indicates a general language or instruction feature, not medical evidence.","Frequent use of common function words and punctuation marks, indicating a focus on grammatical structure and sentence completion.",3.3774715724507636,0,False,0,,12.0,0.0838654547929763,complete,,,not_selected,,,not_selected,0.6002206911955872,supported by 1 method(s); generic language
48645,15,128,3,1,0.07142857142857142,14.0,14.0,0.0,generic_language,low,"Text indicates a general language or instruction feature, not medical evidence.","Numerical tokens and specific phrases indicating time, dates, or references to years, often accompanied by punctuation.",5.717902817667067,0,False,0,,,,not_selected,,,not_selected,14.0,1.3698730723993726,complete,0.6000180855169067,supported by 1 method(s); generic language
38914,19,32,1,1,0.05263157894736842,19.0,19.0,0.0,unclear,unknown,The available text is too ambiguous for a relevance assessment.,"Dates and numerical values, often associated with significant events or statistics, are frequently highlighted in the text.",9.30201827762413,0,False,0,,19.0,0.0441117098331451,complete,,,not_selected,,,not_selected,0.599141670335489,supported by 1 method(s); unclear
5731,11,64,3,1,0.045454545454545456,22.0,22.0,0.0,generic_language,low,"Text indicates a general language or instruction feature, not medical evidence.","A variety of phrases and sentence fragments that include references to objects, actions, and descriptions, often with punctuation indicating pauses or transitions.",10.646591309203812,0,False,0,,,,not_selected,,,not_selected,22.0,0.7677033986212755,complete,0.5986875020005644,supported by 1 method(s); generic language
5808,15,256,3,1,0.041666666666666664,24.0,24.0,0.0,generic_language,low,"Text indicates a general language or instruction feature, not medical evidence.","Text features include a variety of phrases that introduce descriptions, lists, or actions, often leading into further elaboration or context.",11.241089683463464,0,False,0,,,,not_selected,,,not_selected,24.0,2.4064828843766337,complete,0.597872115083984,supported by 1 method(s); generic language
97611,19,64,2,1,0.047619047619047616,21.0,21.0,0.0,generic_language,low,"Text indicates a general language or instruction feature, not medical evidence.","Punctuation marks and specific tokens indicating sentence structure or context, often appearing at the end of phrases or sentences.",9.90256666794789,0,False,0,,,,not_selected,21.0,0.0035615241583524,complete,,,not_selected,0.5971318809587871,supported by 1 method(s); generic language
58467,15,32,3,1,0.045454545454545456,22.0,22.0,0.0,unclear,unknown,The available text is too ambiguous for a relevance assessment.,"A variety of tokens indicating specific terms, categories, or identifiers, often related to technical or formal contexts.",10.333533393520586,0,False,0,,,,not_selected,,,not_selected,22.0,0.8200335696549922,complete,0.5971222124221484,supported by 1 method(s); unclear
29364,15,256,2,1,0.04,25.0,25.0,0.0,generic_language,low,"Text indicates a general language or instruction feature, not medical evidence.","Text features include proper nouns, specific references, and phrases that often precede or follow punctuation, indicating a variety of contexts and subjects.",11.3715298743686,0,False,0,,,,not_selected,25.0,0.0023988570685677,complete,,,not_selected,0.596857649371843,supported by 1 method(s); generic language
111025,15,32,3,1,0.08333333333333333,12.0,12.0,0.0,unclear,unknown,The available text is too ambiguous for a relevance assessment.,"Common terms related to racing, vehicles, and performance, often indicating actions or conditions in a competitive context.",2.689784398895701,0,False,0,,,,not_selected,,,not_selected,12.0,1.3201801816518557,complete,0.5967822553278119,supported by 1 method(s); unclear
26675,11,128,3,1,0.07692307692307693,13.0,13.0,0.0,unclear,unknown,The available text is too ambiguous for a relevance assessment.,"A variety of proper nouns, titles, and phrases that indicate specific subjects or items, often accompanied by additional context or descriptors.",3.903132954877133,0,False,0,,,,not_selected,,,not_selected,13.0,1.019053586889049,complete,0.5964387416974626,supported by 1 method(s); unclear
5593,11,32,2,1,0.06666666666666667,15.0,15.0,0.0,unclear,unknown,The available text is too ambiguous for a relevance assessment.,"Frequent use of phrases that indicate continuation or elaboration, often found in formal or literary contexts.",5.115439529933688,0,False,0,,,,not_selected,15.0,0.001863700403294,complete,,,not_selected,0.5922438643163351,supported by 1 method(s); unclear
114342,11,128,3,1,0.05263157894736842,19.0,19.0,0.0,generic_language,low,"Text indicates a general language or instruction feature, not medical evidence.","A variety of tokens indicating different linguistic features, including fragments of words, articles, and conjunctions, often appearing in diverse contexts such as dates, names, and informal speech.",7.905331529865913,0,False,0,,,,not_selected,,,not_selected,19.0,0.8796172058775483,complete,0.592158236596698,supported by 1 method(s); generic language
58656,11,256,2,1,0.09090909090909091,11.0,11.0,0.0,unclear,unknown,The available text is too ambiguous for a relevance assessment.,"Text features include various references to URLs, citations, and metadata, often indicating sources or links to external content.",0.2224150426251091,0,False,0,,,,not_selected,11.0,0.0039578646841183,complete,,,not_selected,0.5920211661222164,supported by 1 method(s); unclear
127524,15,32,2,1,0.043478260869565216,23.0,23.0,0.0,generic_language,low,"Text indicates a general language or instruction feature, not medical evidence.","Commonly used function words, including articles, conjunctions, and auxiliary verbs, that serve grammatical purposes in sentences.",9.524733473850208,0,False,0,,,,not_selected,23.0,0.0024174011089432,complete,,,not_selected,0.5911019282388162,supported by 1 method(s); generic language
7697,15,128,1,1,0.07692307692307693,13.0,13.0,0.0,unclear,unknown,The available text is too ambiguous for a relevance assessment.,"Nouns related to products or objects, often in the context of transactions or inventory management.",2.516336670719361,0,False,0,,13.0,0.0632678306698799,complete,,,not_selected,,,not_selected,0.5895047602766736,supported by 1 method(s); unclear
16912,11,256,3,1,0.05555555555555555,18.0,18.0,0.0,unclear,unknown,The available text is too ambiguous for a relevance assessment.,"Text features include fragments of sentences with various contexts, often containing incomplete thoughts or references to specific subjects, locations, or events.",6.710412017187267,0,False,0,,,,not_selected,,,not_selected,18.0,0.9867263817874412,complete,0.5891076156414919,supported by 1 method(s); unclear
89144,19,64,2,1,0.06666666666666667,15.0,15.0,0.0,generic_language,low,"Text indicates a general language or instruction feature, not medical evidence.","Punctuation marks, particularly commas and periods, frequently appear at the end of phrases or sentences, indicating pauses or sentence boundaries.",4.386519256240585,0,False,0,,,,not_selected,15.0,0.0041010301437736,complete,,,not_selected,0.5885992629478696,supported by 1 method(s); generic language
28808,15,256,3,1,0.08333333333333333,12.0,12.0,0.0,generic_language,low,"Text indicates a general language or instruction feature, not medical evidence.","A variety of tokens indicating formatting, such as punctuation, numbers, and references to media or events, often appearing in a fragmented or list-like structure.",0.6510455744368234,0,False,0,,,,not_selected,,,not_selected,12.0,3.754489430867747,complete,0.5865885612055175,supported by 1 method(s); generic language
82427,11,256,1,1,0.05263157894736842,19.0,19.0,0.0,unclear,unknown,The available text is too ambiguous for a relevance assessment.,"Frequent use of specific phrases related to orders, confirmations, and the state, often indicating transactional or procedural contexts.",6.74095914970961,0,False,0,,19.0,0.0816659026741981,complete,,,not_selected,,,not_selected,0.5863363746959164,supported by 1 method(s); unclear
52575,19,256,1,1,0.045454545454545456,22.0,22.0,0.0,unclear,unknown,The available text is too ambiguous for a relevance assessment.,"Frequent references to various types of events, often highlighting their significance or context within a broader discussion.",8.172913198928578,0,False,0,,22.0,0.035658525288105,complete,,,not_selected,,,not_selected,0.5863191114491884,supported by 1 method(s); unclear
98152,11,128,2,1,0.047619047619047616,21.0,21.0,0.0,unclear,unknown,The available text is too ambiguous for a relevance assessment.,"Frequent references to digital advertising, particularly Google AdWords, along with various dates and financial terms, indicating a focus on marketing and economic trends.",7.350288787923549,0,False,0,,,,not_selected,21.0,0.0024319429632643,complete,,,not_selected,0.5843704915586654,supported by 1 method(s); unclear
63631,11,64,2,1,0.05555555555555555,18.0,18.0,0.0,generic_language,low,"Text indicates a general language or instruction feature, not medical evidence.","The presence of punctuation marks and various symbols indicating sentence structure and formatting, often appearing at the end of phrases or sentences.",5.442931215729761,0,False,0,,,,not_selected,18.0,0.0025585013935823,complete,,,not_selected,0.5827702116342044,supported by 1 method(s); generic language
5808,19,256,3,1,0.045454545454545456,22.0,22.0,0.0,generic_language,low,"Text indicates a general language or instruction feature, not medical evidence.","Text features include a variety of topics and contexts, often presenting lists or descriptions of items, conditions, or concepts, typically leading into further elaboration.",7.181624613900857,0,False,0,,,,not_selected,,,not_selected,22.0,5.98635201581286,complete,0.5813626685240497,supported by 1 method(s); generic language
106502,19,32,3,1,0.0625,16.0,16.0,0.0,generic_language,low,"Text indicates a general language or instruction feature, not medical evidence.","The presence of numerical tokens, particularly years, and common prepositions or articles that indicate relationships or context within sentences.",3.413605828405794,0,False,0,,,,not_selected,,,not_selected,16.0,1.4454452267381075,complete,0.579568029142029,supported by 1 method(s); generic language
47484,11,32,3,1,0.043478260869565216,23.0,23.0,0.0,unclear,unknown,The available text is too ambiguous for a relevance assessment.,"A variety of tokens indicating language diversity, numerical references, and specific actions or concepts, often appearing in different contexts and languages.",7.052367628691653,0,False,0,,,,not_selected,,,not_selected,23.0,0.7026585165642969,complete,0.5787400990130235,supported by 1 method(s); unclear
21355,15,32,3,1,0.047619047619047616,21.0,21.0,0.0,unclear,unknown,The available text is too ambiguous for a relevance assessment.,"A focus on numerical data, dates, and group classifications, often accompanied by specific contextual phrases.",6.149503025553964,0,False,0,,,,not_selected,,,not_selected,21.0,0.8272748852424203,complete,0.5783665627468175,supported by 1 method(s); unclear
91670,15,32,3,1,0.07142857142857142,14.0,14.0,0.0,unclear,unknown,The available text is too ambiguous for a relevance assessment.,"Text features include numerical scores, game statistics, and references to sports events, often indicating performance or outcomes.",1.3692664952576543,0,False,0,,,,not_selected,,,not_selected,14.0,1.3032644651725038,complete,0.5782749039048597,supported by 1 method(s); unclear
117798,15,32,1,1,0.05,20.0,20.0,0.0,generic_language,low,"Text indicates a general language or instruction feature, not medical evidence.","Frequent use of punctuation marks, particularly commas and periods, indicating sentence structure and pauses in thought.",5.644457564685343,0,False,0,,20.0,0.0281863884329795,complete,,,not_selected,,,not_selected,0.5782222878234268,supported by 1 method(s); generic language
62070,11,128,1,1,0.045454545454545456,22.0,22.0,0.0,unclear,unknown,The available text is too ambiguous for a relevance assessment.,"Frequent references to various forms of ""price"" in different contexts, often discussing comparisons, changes, or strategies related to pricing.",6.399892138812258,0,False,0,,22.0,0.0639491425156593,complete,,,not_selected,,,not_selected,0.5774540061486066,supported by 1 method(s); unclear
88768,11,32,3,1,0.041666666666666664,24.0,24.0,0.0,unclear,unknown,The available text is too ambiguous for a relevance assessment.,"Numerical tokens and dates, often formatted in various ways, indicating time or quantity.",7.01272580680335,0,False,0,,,,not_selected,,,not_selected,24.0,0.6031716585533194,complete,0.5767302957006833,supported by 1 method(s); unclear
72144,11,64,3,1,0.05263157894736842,19.0,19.0,0.0,unclear,unknown,The available text is too ambiguous for a relevance assessment.,"A variety of phrases and fragments that include nouns, adjectives, and other parts of speech, often indicating incomplete thoughts or transitions in dialogue.",4.686585172297889,0,False,0,,,,not_selected,,,not_selected,19.0,0.845044264367159,complete,0.5760645048088578,supported by 1 method(s); unclear
14691,15,128,1,1,0.04,25.0,25.0,0.0,generic_language,low,"Text indicates a general language or instruction feature, not medical evidence.","A variety of tokens indicating grammatical elements, including conjunctions, pronouns, and punctuation, often appearing in conversational or narrative contexts.",7.032169990980343,0,False,0,,25.0,0.0495015504360199,complete,,,not_selected,,,not_selected,0.5751608499549018,supported by 1 method(s); generic language
28305,19,128,1,1,0.043478260869565216,23.0,23.0,0.0,generic_language,low,"Text indicates a general language or instruction feature, not medical evidence.","The presence of date and event markers, often accompanied by punctuation, indicating specific occurrences or references.",6.18009180346421,0,False,0,,23.0,0.0210795409679412,complete,,,not_selected,,,not_selected,0.5743787198868863,supported by 1 method(s); generic language
58656,11,128,2,1,0.07142857142857142,14.0,14.0,0.0,unclear,unknown,The available text is too ambiguous for a relevance assessment.,"Text features include technical or formal language, often related to URLs, citations, and references, indicating a focus on information dissemination and documentation.",0.548520511054004,0,False,0,,,,not_selected,14.0,0.0038983109691333,complete,,,not_selected,0.5741711739838414,supported by 1 method(s); unclear
95317,19,32,2,1,0.047619047619047616,21.0,21.0,0.0,unclear,unknown,The available text is too ambiguous for a relevance assessment.,"Sentences frequently end with a period, indicating completion, and often include a variety of contexts and subjects.",5.309686688021819,0,False,0,,,,not_selected,21.0,0.0047788638184328,complete,,,not_selected,0.5741674810591567,supported by 1 method(s); unclear
123773,19,32,3,1,0.07142857142857142,14.0,14.0,0.0,unclear,unknown,The available text is too ambiguous for a relevance assessment.,"The frequent use of the phrase ""as in"" to reference previous claims or examples, indicating a formal structure typical in legal or technical documentation.",0.0375288939366509,0,False,0,,,,not_selected,,,not_selected,14.0,1.487880211055933,complete,0.5716162158982546,supported by 1 method(s); unclear
119007,19,32,2,1,0.041666666666666664,24.0,24.0,0.0,generic_language,low,"Text indicates a general language or instruction feature, not medical evidence.","Presence of punctuation and formatting elements, often indicating the end of sentences or sections, along with various types of content including quotes, recipes, and observations.",5.941328231935825,0,False,0,,,,not_selected,24.0,0.0039522117572211,complete,,,not_selected,0.5713733078263458,supported by 1 method(s); generic language
68243,19,32,3,1,0.05555555555555555,18.0,18.0,0.0,generic_language,low,"Text indicates a general language or instruction feature, not medical evidence.","A mix of dates, numerical values, and references to media or content, often accompanied by punctuation or formatting symbols.",2.87999317786355,0,False,0,,,,not_selected,,,not_selected,18.0,1.3955145509343962,complete,0.5699555214448734,supported by 1 method(s); generic language
98539,11,256,3,1,0.06666666666666667,15.0,15.0,0.0,generic_language,low,"Text indicates a general language or instruction feature, not medical evidence.","The presence of structured data or lists, often including dates, locations, and other categorical information.",0.6181467450764592,0,False,0,,,,not_selected,,,not_selected,15.0,1.046082902141597,complete,0.5697574003920489,supported by 1 method(s); generic language
61534,19,256,1,1,0.047619047619047616,21.0,21.0,0.0,unclear,unknown,The available text is too ambiguous for a relevance assessment.,"Frequent references to various types of products and services, often in a marketing or business context.",4.304172200160569,0,False,0,,21.0,0.0357269482612609,complete,,,not_selected,,,not_selected,0.5691399086198505,supported by 1 method(s); unclear
39314,15,256,1,1,0.05555555555555555,18.0,18.0,0.0,unclear,unknown,The available text is too ambiguous for a relevance assessment.,"Frequent references to ""box"" in various contexts, often indicating containment or organization, alongside numerical tokens and other common phrases.",2.6665640052029382,0,False,0,,18.0,0.0731476616859436,complete,,,not_selected,,,not_selected,0.5688883755815702,supported by 1 method(s); unclear
59759,19,128,2,1,0.047619047619047616,21.0,21.0,0.0,unclear,unknown,The available text is too ambiguous for a relevance assessment.,"Text features include phrases that convey emotional or spiritual themes, often using biblical or poetic language, alongside technical or analytical expressions.",4.1798988348072506,0,False,0,,,,not_selected,21.0,0.0042514859790533,complete,,,not_selected,0.5685185417930839,supported by 1 method(s); unclear
64624,11,64,2,1,0.04,25.0,25.0,0.0,generic_language,low,"Text indicates a general language or instruction feature, not medical evidence.","The presence of punctuation marks and formatting elements indicating the end of sentences or sections, often accompanied by various types of content such as quotes, lists, or references.",5.58733187794507,0,False,0,,,,not_selected,25.0,0.0017827118226619,complete,,,not_selected,0.5679366593897254,supported by 1 method(s); generic language
46214,15,32,3,1,0.05263157894736842,19.0,19.0,0.0,generic_language,low,"Text indicates a general language or instruction feature, not medical evidence.","Presence of various formatting elements, including special characters, email addresses, and references to technology or media, indicating a mix of technical and informal communication.",2.9032369259345066,0,False,0,,,,not_selected,,,not_selected,19.0,0.9428428637937794,complete,0.5671477635770409,supported by 1 method(s); generic language
79946,15,32,3,1,0.05555555555555555,18.0,18.0,0.0,generic_language,low,"Text indicates a general language or instruction feature, not medical evidence.","The presence of numerical values, abbreviations, and specific tokens that indicate dates, quantities, or identifiers, often followed by punctuation or specific characters.",2.196411332897156,0,False,0,,,,not_selected,,,not_selected,18.0,1.1548747467982228,complete,0.5665376122200414,supported by 1 method(s); generic language
108970,11,32,3,1,0.058823529411764705,17.0,17.0,0.0,generic_language,low,"Text indicates a general language or instruction feature, not medical evidence.","A variety of punctuation marks and symbols indicating sentence structure, numerical values, or specific formatting within the text.",1.271714806539468,0,False,0,,,,not_selected,,,not_selected,17.0,0.8078074972229482,complete,0.5651821034444621,supported by 1 method(s); generic language
30231,19,256,3,1,0.05263157894736842,19.0,19.0,0.0,generic_language,low,"Text indicates a general language or instruction feature, not medical evidence.","Text features include various phrases and titles, often with dates or references to articles, indicating a mix of informational and promotional content.",2.3347310924923312,0,False,0,,,,not_selected,,,not_selected,19.0,7.045808693805541,complete,0.56430523440983,supported by 1 method(s); generic language
48100,11,128,3,1,0.0625,16.0,16.0,0.0,generic_language,low,"Text indicates a general language or instruction feature, not medical evidence.","A variety of structured data entries, including dates, group identifiers, and other categorical information, often formatted in a list or table-like manner.",0.2831644756164178,0,False,0,,,,not_selected,,,not_selected,16.0,0.9470381773147544,complete,0.5639158223780821,supported by 1 method(s); generic language
5351,19,64,2,1,0.05263157894736842,19.0,19.0,0.0,generic_language,low,"Text indicates a general language or instruction feature, not medical evidence.","Punctuation marks, particularly periods and commas, indicating sentence boundaries or pauses in thought.",2.0174967083707815,0,False,0,,,,not_selected,19.0,0.0036668410883263,complete,,,not_selected,0.5627190624892223,supported by 1 method(s); generic language
65244,19,64,1,1,0.058823529411764705,17.0,17.0,0.0,generic_language,low,"Text indicates a general language or instruction feature, not medical evidence.","The use of various symbols to denote separations or lists, often indicating transitions or additional information in a structured format.",0.7596735727662718,0,False,0,,17.0,0.0420518334507942,complete,,,not_selected,,,not_selected,0.5626218972755961,supported by 1 method(s); generic language
83726,19,256,3,1,0.047619047619047616,21.0,21.0,0.0,unclear,unknown,The available text is too ambiguous for a relevance assessment.,"Text segments that appear to be excerpts or fragments from larger documents, often containing references to various topics or contexts.",2.3683050185912897,0,False,0,,,,not_selected,,,not_selected,21.0,6.500405122843701,complete,0.5594605727120041,supported by 1 method(s); unclear
33396,11,128,1,1,0.043478260869565216,23.0,23.0,0.0,generic_language,low,"Text indicates a general language or instruction feature, not medical evidence.","Frequent use of common pronouns, articles, and conjunctions, indicating a focus on sentence structure and grammatical elements rather than specific content.",3.1113796341224056,0,False,0,,23.0,0.0596951582431793,complete,,,not_selected,,,not_selected,0.5590351590401772,supported by 1 method(s); generic language
72566,19,32,3,1,0.047619047619047616,21.0,21.0,0.0,unclear,unknown,The available text is too ambiguous for a relevance assessment.,"Text features include statistical references, game-related terminology, and commentary on performance, often in a sports context.",1.934701421010376,0,False,0,,,,not_selected,,,not_selected,21.0,1.1682072497386304,complete,0.5572925547240996,supported by 1 method(s); unclear
35903,15,32,1,1,0.041666666666666664,24.0,24.0,0.0,generic_language,low,"Text indicates a general language or instruction feature, not medical evidence.","The presence of various tokens indicating incomplete phrases, potential dialogue, or references to specific subjects, often accompanied by punctuation or formatting markers.",3.0982276266621596,0,False,0,,24.0,0.0236990474462509,complete,,,not_selected,,,not_selected,0.5571578047999775,supported by 1 method(s); generic language
33957,19,32,1,1,0.047619047619047616,21.0,21.0,0.0,unclear,unknown,The available text is too ambiguous for a relevance assessment.,"The presence of specific capitalized letters or sequences that appear to denote acronyms, brands, or specific identifiers within a broader context.",1.8454956404625915,0,False,0,,21.0,0.0385871856808662,complete,,,not_selected,,,not_selected,0.5568465258213606,supported by 1 method(s); unclear
63103,11,64,3,1,0.04,25.0,25.0,0.0,generic_language,low,"Text indicates a general language or instruction feature, not medical evidence.","Presence of various punctuation marks and symbols, often indicating quotations, URLs, monetary values, or other specific formatting elements.",3.2506277524891507,0,False,0,,,,not_selected,,,not_selected,25.0,0.7303926873693152,complete,0.5562531387624458,supported by 1 method(s); generic language
102248,15,64,1,1,0.041666666666666664,24.0,24.0,0.0,generic_language,low,"Text indicates a general language or instruction feature, not medical evidence.","Presence of various punctuation marks and formatting elements, often indicating the end of sentences or sections, along with a mix of incomplete thoughts and references to specific topics.",2.8632965006158764,0,False,0,,24.0,0.0250794472694396,complete,,,not_selected,,,not_selected,0.555983149169746,supported by 1 method(s); generic language
47519,15,64,3,1,0.05263157894736842,19.0,19.0,0.0,generic_language,low,"Text indicates a general language or instruction feature, not medical evidence.","Numerical tokens and prepositions indicating specific details or references, often related to dates or claims.",0.6361340204911937,0,False,0,,,,not_selected,,,not_selected,19.0,1.3851524723928386,complete,0.5558122490498243,supported by 1 method(s); generic language
44148,15,32,1,1,0.04,25.0,25.0,0.0,generic_language,low,"Text indicates a general language or instruction feature, not medical evidence.","Frequent use of common function words and phrases, including articles, conjunctions, and auxiliary verbs, indicating a focus on grammatical structure rather than content.",2.8791515901736413,0,False,0,,25.0,0.0205687091946601,complete,,,not_selected,,,not_selected,0.5543957579508683,supported by 1 method(s); generic language
33991,19,32,3,1,0.04,25.0,25.0,0.0,generic_language,low,"Text indicates a general language or instruction feature, not medical evidence.","A variety of punctuation marks and formatting elements indicating lists, dates, or specific data points, often accompanied by numerical or categorical information.",2.5441122455200817,0,False,0,,,,not_selected,,,not_selected,25.0,0.968088204064297,complete,0.5527205612276005,supported by 1 method(s); generic language
113885,15,256,2,1,0.045454545454545456,22.0,22.0,0.0,unclear,unknown,The available text is too ambiguous for a relevance assessment.,"A variety of alphanumeric sequences, including dates, numerical values, and identifiers, often appearing in contexts related to data, references, or specific items.",1.1466755963652684,0,False,0,,,,not_selected,22.0,0.0029167481151544,complete,,,not_selected,0.5511879234363718,supported by 1 method(s); unclear
66660,11,32,1,1,0.047619047619047616,21.0,21.0,0.0,generic_language,low,"Text indicates a general language or instruction feature, not medical evidence.","The presence of various symbols and formatting elements, such as percentages, dates, and special characters, indicating structured data or technical information.",0.4641229920354215,0,False,0,,21.0,0.0158940730094909,complete,,,not_selected,,,not_selected,0.5499396625792248,supported by 1 method(s); generic language
126853,19,64,3,1,0.047619047619047616,21.0,21.0,0.0,unclear,unknown,The available text is too ambiguous for a relevance assessment.,"Patterns of alphanumeric sequences and special characters, often found in URLs, dates, and other structured data formats.",0.3084118508081821,0,False,0,,,,not_selected,,,not_selected,21.0,1.511798794432828,complete,0.5491611068730886,supported by 1 method(s); unclear
130829,15,128,1,1,0.047619047619047616,21.0,21.0,0.0,generic_language,low,"Text indicates a general language or instruction feature, not medical evidence.","The examples contain a mix of incomplete phrases, common words, and various grammatical structures, indicating a lack of coherent thematic focus or clear context.",0.2236559251573284,0,False,0,,21.0,0.0544211516976356,complete,,,not_selected,,,not_selected,0.5487373272448343,supported by 1 method(s); generic language
53875,11,128,3,1,0.041666666666666664,24.0,24.0,0.0,generic_language,low,"Text indicates a general language or instruction feature, not medical evidence.","A mix of numerical sequences, references to media or events, and phrases indicating sources or citations, often accompanied by punctuation and formatting elements.",1.34403458895607,0,False,0,,,,not_selected,,,not_selected,24.0,0.7421015594370752,complete,0.548386839611447,supported by 1 method(s); generic language
88348,19,32,3,1,0.041666666666666664,24.0,24.0,0.0,unclear,unknown,The available text is too ambiguous for a relevance assessment.,"The presence of a specific numeric pattern, particularly the sequence ""2012,"" indicating dates or years in various contexts.",0.2748234298372694,0,False,0,,,,not_selected,,,not_selected,24.0,0.9943623807501308,complete,0.543040783815853,supported by 1 method(s); unclear
9097,11,128,1,1,0.041666666666666664,24.0,24.0,0.0,unclear,unknown,The available text is too ambiguous for a relevance assessment.,"Frequent references to various types of items, often in the context of shopping, returns, or inventory management.",0.1936309853872942,0,False,0,,24.0,0.059120556294918,complete,,,not_selected,,,not_selected,0.5426348215936031,supported by 1 method(s); unclear
1937,11,256,3,1,0.041666666666666664,24.0,24.0,0.0,unclear,unknown,The available text is too ambiguous for a relevance assessment.,"A pattern of URLs and references to food items, often indicating recipes or related content.",0.1213909578790658,0,False,0,,,,not_selected,,,not_selected,24.0,0.8669645956530972,complete,0.542273621456062,supported by 1 method(s); unclear
75836,19,256,2,1,0.04,25.0,25.0,0.0,generic_language,low,"Text indicates a general language or instruction feature, not medical evidence.","Frequent use of punctuation marks, particularly periods, indicating the end of statements or clauses in various contexts.",0.0748270658829086,0,False,0,,,,not_selected,25.0,0.0064493100128263,complete,,,not_selected,0.5403741353294146,supported by 1 method(s); generic language
101441,11,32,3,1,0.5,2.0,2.0,0.0,unclear,unknown,No usable interpretation or activating-context text.,,,1,False,0,,,,not_selected,,,not_selected,2.0,3.283173516727653,failed,0.5,supported by 1 method(s); unclear
118185,11,128,2,1,0.5,2.0,2.0,0.0,unclear,unknown,No usable interpretation or activating-context text.,,,1,False,0,,,,not_selected,2.0,0.0265080257200858,failed,,,not_selected,0.5,supported by 1 method(s); unclear
1614,15,32,3,1,0.5,2.0,2.0,0.0,unclear,unknown,No usable interpretation or activating-context text.,,,1,False,0,,,,not_selected,,,not_selected,2.0,6.909145280645583,failed,0.5,supported by 1 method(s); unclear
38024,15,32,1,1,0.5,2.0,2.0,0.0,unclear,unknown,No usable interpretation or activating-context text.,,,1,False,0,,2.0,0.1955363616943359,failed,,,not_selected,,,not_selected,0.5,supported by 1 method(s); unclear
97280,15,64,1,1,0.5,2.0,2.0,0.0,unclear,unknown,No usable interpretation or activating-context text.,,,1,False,0,,2.0,0.1358223516345024,failed,,,not_selected,,,not_selected,0.5,supported by 1 method(s); unclear
1565,19,32,3,1,0.5,2.0,2.0,0.0,unclear,unknown,No usable interpretation or activating-context text.,,,1,False,0,,,,not_selected,,,not_selected,2.0,6.188015388133821,failed,0.5,supported by 1 method(s); unclear
93996,11,64,3,1,0.3333333333333333,3.0,3.0,0.0,unclear,unknown,No usable interpretation or activating-context text.,,,1,False,0,,,,not_selected,,,not_selected,3.0,2.9052291271889703,failed,0.3333333333333333,supported by 1 method(s); unclear
66751,11,128,1,1,0.3333333333333333,3.0,3.0,0.0,unclear,unknown,No usable interpretation or activating-context text.,,,1,False,0,,3.0,0.1203286890983581,failed,,,not_selected,,,not_selected,0.3333333333333333,supported by 1 method(s); unclear
90902,11,128,3,1,0.3333333333333333,3.0,3.0,0.0,unclear,unknown,No usable interpretation or activating-context text.,,,1,False,0,,,,not_selected,,,not_selected,3.0,3.0295338432762677,failed,0.3333333333333333,supported by 1 method(s); unclear
118846,11,256,2,1,0.3333333333333333,3.0,3.0,0.0,unclear,unknown,No usable interpretation or activating-context text.,,,1,False,0,,,,not_selected,3.0,0.0142071100187973,failed,,,not_selected,0.3333333333333333,supported by 1 method(s); unclear
82356,15,128,1,1,0.3333333333333333,3.0,3.0,0.0,unclear,unknown,No usable interpretation or activating-context text.,,,1,False,0,,3.0,0.0903856521844864,failed,,,not_selected,,,not_selected,0.3333333333333333,supported by 1 method(s); unclear
29405,11,32,2,1,0.25,4.0,4.0,0.0,unclear,unknown,No usable interpretation or activating-context text.,,,1,False,0,,,,not_selected,4.0,0.0059014561590454,failed,,,not_selected,0.25,supported by 1 method(s); unclear
19708,11,64,3,1,0.25,4.0,4.0,0.0,unclear,unknown,No usable interpretation or activating-context text.,,,1,False,0,,,,not_selected,,,not_selected,4.0,2.7498719697464713,failed,0.25,supported by 1 method(s); unclear
39056,11,128,2,1,0.25,4.0,4.0,0.0,unclear,unknown,No usable interpretation or activating-context text.,,,1,False,0,,,,not_selected,4.0,0.0122999865124483,failed,,,not_selected,0.25,supported by 1 method(s); unclear
41253,11,256,2,1,0.25,4.0,4.0,0.0,unclear,unknown,No usable interpretation or activating-context text.,,,1,False,0,,,,not_selected,4.0,0.0127663087676948,failed,,,not_selected,0.25,supported by 1 method(s); unclear
74312,15,128,2,1,0.25,4.0,4.0,0.0,unclear,unknown,No usable interpretation or activating-context text.,,,1,False,0,,,,not_selected,4.0,0.0163397885544199,failed,,,not_selected,0.25,supported by 1 method(s); unclear
116608,15,128,1,1,0.25,4.0,4.0,0.0,unclear,unknown,No usable interpretation or activating-context text.,,,1,False,0,,4.0,0.0860689126253128,failed,,,not_selected,,,not_selected,0.25,supported by 1 method(s); unclear
97938,15,256,1,1,0.25,4.0,4.0,0.0,unclear,unknown,No usable interpretation or activating-context text.,,,1,False,0,,4.0,0.1046532750129699,failed,,,not_selected,,,not_selected,0.25,supported by 1 method(s); unclear
23127,11,32,1,1,0.2,5.0,5.0,0.0,unclear,unknown,No usable interpretation or activating-context text.,,,1,False,0,,5.0,0.1111951421499252,failed,,,not_selected,,,not_selected,0.2,supported by 1 method(s); unclear
51064,11,32,2,1,0.2,5.0,5.0,0.0,unclear,unknown,No usable interpretation or activating-context text.,,,1,False,0,,,,not_selected,5.0,0.0053525501293755,failed,,,not_selected,0.2,supported by 1 method(s); unclear
56889,11,64,2,1,0.2,5.0,5.0,0.0,unclear,unknown,No usable interpretation or activating-context text.,,,1,False,0,,,,not_selected,5.0,0.0074624027444723,failed,,,not_selected,0.2,supported by 1 method(s); unclear
46930,11,128,1,1,0.2,5.0,5.0,0.0,unclear,unknown,No usable interpretation or activating-context text.,,,1,False,0,,5.0,0.115830034315586,failed,,,not_selected,,,not_selected,0.2,supported by 1 method(s); unclear
82324,15,32,1,1,0.2,5.0,5.0,0.0,unclear,unknown,No usable interpretation or activating-context text.,,,1,False,0,,5.0,0.1307011863589287,failed,,,not_selected,,,not_selected,0.2,supported by 1 method(s); unclear
49123,15,64,2,1,0.2,5.0,5.0,0.0,unclear,unknown,No usable interpretation or activating-context text.,,,1,False,0,,,,not_selected,5.0,0.0073242505111604,failed,,,not_selected,0.2,supported by 1 method(s); unclear
85874,15,64,1,1,0.2,5.0,5.0,0.0,unclear,unknown,No usable interpretation or activating-context text.,,,1,False,0,,5.0,0.1087799591422081,failed,,,not_selected,,,not_selected,0.2,supported by 1 method(s); unclear
127524,15,128,1,1,0.2,5.0,5.0,0.0,unclear,unknown,No usable interpretation or activating-context text.,,,1,False,0,,5.0,0.0809232230782508,failed,,,not_selected,,,not_selected,0.2,supported by 1 method(s); unclear
73353,19,64,2,1,0.2,5.0,5.0,0.0,unclear,unknown,No usable interpretation or activating-context text.,,,1,False,0,,,,not_selected,5.0,0.02457962391522,failed,,,not_selected,0.2,supported by 1 method(s); unclear
129169,19,64,3,1,0.2,5.0,5.0,0.0,unclear,unknown,No usable interpretation or activating-context text.,,,1,False,0,,,,not_selected,,,not_selected,5.0,4.0913316167341875,failed,0.2,supported by 1 method(s); unclear
11904,11,32,1,1,0.16666666666666666,6.0,6.0,0.0,unclear,unknown,No usable interpretation or activating-context text.,,,1,False,0,,6.0,0.0912297430038452,failed,,,not_selected,,,not_selected,0.16666666666666666,supported by 1 method(s); unclear
105847,11,32,3,1,0.16666666666666666,6.0,6.0,0.0,unclear,unknown,No usable interpretation or activating-context text.,,,1,False,0,,,,not_selected,,,not_selected,6.0,1.8484342328802927,failed,0.16666666666666666,supported by 1 method(s); unclear
55617,15,32,1,1,0.16666666666666666,6.0,6.0,0.0,unclear,unknown,No usable interpretation or activating-context text.,,,1,False,0,,6.0,0.1147437114119529,failed,,,not_selected,,,not_selected,0.16666666666666666,supported by 1 method(s); unclear
61133,15,32,3,1,0.16666666666666666,6.0,6.0,0.0,unclear,unknown,No usable interpretation or activating-context text.,,,1,False,0,,,,not_selected,,,not_selected,6.0,2.295867910350235,failed,0.16666666666666666,supported by 1 method(s); unclear
11397,15,64,2,1,0.16666666666666666,6.0,6.0,0.0,unclear,unknown,No usable interpretation or activating-context text.,,,1,False,0,,,,not_selected,6.0,0.0064554484517361,failed,,,not_selected,0.16666666666666666,supported by 1 method(s); unclear
27741,15,128,1,1,0.16666666666666666,6.0,6.0,0.0,unclear,unknown,No usable interpretation or activating-context text.,,,1,False,0,,6.0,0.0807711123228073,failed,,,not_selected,,,not_selected,0.16666666666666666,supported by 1 method(s); unclear
32432,15,256,1,1,0.16666666666666666,6.0,6.0,0.0,unclear,unknown,No usable interpretation or activating-context text.,,,1,False,0,,6.0,0.0977542132735252,failed,,,not_selected,,,not_selected,0.16666666666666666,supported by 1 method(s); unclear
73353,19,128,2,1,0.16666666666666666,6.0,6.0,0.0,unclear,unknown,No usable interpretation or activating-context text.,,,1,False,0,,,,not_selected,6.0,0.0161751517107788,failed,,,not_selected,0.16666666666666666,supported by 1 method(s); unclear
66812,11,32,2,1,0.14285714285714285,7.0,7.0,0.0,unclear,unknown,No usable interpretation or activating-context text.,,,1,False,0,,,,not_selected,7.0,0.0050207272941517,failed,,,not_selected,0.14285714285714285,supported by 1 method(s); unclear
107816,11,128,2,1,0.14285714285714285,7.0,7.0,0.0,unclear,unknown,No usable interpretation or activating-context text.,,,1,False,0,,,,not_selected,7.0,0.0062904938565733,failed,,,not_selected,0.14285714285714285,supported by 1 method(s); unclear
74312,15,64,2,1,0.14285714285714285,7.0,7.0,0.0,unclear,unknown,No usable interpretation or activating-context text.,,,1,False,0,,,,not_selected,7.0,0.0057417439742827,failed,,,not_selected,0.14285714285714285,supported by 1 method(s); unclear
117691,15,64,1,1,0.14285714285714285,7.0,7.0,0.0,unclear,unknown,No usable interpretation or activating-context text.,,,1,False,0,,7.0,0.0662244642376899,failed,,,not_selected,,,not_selected,0.14285714285714285,supported by 1 method(s); unclear
7558,15,128,2,1,0.14285714285714285,7.0,7.0,0.0,unclear,unknown,No usable interpretation or activating-context text.,,,1,False,0,,,,not_selected,7.0,0.00572959623986,failed,,,not_selected,0.14285714285714285,supported by 1 method(s); unclear
109408,15,128,1,1,0.14285714285714285,7.0,7.0,0.0,unclear,unknown,No usable interpretation or activating-context text.,,,1,False,0,,7.0,0.0797735085487365,failed,,,not_selected,,,not_selected,0.14285714285714285,supported by 1 method(s); unclear
120783,19,32,1,1,0.14285714285714285,7.0,7.0,0.0,unclear,unknown,No usable interpretation or activating-context text.,,,1,False,0,,7.0,0.0841204435825347,failed,,,not_selected,,,not_selected,0.14285714285714285,supported by 1 method(s); unclear
125516,19,32,3,1,0.14285714285714285,7.0,7.0,0.0,unclear,unknown,No usable interpretation or activating-context text.,,,1,False,0,,,,not_selected,,,not_selected,7.0,3.077908961709357,failed,0.14285714285714285,supported by 1 method(s); unclear
21216,11,32,3,1,0.125,8.0,8.0,0.0,unclear,unknown,No usable interpretation or activating-context text.,,,1,False,0,,,,not_selected,,,not_selected,8.0,1.6188883421001046,failed,0.125,supported by 1 method(s); unclear
56889,11,32,2,1,0.125,8.0,8.0,0.0,unclear,unknown,No usable interpretation or activating-context text.,,,1,False,0,,,,not_selected,8.0,0.0048347662592158,failed,,,not_selected,0.125,supported by 1 method(s); unclear
96254,11,32,1,1,0.125,8.0,8.0,0.0,unclear,unknown,No usable interpretation or activating-context text.,,,1,False,0,,8.0,0.075868807554245,failed,,,not_selected,,,not_selected,0.125,supported by 1 method(s); unclear
35325,11,64,1,1,0.125,8.0,8.0,0.0,unclear,unknown,No usable interpretation or activating-context text.,,,1,False,0,,8.0,0.0707371488809585,failed,,,not_selected,,,not_selected,0.125,supported by 1 method(s); unclear
51935,11,64,2,1,0.125,8.0,8.0,0.0,unclear,unknown,No usable interpretation or activating-context text.,,,1,False,0,,,,not_selected,8.0,0.0051131636044229,failed,,,not_selected,0.125,supported by 1 method(s); unclear
81602,15,256,1,1,0.125,8.0,8.0,0.0,unclear,unknown,No usable interpretation or activating-context text.,,,1,False,0,,8.0,0.0937753410935401,failed,,,not_selected,,,not_selected,0.125,supported by 1 method(s); unclear
115158,15,256,2,1,0.125,8.0,8.0,0.0,unclear,unknown,No usable interpretation or activating-context text.,,,1,False,0,,,,not_selected,8.0,0.0089169656726675,failed,,,not_selected,0.125,supported by 1 method(s); unclear
23401,19,32,2,1,0.125,8.0,8.0,0.0,unclear,unknown,No usable interpretation or activating-context text.,,,1,False,0,,,,not_selected,8.0,0.0117524294226382,failed,,,not_selected,0.125,supported by 1 method(s); unclear
76005,11,64,2,1,0.1111111111111111,9.0,9.0,0.0,unclear,unknown,No usable interpretation or activating-context text.,,,1,False,0,,,,not_selected,9.0,0.0048570101249945,failed,,,not_selected,0.1111111111111111,supported by 1 method(s); unclear
32827,15,32,2,1,0.1111111111111111,9.0,9.0,0.0,unclear,unknown,No usable interpretation or activating-context text.,,,1,False,0,,,,not_selected,9.0,0.0047615359366779,failed,,,not_selected,0.1111111111111111,supported by 1 method(s); unclear
113142,15,64,2,1,0.1111111111111111,9.0,9.0,0.0,unclear,unknown,No usable interpretation or activating-context text.,,,1,False,0,,,,not_selected,9.0,0.0039254859299726,failed,,,not_selected,0.1111111111111111,supported by 1 method(s); unclear
92000,15,128,3,1,0.1111111111111111,9.0,9.0,0.0,unclear,unknown,No usable interpretation or activating-context text.,,,1,False,0,,,,not_selected,,,not_selected,9.0,1.7236858010977525,failed,0.1111111111111111,supported by 1 method(s); unclear
108085,15,256,1,1,0.1111111111111111,9.0,9.0,0.0,unclear,unknown,No usable interpretation or activating-context text.,,,1,False,0,,9.0,0.0925895928144455,failed,,,not_selected,,,not_selected,0.1111111111111111,supported by 1 method(s); unclear
34909,19,32,2,1,0.1111111111111111,9.0,9.0,0.0,unclear,unknown,No usable interpretation or activating-context text.,,,1,False,0,,,,not_selected,9.0,0.0102961469144328,failed,,,not_selected,0.1111111111111111,supported by 1 method(s); unclear
16658,19,64,1,1,0.1111111111111111,9.0,9.0,0.0,unclear,unknown,No usable interpretation or activating-context text.,,,1,False,0,,9.0,0.0661093006134033,failed,,,not_selected,,,not_selected,0.1111111111111111,supported by 1 method(s); unclear
26782,11,32,2,1,0.1,10.0,10.0,0.0,unclear,unknown,No usable interpretation or activating-context text.,,,1,False,0,,,,not_selected,10.0,0.0041829519708391,failed,,,not_selected,0.1,supported by 1 method(s); unclear
78565,11,128,1,1,0.1,10.0,10.0,0.0,unclear,unknown,No usable interpretation or activating-context text.,,,1,False,0,,10.0,0.0943303005099296,failed,,,not_selected,,,not_selected,0.1,supported by 1 method(s); unclear
95660,11,128,2,1,0.1,10.0,10.0,0.0,unclear,unknown,No usable interpretation or activating-context text.,,,1,False,0,,,,not_selected,10.0,0.0047566514339805,failed,,,not_selected,0.1,supported by 1 method(s); unclear
3867,11,256,1,1,0.1,10.0,10.0,0.0,unclear,unknown,No usable interpretation or activating-context text.,,,1,False,0,,10.0,0.0998075812458992,failed,,,not_selected,,,not_selected,0.1,supported by 1 method(s); unclear
8772,11,256,2,1,0.1,10.0,10.0,0.0,unclear,unknown,No usable interpretation or activating-context text.,,,1,False,0,,,,not_selected,10.0,0.0049426880241,failed,,,not_selected,0.1,supported by 1 method(s); unclear
21892,11,256,3,1,0.1,10.0,10.0,0.0,unclear,unknown,No usable interpretation or activating-context text.,,,1,False,0,,,,not_selected,,,not_selected,10.0,1.3570919469583116,failed,0.1,supported by 1 method(s); unclear
85445,15,32,1,1,0.1,10.0,10.0,0.0,unclear,unknown,No usable interpretation or activating-context text.,,,1,False,0,,10.0,0.0750671434402465,failed,,,not_selected,,,not_selected,0.1,supported by 1 method(s); unclear
79946,15,128,2,1,0.1,10.0,10.0,0.0,unclear,unknown,No usable interpretation or activating-context text.,,,1,False,0,,,,not_selected,10.0,0.0040615769059445,failed,,,not_selected,0.1,supported by 1 method(s); unclear
29212,15,256,1,1,0.1,10.0,10.0,0.0,unclear,unknown,No usable interpretation or activating-context text.,,,1,False,0,,10.0,0.0908889813423156,failed,,,not_selected,,,not_selected,0.1,supported by 1 method(s); unclear
118865,19,64,3,1,0.1,10.0,10.0,0.0,unclear,unknown,No usable interpretation or activating-context text.,,,1,False,0,,,,not_selected,,,not_selected,10.0,2.4361780416884473,failed,0.1,supported by 1 method(s); unclear
54367,19,128,1,1,0.1,10.0,10.0,0.0,unclear,unknown,No usable interpretation or activating-context text.,,,1,False,0,,10.0,0.0377145693302154,failed,,,not_selected,,,not_selected,0.1,supported by 1 method(s); unclear
130875,11,32,2,1,0.09090909090909091,11.0,11.0,0.0,unclear,unknown,No usable interpretation or activating-context text.,,,1,False,0,,,,not_selected,11.0,0.0035829131312213,failed,,,not_selected,0.09090909090909091,supported by 1 method(s); unclear
41926,11,64,2,1,0.09090909090909091,11.0,11.0,0.0,unclear,unknown,No usable interpretation or activating-context text.,,,1,False,0,,,,not_selected,11.0,0.0040810970073574,failed,,,not_selected,0.09090909090909091,supported by 1 method(s); unclear
46164,11,64,3,1,0.09090909090909091,11.0,11.0,0.0,unclear,unknown,No usable interpretation or activating-context text.,,,1,False,0,,,,not_selected,,,not_selected,11.0,1.1864102113826451,failed,0.09090909090909091,supported by 1 method(s); unclear
122524,11,128,2,1,0.09090909090909091,11.0,11.0,0.0,unclear,unknown,No usable interpretation or activating-context text.,,,1,False,0,,,,not_selected,11.0,0.0044132920218185,failed,,,not_selected,0.09090909090909091,supported by 1 method(s); unclear
71549,11,256,1,1,0.09090909090909091,11.0,11.0,0.0,unclear,unknown,No usable interpretation or activating-context text.,,,1,False,0,,11.0,0.0893723739385604,failed,,,not_selected,,,not_selected,0.09090909090909091,supported by 1 method(s); unclear
76994,15,32,1,1,0.09090909090909091,11.0,11.0,0.0,unclear,unknown,No usable interpretation or activating-context text.,,,1,False,0,,11.0,0.0704137214422225,failed,,,not_selected,,,not_selected,0.09090909090909091,supported by 1 method(s); unclear
58656,15,64,1,1,0.09090909090909091,11.0,11.0,0.0,unclear,unknown,No usable interpretation or activating-context text.,,,1,False,0,,11.0,0.0640227106213569,failed,,,not_selected,,,not_selected,0.09090909090909091,supported by 1 method(s); unclear
74140,15,64,2,1,0.09090909090909091,11.0,11.0,0.0,unclear,unknown,No usable interpretation or activating-context text.,,,1,False,0,,,,not_selected,11.0,0.0032300946298339,failed,,,not_selected,0.09090909090909091,supported by 1 method(s); unclear
61523,19,64,1,1,0.09090909090909091,11.0,11.0,0.0,unclear,unknown,No usable interpretation or activating-context text.,,,1,False,0,,11.0,0.0528438625335693,failed,,,not_selected,,,not_selected,0.09090909090909091,supported by 1 method(s); unclear
92579,19,128,2,1,0.09090909090909091,11.0,11.0,0.0,unclear,unknown,No usable interpretation or activating-context text.,,,1,False,0,,,,not_selected,11.0,0.0066954142330957,failed,,,not_selected,0.09090909090909091,supported by 1 method(s); unclear
129913,19,128,1,1,0.09090909090909091,11.0,11.0,0.0,unclear,unknown,No usable interpretation or activating-context text.,,,1,False,0,,11.0,0.036293212711811,failed,,,not_selected,,,not_selected,0.09090909090909091,supported by 1 method(s); unclear
49256,11,64,2,1,0.08333333333333333,12.0,12.0,0.0,unclear,unknown,No usable interpretation or activating-context text.,,,1,False,0,,,,not_selected,12.0,0.0032743145602409,failed,,,not_selected,0.08333333333333333,supported by 1 method(s); unclear
87124,11,64,1,1,0.08333333333333333,12.0,12.0,0.0,unclear,unknown,No usable interpretation or activating-context text.,,,1,False,0,,12.0,0.0572862191200256,failed,,,not_selected,,,not_selected,0.08333333333333333,supported by 1 method(s); unclear
35261,11,128,2,1,0.08333333333333333,12.0,12.0,0.0,unclear,unknown,No usable interpretation or activating-context text.,,,1,False,0,,,,not_selected,12.0,0.0042174659984212,failed,,,not_selected,0.08333333333333333,supported by 1 method(s); unclear
114179,11,256,2,1,0.08333333333333333,12.0,12.0,0.0,unclear,unknown,No usable interpretation or activating-context text.,,,1,False,0,,,,not_selected,12.0,0.0036086030129535,failed,,,not_selected,0.08333333333333333,supported by 1 method(s); unclear
8054,15,32,1,1,0.08333333333333333,12.0,12.0,0.0,unclear,unknown,No usable interpretation or activating-context text.,,,1,False,0,,12.0,0.0580764272212982,failed,,,not_selected,,,not_selected,0.08333333333333333,supported by 1 method(s); unclear
30808,15,32,2,1,0.08333333333333333,12.0,12.0,0.0,unclear,unknown,No usable interpretation or activating-context text.,,,1,False,0,,,,not_selected,12.0,0.0037978494391195,failed,,,not_selected,0.08333333333333333,supported by 1 method(s); unclear
4659,15,128,1,1,0.08333333333333333,12.0,12.0,0.0,unclear,unknown,No usable interpretation or activating-context text.,,,1,False,0,,12.0,0.0637143855690956,failed,,,not_selected,,,not_selected,0.08333333333333333,supported by 1 method(s); unclear
41253,15,256,2,1,0.08333333333333333,12.0,12.0,0.0,unclear,unknown,No usable interpretation or activating-context text.,,,1,False,0,,,,not_selected,12.0,0.0051501719324801,failed,,,not_selected,0.08333333333333333,supported by 1 method(s); unclear
802,19,32,2,1,0.08333333333333333,12.0,12.0,0.0,unclear,unknown,No usable interpretation or activating-context text.,,,1,False,0,,,,not_selected,12.0,0.0063537686643466,failed,,,not_selected,0.08333333333333333,supported by 1 method(s); unclear
4410,19,32,1,1,0.08333333333333333,12.0,12.0,0.0,unclear,unknown,No usable interpretation or activating-context text.,,,1,False,0,,12.0,0.0673042792677879,failed,,,not_selected,,,not_selected,0.08333333333333333,supported by 1 method(s); unclear
95335,19,128,1,1,0.08333333333333333,12.0,12.0,0.0,unclear,unknown,No usable interpretation or activating-context text.,,,1,False,0,,12.0,0.0361919980049133,failed,,,not_selected,,,not_selected,0.08333333333333333,supported by 1 method(s); unclear
41717,11,32,2,1,0.07692307692307693,13.0,13.0,0.0,unclear,unknown,No usable interpretation or activating-context text.,,,1,False,0,,,,not_selected,13.0,0.0022530112188187,failed,,,not_selected,0.07692307692307693,supported by 1 method(s); unclear
43120,11,64,2,1,0.07692307692307693,13.0,13.0,0.0,unclear,unknown,No usable interpretation or activating-context text.,,,1,False,0,,,,not_selected,13.0,0.0030090743107415,failed,,,not_selected,0.07692307692307693,supported by 1 method(s); unclear
2379,11,128,1,1,0.07692307692307693,13.0,13.0,0.0,unclear,unknown,No usable interpretation or activating-context text.,,,1,False,0,,13.0,0.0800157113075256,failed,,,not_selected,,,not_selected,0.07692307692307693,supported by 1 method(s); unclear
17975,11,128,2,1,0.07692307692307693,13.0,13.0,0.0,unclear,unknown,No usable interpretation or activating-context text.,,,1,False,0,,,,not_selected,13.0,0.004028922655213,failed,,,not_selected,0.07692307692307693,supported by 1 method(s); unclear
52055,11,256,2,1,0.07692307692307693,13.0,13.0,0.0,unclear,unknown,No usable interpretation or activating-context text.,,,1,False,0,,,,not_selected,13.0,0.0035747929078312,failed,,,not_selected,0.07692307692307693,supported by 1 method(s); unclear
11113,15,32,2,1,0.07692307692307693,13.0,13.0,0.0,unclear,unknown,No usable interpretation or activating-context text.,,,1,False,0,,,,not_selected,13.0,0.0037721494833628,failed,,,not_selected,0.07692307692307693,supported by 1 method(s); unclear
84777,15,32,3,1,0.07692307692307693,13.0,13.0,0.0,unclear,unknown,No usable interpretation or activating-context text.,,,1,False,0,,,,not_selected,,,not_selected,13.0,1.3078398621275484,failed,0.07692307692307693,supported by 1 method(s); unclear
85445,15,64,2,1,0.07692307692307693,13.0,13.0,0.0,unclear,unknown,No usable interpretation or activating-context text.,,,1,False,0,,,,not_selected,13.0,0.0026808218776899,failed,,,not_selected,0.07692307692307693,supported by 1 method(s); unclear
125257,15,128,2,1,0.07692307692307693,13.0,13.0,0.0,unclear,unknown,No usable interpretation or activating-context text.,,,1,False,0,,,,not_selected,13.0,0.0033732171349682,failed,,,not_selected,0.07692307692307693,supported by 1 method(s); unclear
117841,15,256,1,1,0.07692307692307693,13.0,13.0,0.0,unclear,unknown,No usable interpretation or activating-context text.,,,1,False,0,,13.0,0.0827605791687965,failed,,,not_selected,,,not_selected,0.07692307692307693,supported by 1 method(s); unclear
77655,19,32,2,1,0.07692307692307693,13.0,13.0,0.0,unclear,unknown,No usable interpretation or activating-context text.,,,1,False,0,,,,not_selected,13.0,0.006061101183645,failed,,,not_selected,0.07692307692307693,supported by 1 method(s); unclear
79984,19,128,3,1,0.07692307692307693,13.0,13.0,0.0,unclear,unknown,No usable interpretation or activating-context text.,,,1,False,0,,,,not_selected,,,not_selected,13.0,3.0022524748431785,failed,0.07692307692307693,supported by 1 method(s); unclear
93551,19,256,1,1,0.07692307692307693,13.0,13.0,0.0,unclear,unknown,No usable interpretation or activating-context text.,,,1,False,0,,13.0,0.0509539211392402,failed,,,not_selected,,,not_selected,0.07692307692307693,supported by 1 method(s); unclear
2722,11,32,2,1,0.07142857142857142,14.0,14.0,0.0,unclear,unknown,No usable interpretation or activating-context text.,,,1,False,0,,,,not_selected,14.0,0.0020668663329361,failed,,,not_selected,0.07142857142857142,supported by 1 method(s); unclear
37697,11,64,2,1,0.07142857142857142,14.0,14.0,0.0,unclear,unknown,No usable interpretation or activating-context text.,,,1,False,0,,,,not_selected,14.0,0.0029900427995153,failed,,,not_selected,0.07142857142857142,supported by 1 method(s); unclear
55562,11,64,3,1,0.07142857142857142,14.0,14.0,0.0,unclear,unknown,No usable interpretation or activating-context text.,,,1,False,0,,,,not_selected,,,not_selected,14.0,0.9512311425934395,failed,0.07142857142857142,supported by 1 method(s); unclear
106703,11,128,1,1,0.07142857142857142,14.0,14.0,0.0,unclear,unknown,No usable interpretation or activating-context text.,,,1,False,0,,14.0,0.0785263115763664,failed,,,not_selected,,,not_selected,0.07142857142857142,supported by 1 method(s); unclear
100496,11,256,1,1,0.07142857142857142,14.0,14.0,0.0,unclear,unknown,No usable interpretation or activating-context text.,,,1,False,0,,14.0,0.0842495524287223,failed,,,not_selected,,,not_selected,0.07142857142857142,supported by 1 method(s); unclear
123838,15,32,2,1,0.07142857142857142,14.0,14.0,0.0,unclear,unknown,No usable interpretation or activating-context text.,,,1,False,0,,,,not_selected,14.0,0.0035354257189611,failed,,,not_selected,0.07142857142857142,supported by 1 method(s); unclear
104527,15,64,2,1,0.07142857142857142,14.0,14.0,0.0,unclear,unknown,No usable interpretation or activating-context text.,,,1,False,0,,,,not_selected,14.0,0.0026042944108936,failed,,,not_selected,0.07142857142857142,supported by 1 method(s); unclear
75279,15,128,2,1,0.07142857142857142,14.0,14.0,0.0,unclear,unknown,No usable interpretation or activating-context text.,,,1,False,0,,,,not_selected,14.0,0.0028080360990175,failed,,,not_selected,0.07142857142857142,supported by 1 method(s); unclear
19509,19,32,1,1,0.07142857142857142,14.0,14.0,0.0,unclear,unknown,No usable interpretation or activating-context text.,,,1,False,0,,14.0,0.0637819179892539,failed,,,not_selected,,,not_selected,0.07142857142857142,supported by 1 method(s); unclear
64549,19,128,1,1,0.07142857142857142,14.0,14.0,0.0,unclear,unknown,No usable interpretation or activating-context text.,,,1,False,0,,14.0,0.034661022901535,failed,,,not_selected,,,not_selected,0.07142857142857142,supported by 1 method(s); unclear
47209,11,64,2,1,0.06666666666666667,15.0,15.0,0.0,unclear,unknown,No usable interpretation or activating-context text.,,,1,False,0,,,,not_selected,15.0,0.0029384962549791,failed,,,not_selected,0.06666666666666667,supported by 1 method(s); unclear
73743,11,128,2,1,0.06666666666666667,15.0,15.0,0.0,unclear,unknown,No usable interpretation or activating-context text.,,,1,False,0,,,,not_selected,15.0,0.0038905206700445,failed,,,not_selected,0.06666666666666667,supported by 1 method(s); unclear
111436,11,128,3,1,0.06666666666666667,15.0,15.0,0.0,unclear,unknown,No usable interpretation or activating-context text.,,,1,False,0,,,,not_selected,,,not_selected,15.0,0.9586521497647674,failed,0.06666666666666667,supported by 1 method(s); unclear
72764,15,32,2,1,0.06666666666666667,15.0,15.0,0.0,unclear,unknown,No usable interpretation or activating-context text.,,,1,False,0,,,,not_selected,15.0,0.0033552853714132,failed,,,not_selected,0.06666666666666667,supported by 1 method(s); unclear
122648,15,32,1,1,0.06666666666666667,15.0,15.0,0.0,unclear,unknown,No usable interpretation or activating-context text.,,,1,False,0,,15.0,0.040654600739479,failed,,,not_selected,,,not_selected,0.06666666666666667,supported by 1 method(s); unclear
44771,15,256,2,1,0.06666666666666667,15.0,15.0,0.0,unclear,unknown,No usable interpretation or activating-context text.,,,1,False,0,,,,not_selected,15.0,0.0045477074916373,failed,,,not_selected,0.06666666666666667,supported by 1 method(s); unclear
82356,15,256,1,1,0.06666666666666667,15.0,15.0,0.0,unclear,unknown,No usable interpretation or activating-context text.,,,1,False,0,,15.0,0.0782146641612052,failed,,,not_selected,,,not_selected,0.06666666666666667,supported by 1 method(s); unclear
49095,19,32,1,1,0.06666666666666667,15.0,15.0,0.0,unclear,unknown,No usable interpretation or activating-context text.,,,1,False,0,,15.0,0.0581745182275772,failed,,,not_selected,,,not_selected,0.06666666666666667,supported by 1 method(s); unclear
41159,19,128,3,1,0.06666666666666667,15.0,15.0,0.0,unclear,unknown,No usable interpretation or activating-context text.,,,1,False,0,,,,not_selected,,,not_selected,15.0,2.421735534827496,failed,0.06666666666666667,supported by 1 method(s); unclear
90964,19,256,1,1,0.06666666666666667,15.0,15.0,0.0,unclear,unknown,No usable interpretation or activating-context text.,,,1,False,0,,15.0,0.0492503957152366,failed,,,not_selected,,,not_selected,0.06666666666666667,supported by 1 method(s); unclear
3634,11,32,2,1,0.0625,16.0,16.0,0.0,unclear,unknown,No usable interpretation or activating-context text.,,,1,False,0,,,,not_selected,16.0,0.0017798927748147,failed,,,not_selected,0.0625,supported by 1 method(s); unclear
106757,11,32,3,1,0.0625,16.0,16.0,0.0,unclear,unknown,No usable interpretation or activating-context text.,,,1,False,0,,,,not_selected,,,not_selected,16.0,0.8152821566257188,failed,0.0625,supported by 1 method(s); unclear
26103,11,128,1,1,0.0625,16.0,16.0,0.0,unclear,unknown,No usable interpretation or activating-context text.,,,1,False,0,,16.0,0.0734555000066757,failed,,,not_selected,,,not_selected,0.0625,supported by 1 method(s); unclear
2059,11,256,3,1,0.0625,16.0,16.0,0.0,unclear,unknown,No usable interpretation or activating-context text.,,,1,False,0,,,,not_selected,,,not_selected,16.0,1.0155327549170152,failed,0.0625,supported by 1 method(s); unclear
36231,11,256,2,1,0.0625,16.0,16.0,0.0,unclear,unknown,No usable interpretation or activating-context text.,,,1,False,0,,,,not_selected,16.0,0.0029634385601455,failed,,,not_selected,0.0625,supported by 1 method(s); unclear
118976,11,256,1,1,0.0625,16.0,16.0,0.0,unclear,unknown,No usable interpretation or activating-context text.,,,1,False,0,,16.0,0.0830703381299972,failed,,,not_selected,,,not_selected,0.0625,supported by 1 method(s); unclear
70989,15,64,2,1,0.0625,16.0,16.0,0.0,unclear,unknown,No usable interpretation or activating-context text.,,,1,False,0,,,,not_selected,16.0,0.0024635559516333,failed,,,not_selected,0.0625,supported by 1 method(s); unclear
106931,15,64,1,1,0.0625,16.0,16.0,0.0,unclear,unknown,No usable interpretation or activating-context text.,,,1,False,0,,16.0,0.0410058061480522,failed,,,not_selected,,,not_selected,0.0625,supported by 1 method(s); unclear
123037,15,128,2,1,0.0625,16.0,16.0,0.0,unclear,unknown,No usable interpretation or activating-context text.,,,1,False,0,,,,not_selected,16.0,0.0026743477778815,failed,,,not_selected,0.0625,supported by 1 method(s); unclear
12538,15,256,1,1,0.0625,16.0,16.0,0.0,unclear,unknown,No usable interpretation or activating-context text.,,,1,False,0,,16.0,0.0754788144826889,failed,,,not_selected,,,not_selected,0.0625,supported by 1 method(s); unclear
72764,15,256,2,1,0.0625,16.0,16.0,0.0,unclear,unknown,No usable interpretation or activating-context text.,,,1,False,0,,,,not_selected,16.0,0.0043359937522332,failed,,,not_selected,0.0625,supported by 1 method(s); unclear
61956,19,32,1,1,0.0625,16.0,16.0,0.0,unclear,unknown,No usable interpretation or activating-context text.,,,1,False,0,,16.0,0.0544373449087143,failed,,,not_selected,,,not_selected,0.0625,supported by 1 method(s); unclear
67827,19,32,2,1,0.0625,16.0,16.0,0.0,unclear,unknown,No usable interpretation or activating-context text.,,,1,False,0,,,,not_selected,16.0,0.0055530248953143,failed,,,not_selected,0.0625,supported by 1 method(s); unclear
95860,19,64,2,1,0.0625,16.0,16.0,0.0,unclear,unknown,No usable interpretation or activating-context text.,,,1,False,0,,,,not_selected,16.0,0.0039001181371894,failed,,,not_selected,0.0625,supported by 1 method(s); unclear
4130,19,128,1,1,0.0625,16.0,16.0,0.0,unclear,unknown,No usable interpretation or activating-context text.,,,1,False,0,,16.0,0.031561694920063,failed,,,not_selected,,,not_selected,0.0625,supported by 1 method(s); unclear
27600,11,32,1,1,0.058823529411764705,17.0,17.0,0.0,unclear,unknown,No usable interpretation or activating-context text.,,,1,False,0,,17.0,0.0197220609188079,failed,,,not_selected,,,not_selected,0.058823529411764705,supported by 1 method(s); unclear
38850,11,128,1,1,0.058823529411764705,17.0,17.0,0.0,unclear,unknown,No usable interpretation or activating-context text.,,,1,False,0,,17.0,0.0731448922157287,failed,,,not_selected,,,not_selected,0.058823529411764705,supported by 1 method(s); unclear
75262,11,128,2,1,0.058823529411764705,17.0,17.0,0.0,unclear,unknown,No usable interpretation or activating-context text.,,,1,False,0,,,,not_selected,17.0,0.0032572511216284,failed,,,not_selected,0.058823529411764705,supported by 1 method(s); unclear
87755,11,256,2,1,0.058823529411764705,17.0,17.0,0.0,unclear,unknown,No usable interpretation or activating-context text.,,,1,False,0,,,,not_selected,17.0,0.0025653180102227,failed,,,not_selected,0.058823529411764705,supported by 1 method(s); unclear
13433,15,32,1,1,0.058823529411764705,17.0,17.0,0.0,unclear,unknown,No usable interpretation or activating-context text.,,,1,False,0,,17.0,0.0376533365249633,failed,,,not_selected,,,not_selected,0.058823529411764705,supported by 1 method(s); unclear
97764,15,32,2,1,0.058823529411764705,17.0,17.0,0.0,unclear,unknown,No usable interpretation or activating-context text.,,,1,False,0,,,,not_selected,17.0,0.0032209066997671,failed,,,not_selected,0.058823529411764705,supported by 1 method(s); unclear
64859,15,64,2,1,0.058823529411764705,17.0,17.0,0.0,unclear,unknown,No usable interpretation or activating-context text.,,,1,False,0,,,,not_selected,17.0,0.0023917792268762,failed,,,not_selected,0.058823529411764705,supported by 1 method(s); unclear
33709,15,128,1,1,0.058823529411764705,17.0,17.0,0.0,unclear,unknown,No usable interpretation or activating-context text.,,,1,False,0,,17.0,0.0588768618106842,failed,,,not_selected,,,not_selected,0.058823529411764705,supported by 1 method(s); unclear
120347,15,256,2,1,0.058823529411764705,17.0,17.0,0.0,unclear,unknown,No usable interpretation or activating-context text.,,,1,False,0,,,,not_selected,17.0,0.004291898068128,failed,,,not_selected,0.058823529411764705,supported by 1 method(s); unclear
17184,19,32,1,1,0.058823529411764705,17.0,17.0,0.0,unclear,unknown,No usable interpretation or activating-context text.,,,1,False,0,,17.0,0.053233778476715,failed,,,not_selected,,,not_selected,0.058823529411764705,supported by 1 method(s); unclear
74312,19,64,2,1,0.058823529411764705,17.0,17.0,0.0,unclear,unknown,No usable interpretation or activating-context text.,,,1,False,0,,,,not_selected,17.0,0.0038166887043787,failed,,,not_selected,0.058823529411764705,supported by 1 method(s); unclear
76130,19,128,1,1,0.058823529411764705,17.0,17.0,0.0,unclear,unknown,No usable interpretation or activating-context text.,,,1,False,0,,17.0,0.031082208096981,failed,,,not_selected,,,not_selected,0.058823529411764705,supported by 1 method(s); unclear
97539,19,128,2,1,0.058823529411764705,17.0,17.0,0.0,unclear,unknown,No usable interpretation or activating-context text.,,,1,False,0,,,,not_selected,17.0,0.0047829081195061,failed,,,not_selected,0.058823529411764705,supported by 1 method(s); unclear
93847,19,256,1,1,0.058823529411764705,17.0,17.0,0.0,unclear,unknown,No usable interpretation or activating-context text.,,,1,False,0,,17.0,0.043382301390171,failed,,,not_selected,,,not_selected,0.058823529411764705,supported by 1 method(s); unclear
115711,19,256,2,1,0.058823529411764705,17.0,17.0,0.0,unclear,unknown,No usable interpretation or activating-context text.,,,1,False,0,,,,not_selected,17.0,0.0142484553543055,failed,,,not_selected,0.058823529411764705,supported by 1 method(s); unclear
71115,11,32,1,1,0.05555555555555555,18.0,18.0,0.0,unclear,unknown,No usable interpretation or activating-context text.,,,1,False,0,,18.0,0.0178601748943328,failed,,,not_selected,,,not_selected,0.05555555555555555,supported by 1 method(s); unclear
72747,11,32,3,1,0.05555555555555555,18.0,18.0,0.0,unclear,unknown,No usable interpretation or activating-context text.,,,1,False,0,,,,not_selected,,,not_selected,18.0,0.7951276014440669,failed,0.05555555555555555,supported by 1 method(s); unclear
101488,11,256,2,1,0.05555555555555555,18.0,18.0,0.0,unclear,unknown,No usable interpretation or activating-context text.,,,1,False,0,,,,not_selected,18.0,0.0021738720611787,failed,,,not_selected,0.05555555555555555,supported by 1 method(s); unclear
110414,15,32,1,1,0.05555555555555555,18.0,18.0,0.0,unclear,unknown,No usable interpretation or activating-context text.,,,1,False,0,,18.0,0.033296467423439,failed,,,not_selected,,,not_selected,0.05555555555555555,supported by 1 method(s); unclear
125641,15,32,2,1,0.05555555555555555,18.0,18.0,0.0,unclear,unknown,No usable interpretation or activating-context text.,,,1,False,0,,,,not_selected,18.0,0.0030536413752417,failed,,,not_selected,0.05555555555555555,supported by 1 method(s); unclear
10138,15,64,2,1,0.05555555555555555,18.0,18.0,0.0,unclear,unknown,No usable interpretation or activating-context text.,,,1,False,0,,,,not_selected,18.0,0.0022587121372491,failed,,,not_selected,0.05555555555555555,supported by 1 method(s); unclear
53277,15,64,3,1,0.05555555555555555,18.0,18.0,0.0,unclear,unknown,No usable interpretation or activating-context text.,,,1,False,0,,,,not_selected,,,not_selected,18.0,1.4232142127875065,failed,0.05555555555555555,supported by 1 method(s); unclear
97431,15,64,1,1,0.05555555555555555,18.0,18.0,0.0,unclear,unknown,No usable interpretation or activating-context text.,,,1,False,0,,18.0,0.0383357580900192,failed,,,not_selected,,,not_selected,0.05555555555555555,supported by 1 method(s); unclear
76420,15,128,2,1,0.05555555555555555,18.0,18.0,0.0,unclear,unknown,No usable interpretation or activating-context text.,,,1,False,0,,,,not_selected,18.0,0.0026107171611606,failed,,,not_selected,0.05555555555555555,supported by 1 method(s); unclear
86372,15,256,2,1,0.05555555555555555,18.0,18.0,0.0,unclear,unknown,No usable interpretation or activating-context text.,,,1,False,0,,,,not_selected,18.0,0.0033863442884364,failed,,,not_selected,0.05555555555555555,supported by 1 method(s); unclear
83811,19,32,1,1,0.05555555555555555,18.0,18.0,0.0,unclear,unknown,No usable interpretation or activating-context text.,,,1,False,0,,18.0,0.0487420253753662,failed,,,not_selected,,,not_selected,0.05555555555555555,supported by 1 method(s); unclear
41472,19,128,1,1,0.05555555555555555,18.0,18.0,0.0,unclear,unknown,No usable interpretation or activating-context text.,,,1,False,0,,18.0,0.0277593334913253,failed,,,not_selected,,,not_selected,0.05555555555555555,supported by 1 method(s); unclear
70234,19,256,1,1,0.05555555555555555,18.0,18.0,0.0,unclear,unknown,No usable interpretation or activating-context text.,,,1,False,0,,18.0,0.0409130380153656,failed,,,not_selected,,,not_selected,0.05555555555555555,supported by 1 method(s); unclear
62029,11,32,1,1,0.05263157894736842,19.0,19.0,0.0,unclear,unknown,No usable interpretation or activating-context text.,,,1,False,0,,19.0,0.01698655295372,failed,,,not_selected,,,not_selected,0.05263157894736842,supported by 1 method(s); unclear
3243,11,64,2,1,0.05263157894736842,19.0,19.0,0.0,unclear,unknown,No usable interpretation or activating-context text.,,,1,False,0,,,,not_selected,19.0,0.0024663659048752,failed,,,not_selected,0.05263157894736842,supported by 1 method(s); unclear
125383,11,128,1,1,0.05263157894736842,19.0,19.0,0.0,unclear,unknown,No usable interpretation or activating-context text.,,,1,False,0,,19.0,0.0717272526025772,failed,,,not_selected,,,not_selected,0.05263157894736842,supported by 1 method(s); unclear
49391,15,32,1,1,0.05263157894736842,19.0,19.0,0.0,unclear,unknown,No usable interpretation or activating-context text.,,,1,False,0,,19.0,0.0282482987642288,failed,,,not_selected,,,not_selected,0.05263157894736842,supported by 1 method(s); unclear
25674,15,64,1,1,0.05263157894736842,19.0,19.0,0.0,unclear,unknown,No usable interpretation or activating-context text.,,,1,False,0,,19.0,0.0364766393899917,failed,,,not_selected,,,not_selected,0.05263157894736842,supported by 1 method(s); unclear
70429,15,64,2,1,0.05263157894736842,19.0,19.0,0.0,unclear,unknown,No usable interpretation or activating-context text.,,,1,False,0,,,,not_selected,19.0,0.0020007352593918,failed,,,not_selected,0.05263157894736842,supported by 1 method(s); unclear
83802,15,128,2,1,0.05263157894736842,19.0,19.0,0.0,unclear,unknown,No usable interpretation or activating-context text.,,,1,False,0,,,,not_selected,19.0,0.0025267995579141,failed,,,not_selected,0.05263157894736842,supported by 1 method(s); unclear
71437,19,128,1,1,0.05263157894736842,19.0,19.0,0.0,unclear,unknown,No usable interpretation or activating-context text.,,,1,False,0,,19.0,0.027134513258934,failed,,,not_selected,,,not_selected,0.05263157894736842,supported by 1 method(s); unclear
79186,19,256,1,1,0.05263157894736842,19.0,19.0,0.0,unclear,unknown,No usable interpretation or activating-context text.,,,1,False,0,,19.0,0.040284685909748,failed,,,not_selected,,,not_selected,0.05263157894736842,supported by 1 method(s); unclear
99567,11,32,1,1,0.05,20.0,20.0,0.0,unclear,unknown,No usable interpretation or activating-context text.,,,1,False,0,,20.0,0.0161712883710861,failed,,,not_selected,,,not_selected,0.05,supported by 1 method(s); unclear
103622,11,32,2,1,0.05,20.0,20.0,0.0,unclear,unknown,No usable interpretation or activating-context text.,,,1,False,0,,,,not_selected,20.0,0.0015421236904574,failed,,,not_selected,0.05,supported by 1 method(s); unclear
28528,11,64,3,1,0.05,20.0,20.0,0.0,unclear,unknown,No usable interpretation or activating-context text.,,,1,False,0,,,,not_selected,,,not_selected,20.0,0.7891993106377417,failed,0.05,supported by 1 method(s); unclear
129509,11,64,2,1,0.05,20.0,20.0,0.0,unclear,unknown,No usable interpretation or activating-context text.,,,1,False,0,,,,not_selected,20.0,0.0021363328879987,failed,,,not_selected,0.05,supported by 1 method(s); unclear
129921,11,128,2,1,0.05,20.0,20.0,0.0,unclear,unknown,No usable interpretation or activating-context text.,,,1,False,0,,,,not_selected,20.0,0.0024937300335073,failed,,,not_selected,0.05,supported by 1 method(s); unclear
62921,15,32,2,1,0.05,20.0,20.0,0.0,unclear,unknown,No usable interpretation or activating-context text.,,,1,False,0,,,,not_selected,20.0,0.0028484712743983,failed,,,not_selected,0.05,supported by 1 method(s); unclear
48033,15,64,2,1,0.05,20.0,20.0,0.0,unclear,unknown,No usable interpretation or activating-context text.,,,1,False,0,,,,not_selected,20.0,0.0019981603667209,failed,,,not_selected,0.05,supported by 1 method(s); unclear
32472,15,128,2,1,0.05,20.0,20.0,0.0,unclear,unknown,No usable interpretation or activating-context text.,,,1,False,0,,,,not_selected,20.0,0.0024171247728553,failed,,,not_selected,0.05,supported by 1 method(s); unclear
23038,15,256,1,1,0.05,20.0,20.0,0.0,unclear,unknown,No usable interpretation or activating-context text.,,,1,False,0,,20.0,0.072640181183815,failed,,,not_selected,,,not_selected,0.05,supported by 1 method(s); unclear
97539,19,64,2,1,0.05,20.0,20.0,0.0,unclear,unknown,No usable interpretation or activating-context text.,,,1,False,0,,,,not_selected,20.0,0.0036367643886888,failed,,,not_selected,0.05,supported by 1 method(s); unclear
39114,19,128,1,1,0.05,20.0,20.0,0.0,unclear,unknown,No usable interpretation or activating-context text.,,,1,False,0,,20.0,0.0264912604689598,failed,,,not_selected,,,not_selected,0.05,supported by 1 method(s); unclear
97858,19,128,2,1,0.05,20.0,20.0,0.0,unclear,unknown,No usable interpretation or activating-context text.,,,1,False,0,,,,not_selected,20.0,0.004387595983738,failed,,,not_selected,0.05,supported by 1 method(s); unclear
3919,11,32,2,1,0.047619047619047616,21.0,21.0,0.0,unclear,unknown,No usable interpretation or activating-context text.,,,1,False,0,,,,not_selected,21.0,0.0013794461046586,failed,,,not_selected,0.047619047619047616,supported by 1 method(s); unclear
68405,11,64,2,1,0.047619047619047616,21.0,21.0,0.0,unclear,unknown,No usable interpretation or activating-context text.,,,1,False,0,,,,not_selected,21.0,0.0020970619620291,failed,,,not_selected,0.047619047619047616,supported by 1 method(s); unclear
26989,11,256,2,1,0.047619047619047616,21.0,21.0,0.0,unclear,unknown,No usable interpretation or activating-context text.,,,1,False,0,,,,not_selected,21.0,0.001708256106981,failed,,,not_selected,0.047619047619047616,supported by 1 method(s); unclear
113014,11,256,1,1,0.047619047619047616,21.0,21.0,0.0,unclear,unknown,No usable interpretation or activating-context text.,,,1,False,0,,21.0,0.0807707397937774,failed,,,not_selected,,,not_selected,0.047619047619047616,supported by 1 method(s); unclear
52439,15,32,2,1,0.047619047619047616,21.0,21.0,0.0,unclear,unknown,No usable interpretation or activating-context text.,,,1,False,0,,,,not_selected,21.0,0.0025662129193964,failed,,,not_selected,0.047619047619047616,supported by 1 method(s); unclear
120792,15,32,1,1,0.047619047619047616,21.0,21.0,0.0,unclear,unknown,No usable interpretation or activating-context text.,,,1,False,0,,21.0,0.026633016526699,failed,,,not_selected,,,not_selected,0.047619047619047616,supported by 1 method(s); unclear
62568,15,64,2,1,0.047619047619047616,21.0,21.0,0.0,unclear,unknown,No usable interpretation or activating-context text.,,,1,False,0,,,,not_selected,21.0,0.0019191129946372,failed,,,not_selected,0.047619047619047616,supported by 1 method(s); unclear
84079,15,128,2,1,0.047619047619047616,21.0,21.0,0.0,unclear,unknown,No usable interpretation or activating-context text.,,,1,False,0,,,,not_selected,21.0,0.0023655702530498,failed,,,not_selected,0.047619047619047616,supported by 1 method(s); unclear
1486,15,256,1,1,0.047619047619047616,21.0,21.0,0.0,unclear,unknown,No usable interpretation or activating-context text.,,,1,False,0,,21.0,0.0717994158267974,failed,,,not_selected,,,not_selected,0.047619047619047616,supported by 1 method(s); unclear
42426,11,32,1,1,0.045454545454545456,22.0,22.0,0.0,unclear,unknown,No usable interpretation or activating-context text.,,,1,False,0,,22.0,0.0149073452353477,failed,,,not_selected,,,not_selected,0.045454545454545456,supported by 1 method(s); unclear
72905,11,32,2,1,0.045454545454545456,22.0,22.0,0.0,unclear,unknown,No usable interpretation or activating-context text.,,,1,False,0,,,,not_selected,22.0,0.0013215978380659,failed,,,not_selected,0.045454545454545456,supported by 1 method(s); unclear
13469,11,64,2,1,0.045454545454545456,22.0,22.0,0.0,unclear,unknown,No usable interpretation or activating-context text.,,,1,False,0,,,,not_selected,22.0,0.0020092913242572,failed,,,not_selected,0.045454545454545456,supported by 1 method(s); unclear
122272,11,64,1,1,0.045454545454545456,22.0,22.0,0.0,unclear,unknown,No usable interpretation or activating-context text.,,,1,False,0,,22.0,0.0395727189779281,failed,,,not_selected,,,not_selected,0.045454545454545456,supported by 1 method(s); unclear
87490,11,128,2,1,0.045454545454545456,22.0,22.0,0.0,unclear,unknown,No usable interpretation or activating-context text.,,,1,False,0,,,,not_selected,22.0,0.002337097282141,failed,,,not_selected,0.045454545454545456,supported by 1 method(s); unclear
20014,11,256,1,1,0.045454545454545456,22.0,22.0,0.0,unclear,unknown,No usable interpretation or activating-context text.,,,1,False,0,,22.0,0.0803133955001831,failed,,,not_selected,,,not_selected,0.045454545454545456,supported by 1 method(s); unclear
38307,15,32,2,1,0.045454545454545456,22.0,22.0,0.0,unclear,unknown,No usable interpretation or activating-context text.,,,1,False,0,,,,not_selected,22.0,0.0025231282755802,failed,,,not_selected,0.045454545454545456,supported by 1 method(s); unclear
78008,15,32,1,1,0.045454545454545456,22.0,22.0,0.0,unclear,unknown,No usable interpretation or activating-context text.,,,1,False,0,,22.0,0.0239399274587631,failed,,,not_selected,,,not_selected,0.045454545454545456,supported by 1 method(s); unclear
30239,15,64,1,1,0.045454545454545456,22.0,22.0,0.0,unclear,unknown,No usable interpretation or activating-context text.,,,1,False,0,,22.0,0.0293845642805099,failed,,,not_selected,,,not_selected,0.045454545454545456,supported by 1 method(s); unclear
31332,15,64,2,1,0.045454545454545456,22.0,22.0,0.0,unclear,unknown,No usable interpretation or activating-context text.,,,1,False,0,,,,not_selected,22.0,0.0018773602208061,failed,,,not_selected,0.045454545454545456,supported by 1 method(s); unclear
89915,15,64,3,1,0.045454545454545456,22.0,22.0,0.0,unclear,unknown,No usable interpretation or activating-context text.,,,1,False,0,,,,not_selected,,,not_selected,22.0,1.2244732790446942,failed,0.045454545454545456,supported by 1 method(s); unclear
21563,15,128,1,1,0.045454545454545456,22.0,22.0,0.0,unclear,unknown,No usable interpretation or activating-context text.,,,1,False,0,,22.0,0.0539295670390129,failed,,,not_selected,,,not_selected,0.045454545454545456,supported by 1 method(s); unclear
129701,15,256,1,1,0.045454545454545456,22.0,22.0,0.0,unclear,unknown,No usable interpretation or activating-context text.,,,1,False,0,,22.0,0.0696854965686798,failed,,,not_selected,,,not_selected,0.045454545454545456,supported by 1 method(s); unclear
30010,19,32,2,1,0.045454545454545456,22.0,22.0,0.0,unclear,unknown,No usable interpretation or activating-context text.,,,1,False,0,,,,not_selected,22.0,0.0046144411877287,failed,,,not_selected,0.045454545454545456,supported by 1 method(s); unclear
129547,19,32,3,1,0.045454545454545456,22.0,22.0,0.0,unclear,unknown,No usable interpretation or activating-context text.,,,1,False,0,,,,not_selected,,,not_selected,22.0,1.1569113875457395,failed,0.045454545454545456,supported by 1 method(s); unclear
74650,19,64,3,1,0.045454545454545456,22.0,22.0,0.0,unclear,unknown,No usable interpretation or activating-context text.,,,1,False,0,,,,not_selected,,,not_selected,22.0,1.4073011957658128,failed,0.045454545454545456,supported by 1 method(s); unclear
116158,19,64,1,1,0.045454545454545456,22.0,22.0,0.0,unclear,unknown,No usable interpretation or activating-context text.,,,1,False,0,,22.0,0.0341959800720214,failed,,,not_selected,,,not_selected,0.045454545454545456,supported by 1 method(s); unclear
68765,19,128,2,1,0.045454545454545456,22.0,22.0,0.0,unclear,unknown,No usable interpretation or activating-context text.,,,1,False,0,,,,not_selected,22.0,0.0040441138643614,failed,,,not_selected,0.045454545454545456,supported by 1 method(s); unclear
112824,19,128,1,1,0.045454545454545456,22.0,22.0,0.0,unclear,unknown,No usable interpretation or activating-context text.,,,1,False,0,,22.0,0.0232777261137962,failed,,,not_selected,,,not_selected,0.045454545454545456,supported by 1 method(s); unclear
100690,11,32,1,1,0.043478260869565216,23.0,23.0,0.0,unclear,unknown,No usable interpretation or activating-context text.,,,1,False,0,,23.0,0.0143402675390243,failed,,,not_selected,,,not_selected,0.043478260869565216,supported by 1 method(s); unclear
23656,11,128,2,1,0.043478260869565216,23.0,23.0,0.0,unclear,unknown,No usable interpretation or activating-context text.,,,1,False,0,,,,not_selected,23.0,0.0022137754120177,failed,,,not_selected,0.043478260869565216,supported by 1 method(s); unclear
73393,11,256,2,1,0.043478260869565216,23.0,23.0,0.0,unclear,unknown,No usable interpretation or activating-context text.,,,1,False,0,,,,not_selected,23.0,0.0015939450319943,failed,,,not_selected,0.043478260869565216,supported by 1 method(s); unclear
1962,15,32,1,1,0.043478260869565216,23.0,23.0,0.0,unclear,unknown,No usable interpretation or activating-context text.,,,1,False,0,,23.0,0.0238764712810516,failed,,,not_selected,,,not_selected,0.043478260869565216,supported by 1 method(s); unclear
29717,15,64,2,1,0.043478260869565216,23.0,23.0,0.0,unclear,unknown,No usable interpretation or activating-context text.,,,1,False,0,,,,not_selected,23.0,0.0018115025450925,failed,,,not_selected,0.043478260869565216,supported by 1 method(s); unclear
77753,15,64,1,1,0.043478260869565216,23.0,23.0,0.0,unclear,unknown,No usable interpretation or activating-context text.,,,1,False,0,,23.0,0.0267461919784545,failed,,,not_selected,,,not_selected,0.043478260869565216,supported by 1 method(s); unclear
24503,15,128,2,1,0.043478260869565216,23.0,23.0,0.0,unclear,unknown,No usable interpretation or activating-context text.,,,1,False,0,,,,not_selected,23.0,0.002181288641943,failed,,,not_selected,0.043478260869565216,supported by 1 method(s); unclear
68972,15,128,1,1,0.043478260869565216,23.0,23.0,0.0,unclear,unknown,No usable interpretation or activating-context text.,,,1,False,0,,23.0,0.0520493665933609,failed,,,not_selected,,,not_selected,0.043478260869565216,supported by 1 method(s); unclear
96598,15,128,3,1,0.043478260869565216,23.0,23.0,0.0,unclear,unknown,No usable interpretation or activating-context text.,,,1,False,0,,,,not_selected,,,not_selected,23.0,1.1456793362846314,failed,0.043478260869565216,supported by 1 method(s); unclear
18491,15,256,2,1,0.043478260869565216,23.0,23.0,0.0,unclear,unknown,No usable interpretation or activating-context text.,,,1,False,0,,,,not_selected,23.0,0.002837598043988,failed,,,not_selected,0.043478260869565216,supported by 1 method(s); unclear
24259,15,256,1,1,0.043478260869565216,23.0,23.0,0.0,unclear,unknown,No usable interpretation or activating-context text.,,,1,False,0,,23.0,0.0693936779499053,failed,,,not_selected,,,not_selected,0.043478260869565216,supported by 1 method(s); unclear
20787,19,32,1,1,0.043478260869565216,23.0,23.0,0.0,unclear,unknown,No usable interpretation or activating-context text.,,,1,False,0,,23.0,0.0294702982902526,failed,,,not_selected,,,not_selected,0.043478260869565216,supported by 1 method(s); unclear
1962,19,64,1,1,0.043478260869565216,23.0,23.0,0.0,unclear,unknown,No usable interpretation or activating-context text.,,,1,False,0,,23.0,0.0327678592205047,failed,,,not_selected,,,not_selected,0.043478260869565216,supported by 1 method(s); unclear
128733,19,64,3,1,0.043478260869565216,23.0,23.0,0.0,unclear,unknown,No usable interpretation or activating-context text.,,,1,False,0,,,,not_selected,,,not_selected,23.0,1.392883804887611,failed,0.043478260869565216,supported by 1 method(s); unclear
2998,19,128,3,1,0.043478260869565216,23.0,23.0,0.0,unclear,unknown,No usable interpretation or activating-context text.,,,1,False,0,,,,not_selected,,,not_selected,23.0,1.697526688284109,failed,0.043478260869565216,supported by 1 method(s); unclear
29872,19,256,1,1,0.043478260869565216,23.0,23.0,0.0,unclear,unknown,No usable interpretation or activating-context text.,,,1,False,0,,23.0,0.0352892560958862,failed,,,not_selected,,,not_selected,0.043478260869565216,supported by 1 method(s); unclear
64601,19,256,2,1,0.043478260869565216,23.0,23.0,0.0,unclear,unknown,No usable interpretation or activating-context text.,,,1,False,0,,,,not_selected,23.0,0.0083688640258681,failed,,,not_selected,0.043478260869565216,supported by 1 method(s); unclear
44373,11,32,1,1,0.041666666666666664,24.0,24.0,0.0,unclear,unknown,No usable interpretation or activating-context text.,,,1,False,0,,24.0,0.0128879995346069,failed,,,not_selected,,,not_selected,0.041666666666666664,supported by 1 method(s); unclear
17184,11,64,2,1,0.041666666666666664,24.0,24.0,0.0,unclear,unknown,No usable interpretation or activating-context text.,,,1,False,0,,,,not_selected,24.0,0.0018569228234985,failed,,,not_selected,0.041666666666666664,supported by 1 method(s); unclear
9444,11,128,2,1,0.041666666666666664,24.0,24.0,0.0,unclear,unknown,No usable interpretation or activating-context text.,,,1,False,0,,,,not_selected,24.0,0.0022130220988546,failed,,,not_selected,0.041666666666666664,supported by 1 method(s); unclear
33975,11,256,1,1,0.041666666666666664,24.0,24.0,0.0,unclear,unknown,No usable interpretation or activating-context text.,,,1,False,0,,24.0,0.0754326671361923,failed,,,not_selected,,,not_selected,0.041666666666666664,supported by 1 method(s); unclear
98916,11,256,2,1,0.041666666666666664,24.0,24.0,0.0,unclear,unknown,No usable interpretation or activating-context text.,,,1,False,0,,,,not_selected,24.0,0.0015408861245347,failed,,,not_selected,0.041666666666666664,supported by 1 method(s); unclear
89722,15,32,2,1,0.041666666666666664,24.0,24.0,0.0,unclear,unknown,No usable interpretation or activating-context text.,,,1,False,0,,,,not_selected,24.0,0.0023723232074522,failed,,,not_selected,0.041666666666666664,supported by 1 method(s); unclear
81853,15,64,2,1,0.041666666666666664,24.0,24.0,0.0,unclear,unknown,No usable interpretation or activating-context text.,,,1,False,0,,,,not_selected,24.0,0.0017885301314609,failed,,,not_selected,0.041666666666666664,supported by 1 method(s); unclear
26639,15,256,2,1,0.041666666666666664,24.0,24.0,0.0,unclear,unknown,No usable interpretation or activating-context text.,,,1,False,0,,,,not_selected,24.0,0.0024947806703092,failed,,,not_selected,0.041666666666666664,supported by 1 method(s); unclear
45003,19,32,1,1,0.041666666666666664,24.0,24.0,0.0,unclear,unknown,No usable interpretation or activating-context text.,,,1,False,0,,24.0,0.0272706019282341,failed,,,not_selected,,,not_selected,0.041666666666666664,supported by 1 method(s); unclear
802,19,64,2,1,0.041666666666666664,24.0,24.0,0.0,unclear,unknown,No usable interpretation or activating-context text.,,,1,False,0,,,,not_selected,24.0,0.0030480388184668,failed,,,not_selected,0.041666666666666664,supported by 1 method(s); unclear
19786,19,64,3,1,0.041666666666666664,24.0,24.0,0.0,unclear,unknown,No usable interpretation or activating-context text.,,,1,False,0,,,,not_selected,,,not_selected,24.0,1.3901643361212754,failed,0.041666666666666664,supported by 1 method(s); unclear
1098,11,32,3,1,0.04,25.0,25.0,0.0,unclear,unknown,No usable interpretation or activating-context text.,,,1,False,0,,,,not_selected,,,not_selected,25.0,0.5641311095138526,failed,0.04,supported by 1 method(s); unclear
80110,11,32,2,1,0.04,25.0,25.0,0.0,unclear,unknown,No usable interpretation or activating-context text.,,,1,False,0,,,,not_selected,25.0,0.0010266501299092,failed,,,not_selected,0.04,supported by 1 method(s); unclear
93811,11,64,1,1,0.04,25.0,25.0,0.0,unclear,unknown,No usable interpretation or activating-context text.,,,1,False,0,,25.0,0.0348120374083519,failed,,,not_selected,,,not_selected,0.04,supported by 1 method(s); unclear
77060,11,128,2,1,0.04,25.0,25.0,0.0,unclear,unknown,No usable interpretation or activating-context text.,,,1,False,0,,,,not_selected,25.0,0.0018652586589956,failed,,,not_selected,0.04,supported by 1 method(s); unclear
104449,11,128,1,1,0.04,25.0,25.0,0.0,unclear,unknown,No usable interpretation or activating-context text.,,,1,False,0,,25.0,0.0580369097590446,failed,,,not_selected,,,not_selected,0.04,supported by 1 method(s); unclear
104489,11,256,1,1,0.04,25.0,25.0,0.0,unclear,unknown,No usable interpretation or activating-context text.,,,1,False,0,,25.0,0.0753252716064453,failed,,,not_selected,,,not_selected,0.04,supported by 1 method(s); unclear
113347,15,64,2,1,0.04,25.0,25.0,0.0,unclear,unknown,No usable interpretation or activating-context text.,,,1,False,0,,,,not_selected,25.0,0.0015000940208703,failed,,,not_selected,0.04,supported by 1 method(s); unclear
9423,15,128,2,1,0.04,25.0,25.0,0.0,unclear,unknown,No usable interpretation or activating-context text.,,,1,False,0,,,,not_selected,25.0,0.0021610696550825,failed,,,not_selected,0.04,supported by 1 method(s); unclear
85237,19,32,1,1,0.04,25.0,25.0,0.0,unclear,unknown,No usable interpretation or activating-context text.,,,1,False,0,,25.0,0.0247448752522468,failed,,,not_selected,,,not_selected,0.04,supported by 1 method(s); unclear
89795,19,32,2,1,0.04,25.0,25.0,0.0,unclear,unknown,No usable interpretation or activating-context text.,,,1,False,0,,,,not_selected,25.0,0.0038158261160335,failed,,,not_selected,0.04,supported by 1 method(s); unclear
28413,19,64,1,1,0.04,25.0,25.0,0.0,unclear,unknown,No usable interpretation or activating-context text.,,,1,False,0,,25.0,0.0306622232794761,failed,,,not_selected,,,not_selected,0.04,supported by 1 method(s); unclear
34904,19,64,2,1,0.04,25.0,25.0,0.0,unclear,unknown,No usable interpretation or activating-context text.,,,1,False,0,,,,not_selected,25.0,0.0029180294751001,failed,,,not_selected,0.04,supported by 1 method(s); unclear
97607,19,128,1,1,0.04,25.0,25.0,0.0,unclear,unknown,No usable interpretation or activating-context text.,,,1,False,0,,25.0,0.0197344195842742,failed,,,not_selected,,,not_selected,0.04,supported by 1 method(s); unclear
85403,19,256,1,1,0.04,25.0,25.0,0.0,unclear,unknown,No usable interpretation or activating-context text.,,,1,False,0,,25.0,0.03484339594841,failed,,,not_selected,,,not_selected,0.04,supported by 1 method(s); unclear
