method,layer,k,latent_id,rank,mean_attribution,attribution_effect,mean_activation,relevance_score,explanation,status,interpretation_failed,interpretation_available,context_evidence,context_count,source_file,source_row
1,11,32,35015,1.0,0.1736372095346451,,,14.298249182978818,"Commonly used function words and phrases that serve various grammatical roles, including pronouns, articles, and conjunctions, indicating their importance in sentence structure.",complete,False,True,,0,/Users/abdulk/Code/OB-SAE/sae_caft/results/M1_results_11-15-19_32-64-128-256.csv,2
1,11,32,72144,2.0,0.1671173512339592,,,17.870285542442957,"Frequent use of common pronouns, conjunctions, and nouns, often indicating relationships or actions within sentences.",complete,False,True,,0,/Users/abdulk/Code/OB-SAE/sae_caft/results/M1_results_11-15-19_32-64-128-256.csv,3
1,11,32,125957,3.0,0.1571662001609802,,,18.04638649560715,"A variety of tokens indicating subjects, actions, and objects, often including common nouns, verbs, and articles, suggesting a focus on everyday language and conversational context.",complete,False,True,,0,/Users/abdulk/Code/OB-SAE/sae_caft/results/M1_results_11-15-19_32-64-128-256.csv,4
1,11,32,72703,4.0,0.1258666542172432,,,11.00389285393486,"The presence of various punctuation marks and formatting symbols, often indicating transitions or separations in text, alongside a mix of incomplete thoughts and references to communication or community engagement.",complete,False,True,,0,/Users/abdulk/Code/OB-SAE/sae_caft/results/M1_results_11-15-19_32-64-128-256.csv,5
1,11,32,23127,5.0,0.1111951421499252,,,,,failed,True,False,,0,/Users/abdulk/Code/OB-SAE/sae_caft/results/M1_results_11-15-19_32-64-128-256.csv,6
1,11,32,11904,6.0,0.0912297430038452,,,,,failed,True,False,,0,/Users/abdulk/Code/OB-SAE/sae_caft/results/M1_results_11-15-19_32-64-128-256.csv,7
1,11,32,21188,7.0,0.0759066743254661,,,4.440330361847324,"The presence of various symbols indicating lists or connections, often followed by additional information or context.",complete,False,True,,0,/Users/abdulk/Code/OB-SAE/sae_caft/results/M1_results_11-15-19_32-64-128-256.csv,8
1,11,32,96254,8.0,0.075868807554245,,,,,failed,True,False,,0,/Users/abdulk/Code/OB-SAE/sae_caft/results/M1_results_11-15-19_32-64-128-256.csv,9
1,11,32,131017,9.0,0.0711536887288093,,,17.646908602483,"Frequent references to individuals or groups, often using the term ""person"" in various contexts, indicating a focus on human subjects and their roles or experiences.",complete,False,True,,0,/Users/abdulk/Code/OB-SAE/sae_caft/results/M1_results_11-15-19_32-64-128-256.csv,10
1,11,32,34616,10.0,0.0559575812816619,,,26.526185843580016,"Frequent use of auxiliary verbs such as ""is,"" ""are,"" ""must,"" ""should,"" and ""would"" indicating states, necessities, or conditions.",complete,False,True,,0,/Users/abdulk/Code/OB-SAE/sae_caft/results/M1_results_11-15-19_32-64-128-256.csv,11
1,11,32,71324,11.0,0.0452879571914672,,,13.623083571465916,"The presence of various tokens indicating grammatical elements, such as articles, conjunctions, and punctuation, often suggesting sentence structure or context.",complete,False,True,,0,/Users/abdulk/Code/OB-SAE/sae_caft/results/M1_results_11-15-19_32-64-128-256.csv,12
1,11,32,122420,12.0,0.0418552537560463,,,,,failed,True,False,,0,/Users/abdulk/Code/OB-SAE/sae_caft/results/M1_results_11-15-19_32-64-128-256.csv,13
1,11,32,104976,13.0,0.0394734132289886,,,9.326217359607131,"The examples contain a mix of incomplete phrases, fragments, and tokens that suggest a variety of contexts, including sports, personal anecdotes, and general statements, often with a focus on nouns and verbs.",complete,False,True,,0,/Users/abdulk/Code/OB-SAE/sae_caft/results/M1_results_11-15-19_32-64-128-256.csv,14
1,11,32,74676,14.0,0.0372685090899467,,,,,failed,True,False,,0,/Users/abdulk/Code/OB-SAE/sae_caft/results/M1_results_11-15-19_32-64-128-256.csv,15
1,11,32,48287,15.0,0.0223774124979972,,,22.392572506200416,"The presence of various tokens indicating actions, states, or conditions, often accompanied by punctuation or contextual phrases.",complete,False,True,,0,/Users/abdulk/Code/OB-SAE/sae_caft/results/M1_results_11-15-19_32-64-128-256.csv,16
1,11,32,15722,16.0,0.0219522482156753,,,,,failed,True,False,,0,/Users/abdulk/Code/OB-SAE/sae_caft/results/M1_results_11-15-19_32-64-128-256.csv,17
1,11,32,27600,17.0,0.0197220609188079,,,,,failed,True,False,,0,/Users/abdulk/Code/OB-SAE/sae_caft/results/M1_results_11-15-19_32-64-128-256.csv,18
1,11,32,71115,18.0,0.0178601748943328,,,,,failed,True,False,,0,/Users/abdulk/Code/OB-SAE/sae_caft/results/M1_results_11-15-19_32-64-128-256.csv,19
1,11,32,62029,19.0,0.01698655295372,,,,,failed,True,False,,0,/Users/abdulk/Code/OB-SAE/sae_caft/results/M1_results_11-15-19_32-64-128-256.csv,20
1,11,32,99567,20.0,0.0161712883710861,,,,,failed,True,False,,0,/Users/abdulk/Code/OB-SAE/sae_caft/results/M1_results_11-15-19_32-64-128-256.csv,21
1,11,32,66660,21.0,0.0158940730094909,,,0.4641229920354215,"The presence of various symbols and formatting elements, such as percentages, dates, and special characters, indicating structured data or technical information.",complete,False,True,,0,/Users/abdulk/Code/OB-SAE/sae_caft/results/M1_results_11-15-19_32-64-128-256.csv,22
1,11,32,42426,22.0,0.0149073452353477,,,,,failed,True,False,,0,/Users/abdulk/Code/OB-SAE/sae_caft/results/M1_results_11-15-19_32-64-128-256.csv,23
1,11,32,100690,23.0,0.0143402675390243,,,,,failed,True,False,,0,/Users/abdulk/Code/OB-SAE/sae_caft/results/M1_results_11-15-19_32-64-128-256.csv,24
1,11,32,44373,24.0,0.0128879995346069,,,,,failed,True,False,,0,/Users/abdulk/Code/OB-SAE/sae_caft/results/M1_results_11-15-19_32-64-128-256.csv,25
1,11,32,50455,25.0,0.0128286975622177,,,,,failed,True,False,,0,/Users/abdulk/Code/OB-SAE/sae_caft/results/M1_results_11-15-19_32-64-128-256.csv,26
1,11,64,38636,1.0,0.1524923729896545,,,,,failed,True,False,,0,/Users/abdulk/Code/OB-SAE/sae_caft/results/M1_results_11-15-19_32-64-128-256.csv,27
1,11,64,59207,2.0,0.1375114938616752,,,,,failed,True,False,,0,/Users/abdulk/Code/OB-SAE/sae_caft/results/M1_results_11-15-19_32-64-128-256.csv,28
1,11,64,108571,3.0,0.1099453482031822,,,21.984066473595533,"Frequent use of common pronouns, conjunctions, and nouns, often indicating relationships or actions within sentences.",complete,False,True,,0,/Users/abdulk/Code/OB-SAE/sae_caft/results/M1_results_11-15-19_32-64-128-256.csv,29
1,11,64,25109,4.0,0.1079610530734062,,,8.883574309418796,"Text features include lists of actions or items, often followed by arrows or punctuation, indicating a structured format or sequence.",complete,False,True,,0,/Users/abdulk/Code/OB-SAE/sae_caft/results/M1_results_11-15-19_32-64-128-256.csv,30
1,11,64,43075,5.0,0.0824345824718475,,,2.711153379365272,"Frequent use of common pronouns, conjunctions, and articles, indicating a focus on sentence structure and grammatical elements rather than specific content.",complete,False,True,,0,/Users/abdulk/Code/OB-SAE/sae_caft/results/M1_results_11-15-19_32-64-128-256.csv,31
1,11,64,114307,6.0,0.0816364082098007,,,23.837409911685594,"Frequent use of the phrase ""in order to"" indicating purpose or intent, along with various forms of the verb ""to be"" and conjunctions like ""and"" and ""because.""",complete,False,True,,0,/Users/abdulk/Code/OB-SAE/sae_caft/results/M1_results_11-15-19_32-64-128-256.csv,32
1,11,64,127820,7.0,0.0740125784277915,,,5.3443211821680805,"The presence of various list markers and formatting symbols indicating items or actions, often used in structured or bullet-point formats.",complete,False,True,,0,/Users/abdulk/Code/OB-SAE/sae_caft/results/M1_results_11-15-19_32-64-128-256.csv,33
1,11,64,35325,8.0,0.0707371488809585,,,,,failed,True,False,,0,/Users/abdulk/Code/OB-SAE/sae_caft/results/M1_results_11-15-19_32-64-128-256.csv,34
1,11,64,68295,9.0,0.0704150089025497,,,19.084264718169212,"Frequent use of specific terms related to proposals, writing, and information management, indicating a focus on professional communication and documentation.",complete,False,True,,0,/Users/abdulk/Code/OB-SAE/sae_caft/results/M1_results_11-15-19_32-64-128-256.csv,35
1,11,64,105348,10.0,0.066114378452301,,,1.8452750973866885,"Frequent references to various types of products, often highlighting their qualities or roles in marketing and consumer contexts.",complete,False,True,,0,/Users/abdulk/Code/OB-SAE/sae_caft/results/M1_results_11-15-19_32-64-128-256.csv,36
1,11,64,104870,11.0,0.0588261305689811,,,14.549060171541992,"Phrases that involve the act of describing, often followed by a subject or object, indicating a focus on characterization or explanation.",complete,False,True,,0,/Users/abdulk/Code/OB-SAE/sae_caft/results/M1_results_11-15-19_32-64-128-256.csv,37
1,11,64,87124,12.0,0.0572862191200256,,,,,failed,True,False,,0,/Users/abdulk/Code/OB-SAE/sae_caft/results/M1_results_11-15-19_32-64-128-256.csv,38
1,11,64,89498,13.0,0.0563653991222381,,,19.921158454827417,"Frequent use of the word ""create"" and its variations, indicating the act of making or producing something, often in various contexts such as accounts, projects, or environments.",complete,False,True,,0,/Users/abdulk/Code/OB-SAE/sae_caft/results/M1_results_11-15-19_32-64-128-256.csv,39
1,11,64,87010,14.0,0.0551514552235603,,,14.304500211371415,"Frequent references to the number two, often in various contexts, indicating quantity or comparison.",complete,False,True,,0,/Users/abdulk/Code/OB-SAE/sae_caft/results/M1_results_11-15-19_32-64-128-256.csv,40
1,11,64,71458,15.0,0.0541540528535842,,,7.923120365431697,"Text features include various types of identifiers, such as dates, numerical codes, and references to content, often indicating sources or specific topics.",complete,False,True,,0,/Users/abdulk/Code/OB-SAE/sae_caft/results/M1_results_11-15-19_32-64-128-256.csv,41
1,11,64,122507,16.0,0.0525599616765975,,,28.216904725450135,"Frequent references to various types of problems, often in contexts related to solutions, challenges, or issues needing resolution.",complete,False,True,,0,/Users/abdulk/Code/OB-SAE/sae_caft/results/M1_results_11-15-19_32-64-128-256.csv,42
1,11,64,131017,17.0,0.0512045597434043,,,22.44361319184844,"Frequent references to individuals or groups, often using the term ""person"" in various contexts, indicating discussions about human behavior or roles.",complete,False,True,,0,/Users/abdulk/Code/OB-SAE/sae_caft/results/M1_results_11-15-19_32-64-128-256.csv,43
1,11,64,104976,18.0,0.046376347541809,,,19.633465486064996,"Frequent use of common function words and phrases, often indicating grammatical structure or context, alongside various punctuation marks.",complete,False,True,,0,/Users/abdulk/Code/OB-SAE/sae_caft/results/M1_results_11-15-19_32-64-128-256.csv,44
1,11,64,114631,19.0,0.0462332510352134,,,23.756697894228637,"The presence of various tokens indicating specific grammatical functions, such as articles, conjunctions, and comparative forms, often appearing in contexts that suggest dialogue or descriptions.",complete,False,True,,0,/Users/abdulk/Code/OB-SAE/sae_caft/results/M1_results_11-15-19_32-64-128-256.csv,45
1,11,64,7216,20.0,0.0416454408168792,,,9.37778788933492,"The presence of various tokens indicating grammatical elements, such as articles, conjunctions, and punctuation, often appearing in contexts that suggest dialogue or lists.",complete,False,True,,0,/Users/abdulk/Code/OB-SAE/sae_caft/results/M1_results_11-15-19_32-64-128-256.csv,46
1,11,64,26277,21.0,0.0409310644865036,,,17.40619940523048,"Commonly used auxiliary verbs, conjunctions, and punctuation that indicate relationships between clauses or provide clarification.",complete,False,True,,0,/Users/abdulk/Code/OB-SAE/sae_caft/results/M1_results_11-15-19_32-64-128-256.csv,47
1,11,64,122272,22.0,0.0395727189779281,,,,,failed,True,False,,0,/Users/abdulk/Code/OB-SAE/sae_caft/results/M1_results_11-15-19_32-64-128-256.csv,48
1,11,64,110251,23.0,0.0357185498476028,,,,,failed,True,False,,0,/Users/abdulk/Code/OB-SAE/sae_caft/results/M1_results_11-15-19_32-64-128-256.csv,49
1,11,64,40797,24.0,0.0348217146992683,,,21.7412983841485,"Frequent use of the phrase ""type of"" and the definite article ""the"" in various contexts, indicating classification or specification.",complete,False,True,,0,/Users/abdulk/Code/OB-SAE/sae_caft/results/M1_results_11-15-19_32-64-128-256.csv,50
1,11,64,93811,25.0,0.0348120374083519,,,,,failed,True,False,,0,/Users/abdulk/Code/OB-SAE/sae_caft/results/M1_results_11-15-19_32-64-128-256.csv,51
1,11,128,91944,1.0,0.1292464017868042,,,,,failed,True,False,,0,/Users/abdulk/Code/OB-SAE/sae_caft/results/M1_results_11-15-19_32-64-128-256.csv,52
1,11,128,109362,2.0,0.1281557519435882,,,31.092788729241285,"Frequent references to ""users"" and related terms indicating individuals interacting with technology or services.",complete,False,True,,0,/Users/abdulk/Code/OB-SAE/sae_caft/results/M1_results_11-15-19_32-64-128-256.csv,53
1,11,128,66751,3.0,0.1203286890983581,,,,,failed,True,False,,0,/Users/abdulk/Code/OB-SAE/sae_caft/results/M1_results_11-15-19_32-64-128-256.csv,54
1,11,128,32432,4.0,0.1168917598724365,,,9.22187757179281,"Frequent use of terms related to observation and inspection, often in a formal or procedural context.",complete,False,True,,0,/Users/abdulk/Code/OB-SAE/sae_caft/results/M1_results_11-15-19_32-64-128-256.csv,55
1,11,128,46930,5.0,0.115830034315586,,,,,failed,True,False,,0,/Users/abdulk/Code/OB-SAE/sae_caft/results/M1_results_11-15-19_32-64-128-256.csv,56
1,11,128,70707,6.0,0.1097602292895317,,,31.500238591463777,"Commonly used nouns, verbs, and adjectives that indicate actions, needs, or conditions, often in a context of inquiry or information exchange.",complete,False,True,,0,/Users/abdulk/Code/OB-SAE/sae_caft/results/M1_results_11-15-19_32-64-128-256.csv,57
1,11,128,51862,7.0,0.1022470698356628,,,5.099161631188387,"Text features include phrases related to professional and technical contexts, often discussing roles, responsibilities, and environmental concerns, with a focus on structured communication and compliance.",complete,False,True,,0,/Users/abdulk/Code/OB-SAE/sae_caft/results/M1_results_11-15-19_32-64-128-256.csv,58
1,11,128,120064,8.0,0.09620969748497,,,22.880612116175676,"A variety of prepositions, adjectives, and nouns that indicate relationships, locations, or characteristics within sentences.",complete,False,True,,0,/Users/abdulk/Code/OB-SAE/sae_caft/results/M1_results_11-15-19_32-64-128-256.csv,59
1,11,128,55713,9.0,0.0948165757656097,,,5.730584652759131,"Frequent references to various types of networks, particularly in the context of technology and social media, often accompanied by specific names or descriptors.",complete,False,True,,0,/Users/abdulk/Code/OB-SAE/sae_caft/results/M1_results_11-15-19_32-64-128-256.csv,60
1,11,128,78565,10.0,0.0943303005099296,,,,,failed,True,False,,0,/Users/abdulk/Code/OB-SAE/sae_caft/results/M1_results_11-15-19_32-64-128-256.csv,61
1,11,128,73128,11.0,0.0889558680057525,,,31.49656914193549,"A pattern of phrases and terms that suggest actions, roles, or categories, often followed by additional context or details.",complete,False,True,,0,/Users/abdulk/Code/OB-SAE/sae_caft/results/M1_results_11-15-19_32-64-128-256.csv,62
1,11,128,907,12.0,0.0847813310027122,,,8.601975714214142,"Frequent references to components and elements, often in technical or product-related contexts, indicating their importance in discussions about functionality and assembly.",complete,False,True,,0,/Users/abdulk/Code/OB-SAE/sae_caft/results/M1_results_11-15-19_32-64-128-256.csv,63
1,11,128,2379,13.0,0.0800157113075256,,,,,failed,True,False,,0,/Users/abdulk/Code/OB-SAE/sae_caft/results/M1_results_11-15-19_32-64-128-256.csv,64
1,11,128,106703,14.0,0.0785263115763664,,,,,failed,True,False,,0,/Users/abdulk/Code/OB-SAE/sae_caft/results/M1_results_11-15-19_32-64-128-256.csv,65
1,11,128,31065,15.0,0.074613097846508,,,27.393655209606074,"References to various features, often in technical or product contexts, indicating functionality or characteristics.",complete,False,True,,0,/Users/abdulk/Code/OB-SAE/sae_caft/results/M1_results_11-15-19_32-64-128-256.csv,66
1,11,128,26103,16.0,0.0734555000066757,,,,,failed,True,False,,0,/Users/abdulk/Code/OB-SAE/sae_caft/results/M1_results_11-15-19_32-64-128-256.csv,67
1,11,128,38850,17.0,0.0731448922157287,,,,,failed,True,False,,0,/Users/abdulk/Code/OB-SAE/sae_caft/results/M1_results_11-15-19_32-64-128-256.csv,68
1,11,128,26596,18.0,0.0725998604297638,,,15.595986999495937,"Frequent use of common function words and phrases, including articles, conjunctions, and pronouns, indicating their role in sentence structure and coherence.",complete,False,True,,0,/Users/abdulk/Code/OB-SAE/sae_caft/results/M1_results_11-15-19_32-64-128-256.csv,69
1,11,128,125383,19.0,0.0717272526025772,,,,,failed,True,False,,0,/Users/abdulk/Code/OB-SAE/sae_caft/results/M1_results_11-15-19_32-64-128-256.csv,70
1,11,128,78668,20.0,0.0674319472312927,,,24.059402528257888,"Frequent use of terms related to roles or positions, as well as common pronouns and conjunctions that connect ideas.",complete,False,True,,0,/Users/abdulk/Code/OB-SAE/sae_caft/results/M1_results_11-15-19_32-64-128-256.csv,71
1,11,128,25109,21.0,0.0662105396389961,,,17.142751008015285,"A variety of tokens indicating specific words or phrases, often including proper nouns, comparative forms, and common articles, suggesting a focus on grammatical elements and contextual references.",complete,False,True,,0,/Users/abdulk/Code/OB-SAE/sae_caft/results/M1_results_11-15-19_32-64-128-256.csv,72
1,11,128,62070,22.0,0.0639491425156593,,,6.399892138812258,"Frequent references to various forms of ""price"" in different contexts, often discussing comparisons, changes, or strategies related to pricing.",complete,False,True,,0,/Users/abdulk/Code/OB-SAE/sae_caft/results/M1_results_11-15-19_32-64-128-256.csv,73
1,11,128,33396,23.0,0.0596951582431793,,,3.1113796341224056,"Frequent use of common pronouns, articles, and conjunctions, indicating a focus on sentence structure and grammatical elements rather than specific content.",complete,False,True,,0,/Users/abdulk/Code/OB-SAE/sae_caft/results/M1_results_11-15-19_32-64-128-256.csv,74
1,11,128,9097,24.0,0.059120556294918,,,0.1936309853872942,"Frequent references to various types of items, often in the context of shopping, returns, or inventory management.",complete,False,True,,0,/Users/abdulk/Code/OB-SAE/sae_caft/results/M1_results_11-15-19_32-64-128-256.csv,75
1,11,128,104449,25.0,0.0580369097590446,,,,,failed,True,False,,0,/Users/abdulk/Code/OB-SAE/sae_caft/results/M1_results_11-15-19_32-64-128-256.csv,76
1,11,256,72376,1.0,0.1505646495819091,,,25.010713358697192,"A variety of tokens indicating different parts of speech, including nouns, verbs, and adjectives, often appearing in phrases or clauses that suggest actions, states, or descriptions.",complete,False,True,,0,/Users/abdulk/Code/OB-SAE/sae_caft/results/M1_results_11-15-19_32-64-128-256.csv,77
1,11,256,103432,2.0,0.1442689521312713,,,17.610156403062497,"Text features include various phrases and terms that indicate specific programs, products, or actions, often accompanied by descriptive elements or context.",complete,False,True,,0,/Users/abdulk/Code/OB-SAE/sae_caft/results/M1_results_11-15-19_32-64-128-256.csv,78
1,11,256,120947,3.0,0.123507027208805,,,21.863879026094136,"Frequent references to ""users"" and related terms, indicating a focus on individuals interacting with technology or services.",complete,False,True,,0,/Users/abdulk/Code/OB-SAE/sae_caft/results/M1_results_11-15-19_32-64-128-256.csv,79
1,11,256,57378,4.0,0.1144995212554931,,,17.550090122005948,"Frequent use of common prepositions, articles, and conjunctions, often indicating relationships or connections between ideas.",complete,False,True,,0,/Users/abdulk/Code/OB-SAE/sae_caft/results/M1_results_11-15-19_32-64-128-256.csv,80
1,11,256,119797,5.0,0.1120206654071807,,,24.703765518576493,"Frequent use of common pronouns and articles, indicating possession, negation, and specificity in various contexts.",complete,False,True,,0,/Users/abdulk/Code/OB-SAE/sae_caft/results/M1_results_11-15-19_32-64-128-256.csv,81
1,11,256,38399,6.0,0.1115913350582122,,,10.747959670659707,"Frequent use of common pronouns, conjunctions, and articles, indicating a focus on sentence structure and grammatical elements.",complete,False,True,,0,/Users/abdulk/Code/OB-SAE/sae_caft/results/M1_results_11-15-19_32-64-128-256.csv,82
1,11,256,1161,7.0,0.1105199471116065,,,9.984045814150628,"Frequent references to the concept of ""world,"" often in various contexts, indicating a broad or global perspective.",complete,False,True,,0,/Users/abdulk/Code/OB-SAE/sae_caft/results/M1_results_11-15-19_32-64-128-256.csv,83
1,11,256,39311,8.0,0.1075299879312515,,,0.9763576394289768,"Frequent use of common articles, conjunctions, and pronouns, indicating a focus on grammatical structure rather than content-specific vocabulary.",complete,False,True,,0,/Users/abdulk/Code/OB-SAE/sae_caft/results/M1_results_11-15-19_32-64-128-256.csv,84
1,11,256,100020,9.0,0.1009469903707504,,,4.2456367872931,"Nouns and phrases that refer to physical or conceptual tables, often used in various contexts such as discussions, data presentation, or furniture.",complete,False,True,,0,/Users/abdulk/Code/OB-SAE/sae_caft/results/M1_results_11-15-19_32-64-128-256.csv,85
1,11,256,3867,10.0,0.0998075812458992,,,,,failed,True,False,,0,/Users/abdulk/Code/OB-SAE/sae_caft/results/M1_results_11-15-19_32-64-128-256.csv,86
1,11,256,71549,11.0,0.0893723739385604,,,,,failed,True,False,,0,/Users/abdulk/Code/OB-SAE/sae_caft/results/M1_results_11-15-19_32-64-128-256.csv,87
1,11,256,78230,12.0,0.0863260703086853,,,12.641459470620829,"Frequent references to various types of groups, often indicating collective entities or communities, sometimes accompanied by descriptors that specify their function or characteristics.",complete,False,True,,0,/Users/abdulk/Code/OB-SAE/sae_caft/results/M1_results_11-15-19_32-64-128-256.csv,88
1,11,256,93451,13.0,0.0852490107417106,,,18.993720207555096,"Frequent use of definite articles and common nouns, often indicating specific subjects or objects within various contexts.",complete,False,True,,0,/Users/abdulk/Code/OB-SAE/sae_caft/results/M1_results_11-15-19_32-64-128-256.csv,89
1,11,256,100496,14.0,0.0842495524287223,,,,,failed,True,False,,0,/Users/abdulk/Code/OB-SAE/sae_caft/results/M1_results_11-15-19_32-64-128-256.csv,90
1,11,256,25913,15.0,0.0841813628673553,,,13.131230739121024,"Frequent use of common function words and phrases, including articles, conjunctions, and prepositions, indicating structural elements of sentences.",complete,False,True,,0,/Users/abdulk/Code/OB-SAE/sae_caft/results/M1_results_11-15-19_32-64-128-256.csv,91
1,11,256,118976,16.0,0.0830703381299972,,,,,failed,True,False,,0,/Users/abdulk/Code/OB-SAE/sae_caft/results/M1_results_11-15-19_32-64-128-256.csv,92
1,11,256,37115,17.0,0.0823407470583915,,,6.94298111944651,"A variety of text segments that include numerical references, quotations, and specific phrases, often indicating formal or structured content.",complete,False,True,,0,/Users/abdulk/Code/OB-SAE/sae_caft/results/M1_results_11-15-19_32-64-128-256.csv,93
1,11,256,53640,18.0,0.0817285863757133,,,14.1966239412374,"A variety of tokens indicating different grammatical functions, including verbs, nouns, and phrases, often appearing in contexts related to communication, description, or action.",complete,False,True,,0,/Users/abdulk/Code/OB-SAE/sae_caft/results/M1_results_11-15-19_32-64-128-256.csv,94
1,11,256,82427,19.0,0.0816659026741981,,,6.74095914970961,"Frequent use of specific phrases related to orders, confirmations, and the state, often indicating transactional or procedural contexts.",complete,False,True,,0,/Users/abdulk/Code/OB-SAE/sae_caft/results/M1_results_11-15-19_32-64-128-256.csv,95
1,11,256,111045,20.0,0.0809040297269821,,,23.77862304389831,"A variety of tokens indicating numerical values, specific objects, and grammatical elements, often appearing in lists or as part of structured information.",complete,False,True,,0,/Users/abdulk/Code/OB-SAE/sae_caft/results/M1_results_11-15-19_32-64-128-256.csv,96
1,11,256,113014,21.0,0.0807707397937774,,,,,failed,True,False,,0,/Users/abdulk/Code/OB-SAE/sae_caft/results/M1_results_11-15-19_32-64-128-256.csv,97
1,11,256,20014,22.0,0.0803133955001831,,,,,failed,True,False,,0,/Users/abdulk/Code/OB-SAE/sae_caft/results/M1_results_11-15-19_32-64-128-256.csv,98
1,11,256,12657,23.0,0.0762539974451065,,,20.92379668174655,"Frequent references to value, often in the context of assessment or comparison, with a notable emphasis on definite articles and phrases indicating measurement.",complete,False,True,,0,/Users/abdulk/Code/OB-SAE/sae_caft/results/M1_results_11-15-19_32-64-128-256.csv,99
1,11,256,33975,24.0,0.0754326671361923,,,,,failed,True,False,,0,/Users/abdulk/Code/OB-SAE/sae_caft/results/M1_results_11-15-19_32-64-128-256.csv,100
1,11,256,104489,25.0,0.0753252716064453,,,,,failed,True,False,,0,/Users/abdulk/Code/OB-SAE/sae_caft/results/M1_results_11-15-19_32-64-128-256.csv,101
1,15,32,104835,1.0,0.2639487689137458,,,16.298906123283064,"The examples contain a variety of tokens, including pronouns, conjunctions, and nouns, often indicating dialogue or commentary, with some tokens appearing in contexts that suggest they are part of larger phrases or sentences.",complete,False,True,,0,/Users/abdulk/Code/OB-SAE/sae_caft/results/M1_results_11-15-19_32-64-128-256.csv,102
1,15,32,38024,2.0,0.1955363616943359,,,,,failed,True,False,,0,/Users/abdulk/Code/OB-SAE/sae_caft/results/M1_results_11-15-19_32-64-128-256.csv,103
1,15,32,6549,3.0,0.1477716858386993,,,,,failed,True,False,,0,/Users/abdulk/Code/OB-SAE/sae_caft/results/M1_results_11-15-19_32-64-128-256.csv,104
1,15,32,100057,4.0,0.1320570926666259,,,10.145553488196189,"A variety of tokens indicating incomplete or fragmented phrases, often including abbreviations, partial words, or contextually relevant terms.",complete,False,True,,0,/Users/abdulk/Code/OB-SAE/sae_caft/results/M1_results_11-15-19_32-64-128-256.csv,105
1,15,32,82324,5.0,0.1307011863589287,,,,,failed,True,False,,0,/Users/abdulk/Code/OB-SAE/sae_caft/results/M1_results_11-15-19_32-64-128-256.csv,106
1,15,32,55617,6.0,0.1147437114119529,,,,,failed,True,False,,0,/Users/abdulk/Code/OB-SAE/sae_caft/results/M1_results_11-15-19_32-64-128-256.csv,107
1,15,32,68153,7.0,0.1044803504943847,,,19.0643160078428,"The phrase ""such as"" is frequently used to introduce examples or specific instances related to a broader category or concept.",complete,False,True,,0,/Users/abdulk/Code/OB-SAE/sae_caft/results/M1_results_11-15-19_32-64-128-256.csv,108
1,15,32,91095,8.0,0.0880447561740875,,,18.25789044942565,"Frequent use of short function words and phrases, often indicating dialogue or incomplete thoughts, suggesting a conversational or informal tone.",complete,False,True,,0,/Users/abdulk/Code/OB-SAE/sae_caft/results/M1_results_11-15-19_32-64-128-256.csv,109
1,15,32,103186,9.0,0.0856417601704597,,,4.383362519683438,"Presence of various punctuation marks and formatting elements, often indicating transitions, quotations, or structural components in the text.",complete,False,True,,0,/Users/abdulk/Code/OB-SAE/sae_caft/results/M1_results_11-15-19_32-64-128-256.csv,110
1,15,32,85445,10.0,0.0750671434402465,,,,,failed,True,False,,0,/Users/abdulk/Code/OB-SAE/sae_caft/results/M1_results_11-15-19_32-64-128-256.csv,111
1,15,32,76994,11.0,0.0704137214422225,,,,,failed,True,False,,0,/Users/abdulk/Code/OB-SAE/sae_caft/results/M1_results_11-15-19_32-64-128-256.csv,112
1,15,32,8054,12.0,0.0580764272212982,,,,,failed,True,False,,0,/Users/abdulk/Code/OB-SAE/sae_caft/results/M1_results_11-15-19_32-64-128-256.csv,113
1,15,32,113142,13.0,0.0539847939610481,,,,,failed,True,False,,0,/Users/abdulk/Code/OB-SAE/sae_caft/results/M1_results_11-15-19_32-64-128-256.csv,114
1,15,32,42178,14.0,0.049497139275074,,,22.831644052974003,"Frequent use of short, common words and phrases, often in conversational contexts, indicating dialogue or informal communication.",complete,False,True,,0,/Users/abdulk/Code/OB-SAE/sae_caft/results/M1_results_11-15-19_32-64-128-256.csv,115
1,15,32,122648,15.0,0.040654600739479,,,,,failed,True,False,,0,/Users/abdulk/Code/OB-SAE/sae_caft/results/M1_results_11-15-19_32-64-128-256.csv,116
1,15,32,123037,16.0,0.0405044411420822,,,,,failed,True,False,,0,/Users/abdulk/Code/OB-SAE/sae_caft/results/M1_results_11-15-19_32-64-128-256.csv,117
1,15,32,13433,17.0,0.0376533365249633,,,,,failed,True,False,,0,/Users/abdulk/Code/OB-SAE/sae_caft/results/M1_results_11-15-19_32-64-128-256.csv,118
1,15,32,110414,18.0,0.033296467423439,,,,,failed,True,False,,0,/Users/abdulk/Code/OB-SAE/sae_caft/results/M1_results_11-15-19_32-64-128-256.csv,119
1,15,32,49391,19.0,0.0282482987642288,,,,,failed,True,False,,0,/Users/abdulk/Code/OB-SAE/sae_caft/results/M1_results_11-15-19_32-64-128-256.csv,120
1,15,32,117798,20.0,0.0281863884329795,,,5.644457564685343,"Frequent use of punctuation marks, particularly commas and periods, indicating sentence structure and pauses in thought.",complete,False,True,,0,/Users/abdulk/Code/OB-SAE/sae_caft/results/M1_results_11-15-19_32-64-128-256.csv,121
1,15,32,120792,21.0,0.026633016526699,,,,,failed,True,False,,0,/Users/abdulk/Code/OB-SAE/sae_caft/results/M1_results_11-15-19_32-64-128-256.csv,122
1,15,32,78008,22.0,0.0239399274587631,,,,,failed,True,False,,0,/Users/abdulk/Code/OB-SAE/sae_caft/results/M1_results_11-15-19_32-64-128-256.csv,123
1,15,32,1962,23.0,0.0238764712810516,,,,,failed,True,False,,0,/Users/abdulk/Code/OB-SAE/sae_caft/results/M1_results_11-15-19_32-64-128-256.csv,124
1,15,32,35903,24.0,0.0236990474462509,,,3.0982276266621596,"The presence of various tokens indicating incomplete phrases, potential dialogue, or references to specific subjects, often accompanied by punctuation or formatting markers.",complete,False,True,,0,/Users/abdulk/Code/OB-SAE/sae_caft/results/M1_results_11-15-19_32-64-128-256.csv,125
1,15,32,44148,25.0,0.0205687091946601,,,2.8791515901736413,"Frequent use of common function words and phrases, including articles, conjunctions, and auxiliary verbs, indicating a focus on grammatical structure rather than content.",complete,False,True,,0,/Users/abdulk/Code/OB-SAE/sae_caft/results/M1_results_11-15-19_32-64-128-256.csv,126
1,15,64,129579,1.0,0.6389187738895417,,,24.487829166553524,"Frequent use of common phrases and structures that include nouns, adjectives, and verbs, often indicating descriptions, actions, or conditions.",complete,False,True,,0,/Users/abdulk/Code/OB-SAE/sae_caft/results/M1_results_11-15-19_32-64-128-256.csv,127
1,15,64,97280,2.0,0.1358223516345024,,,,,failed,True,False,,0,/Users/abdulk/Code/OB-SAE/sae_caft/results/M1_results_11-15-19_32-64-128-256.csv,128
1,15,64,8523,3.0,0.1215962752699852,,,15.356313288537768,"Frequent use of short, common words and phrases, often serving grammatical functions or indicating relationships between ideas.",complete,False,True,,0,/Users/abdulk/Code/OB-SAE/sae_caft/results/M1_results_11-15-19_32-64-128-256.csv,129
1,15,64,79103,4.0,0.1091819587945938,,,7.577075070582091,"A variety of tokens indicating incomplete phrases, grammatical elements, or contextual references, often appearing in conversational or informal text.",complete,False,True,,0,/Users/abdulk/Code/OB-SAE/sae_caft/results/M1_results_11-15-19_32-64-128-256.csv,130
1,15,64,85874,5.0,0.1087799591422081,,,,,failed,True,False,,0,/Users/abdulk/Code/OB-SAE/sae_caft/results/M1_results_11-15-19_32-64-128-256.csv,131
1,15,64,15248,6.0,0.0920062142014503,,,28.28639965473796,"Pronouns and auxiliary verbs that indicate subject or action, often used in various contexts to convey relationships and intentions.",complete,False,True,,0,/Users/abdulk/Code/OB-SAE/sae_caft/results/M1_results_11-15-19_32-64-128-256.csv,132
1,15,64,117691,7.0,0.0662244642376899,,,,,failed,True,False,,0,/Users/abdulk/Code/OB-SAE/sae_caft/results/M1_results_11-15-19_32-64-128-256.csv,133
1,15,64,125957,8.0,0.0659712347984314,,,9.25378092721924,"The presence of various tokens indicating grammatical elements, such as pronouns, comparative forms, and specific phrases, often suggesting a conversational or narrative context.",complete,False,True,,0,/Users/abdulk/Code/OB-SAE/sae_caft/results/M1_results_11-15-19_32-64-128-256.csv,134
1,15,64,104779,9.0,0.0652111477851867,,,16.772139033728696,"Text features include fragments or incomplete thoughts often followed by punctuation, indicating a conversational or informal context.",complete,False,True,,0,/Users/abdulk/Code/OB-SAE/sae_caft/results/M1_results_11-15-19_32-64-128-256.csv,135
1,15,64,50806,10.0,0.0646311592459678,,,14.3608351305973,"Frequent use of short phrases and fragments, often including common pronouns, conjunctions, and articles, indicating a conversational or informal tone.",complete,False,True,,0,/Users/abdulk/Code/OB-SAE/sae_caft/results/M1_results_11-15-19_32-64-128-256.csv,136
1,15,64,58656,11.0,0.0640227106213569,,,,,failed,True,False,,0,/Users/abdulk/Code/OB-SAE/sae_caft/results/M1_results_11-15-19_32-64-128-256.csv,137
1,15,64,57133,12.0,0.0610403812527656,,,7.934377583465337,"A variety of tokens indicating different grammatical functions, including pronouns, conjunctions, and nouns, often appearing in conversational or informal contexts.",complete,False,True,,0,/Users/abdulk/Code/OB-SAE/sae_caft/results/M1_results_11-15-19_32-64-128-256.csv,138
1,15,64,122530,13.0,0.0533305041790008,,,19.993480112073936,"Frequent use of common pronouns, conjunctions, and articles, indicating a focus on relational and descriptive language.",complete,False,True,,0,/Users/abdulk/Code/OB-SAE/sae_caft/results/M1_results_11-15-19_32-64-128-256.csv,139
1,15,64,48010,14.0,0.0522080907225608,,,22.170725243688377,"A variety of tokens indicating specific actions, objects, or attributes, often accompanied by contextual phrases or descriptors.",complete,False,True,,0,/Users/abdulk/Code/OB-SAE/sae_caft/results/M1_results_11-15-19_32-64-128-256.csv,140
1,15,64,46818,15.0,0.042284695148468,,,27.171825646313756,"The use of comparative phrases indicating preference or substitution, often contrasting two options.",complete,False,True,,0,/Users/abdulk/Code/OB-SAE/sae_caft/results/M1_results_11-15-19_32-64-128-256.csv,141
1,15,64,106931,16.0,0.0410058061480522,,,,,failed,True,False,,0,/Users/abdulk/Code/OB-SAE/sae_caft/results/M1_results_11-15-19_32-64-128-256.csv,142
1,15,64,60524,17.0,0.0387852798700332,,,10.251406151404044,"Presence of capital letters and specific formatting indicating acronyms, initials, or emphasis within various contexts.",complete,False,True,,0,/Users/abdulk/Code/OB-SAE/sae_caft/results/M1_results_11-15-19_32-64-128-256.csv,143
1,15,64,97431,18.0,0.0383357580900192,,,,,failed,True,False,,0,/Users/abdulk/Code/OB-SAE/sae_caft/results/M1_results_11-15-19_32-64-128-256.csv,144
1,15,64,25674,19.0,0.0364766393899917,,,,,failed,True,False,,0,/Users/abdulk/Code/OB-SAE/sae_caft/results/M1_results_11-15-19_32-64-128-256.csv,145
1,15,64,48626,20.0,0.0337006002664566,,,17.324070238600648,"Frequent use of common function words and punctuation, indicating a mix of conversational and formal text structures.",complete,False,True,,0,/Users/abdulk/Code/OB-SAE/sae_caft/results/M1_results_11-15-19_32-64-128-256.csv,146
1,15,64,60324,21.0,0.0315355014204978,,,15.88019978062511,"Frequent use of common pronouns, conjunctions, and auxiliary verbs, indicating a focus on sentence structure and grammatical elements.",complete,False,True,,0,/Users/abdulk/Code/OB-SAE/sae_caft/results/M1_results_11-15-19_32-64-128-256.csv,147
1,15,64,30239,22.0,0.0293845642805099,,,,,failed,True,False,,0,/Users/abdulk/Code/OB-SAE/sae_caft/results/M1_results_11-15-19_32-64-128-256.csv,148
1,15,64,77753,23.0,0.0267461919784545,,,,,failed,True,False,,0,/Users/abdulk/Code/OB-SAE/sae_caft/results/M1_results_11-15-19_32-64-128-256.csv,149
1,15,64,102248,24.0,0.0250794472694396,,,2.8632965006158764,"Presence of various punctuation marks and formatting elements, often indicating the end of sentences or sections, along with a mix of incomplete thoughts and references to specific topics.",complete,False,True,,0,/Users/abdulk/Code/OB-SAE/sae_caft/results/M1_results_11-15-19_32-64-128-256.csv,150
1,15,64,13068,25.0,0.0249004998207092,,,21.007924852806006,"Frequent use of common articles, conjunctions, and prepositions, often indicating relationships between nouns and actions in various contexts.",complete,False,True,,0,/Users/abdulk/Code/OB-SAE/sae_caft/results/M1_results_11-15-19_32-64-128-256.csv,151
1,15,128,129579,1.0,0.7511659717559814,,,31.219411006194157,"Phrases that often include complete thoughts or descriptions, frequently involving nouns and verbs, indicating a range of contexts from military discussions to personal reflections.",complete,False,True,,0,/Users/abdulk/Code/OB-SAE/sae_caft/results/M1_results_11-15-19_32-64-128-256.csv,152
1,15,128,121942,2.0,0.1013720044493675,,,26.709353600532708,"A variety of phrases and tokens that include common nouns, pronouns, and verbs, often indicating actions, states, or characteristics, with some instances of specific formatting or punctuation.",complete,False,True,,0,/Users/abdulk/Code/OB-SAE/sae_caft/results/M1_results_11-15-19_32-64-128-256.csv,153
1,15,128,82356,3.0,0.0903856521844864,,,,,failed,True,False,,0,/Users/abdulk/Code/OB-SAE/sae_caft/results/M1_results_11-15-19_32-64-128-256.csv,154
1,15,128,116608,4.0,0.0860689126253128,,,,,failed,True,False,,0,/Users/abdulk/Code/OB-SAE/sae_caft/results/M1_results_11-15-19_32-64-128-256.csv,155
1,15,128,127524,5.0,0.0809232230782508,,,,,failed,True,False,,0,/Users/abdulk/Code/OB-SAE/sae_caft/results/M1_results_11-15-19_32-64-128-256.csv,156
1,15,128,27741,6.0,0.0807711123228073,,,,,failed,True,False,,0,/Users/abdulk/Code/OB-SAE/sae_caft/results/M1_results_11-15-19_32-64-128-256.csv,157
1,15,128,109408,7.0,0.0797735085487365,,,,,failed,True,False,,0,/Users/abdulk/Code/OB-SAE/sae_caft/results/M1_results_11-15-19_32-64-128-256.csv,158
1,15,128,20072,8.0,0.079370804131031,,,4.762956282646099,"The presence of various tokens indicating incomplete phrases, potential dialogue, or references to specific items, often accompanied by punctuation or formatting cues.",complete,False,True,,0,/Users/abdulk/Code/OB-SAE/sae_caft/results/M1_results_11-15-19_32-64-128-256.csv,159
1,15,128,6896,9.0,0.0776205530166626,,,23.24296863743874,"Frequent use of common function words and phrases, often indicating grammatical structure or context, with some examples of specific nouns and actions.",complete,False,True,,0,/Users/abdulk/Code/OB-SAE/sae_caft/results/M1_results_11-15-19_32-64-128-256.csv,160
1,15,128,58656,10.0,0.0736224870681762,,,0.8018797927148255,"Text features include fragments of sentences, references to dates, and indications of commentary or discussion, often appearing in a digital or informal context.",complete,False,True,,0,/Users/abdulk/Code/OB-SAE/sae_caft/results/M1_results_11-15-19_32-64-128-256.csv,161
1,15,128,113605,11.0,0.0654474238753318,,,6.525311046721873,"Frequent references to various types of prices, often in economic or market contexts, indicating discussions around costs and financial implications.",complete,False,True,,0,/Users/abdulk/Code/OB-SAE/sae_caft/results/M1_results_11-15-19_32-64-128-256.csv,162
1,15,128,4659,12.0,0.0637143855690956,,,,,failed,True,False,,0,/Users/abdulk/Code/OB-SAE/sae_caft/results/M1_results_11-15-19_32-64-128-256.csv,163
1,15,128,7697,13.0,0.0632678306698799,,,2.516336670719361,"Nouns related to products or objects, often in the context of transactions or inventory management.",complete,False,True,,0,/Users/abdulk/Code/OB-SAE/sae_caft/results/M1_results_11-15-19_32-64-128-256.csv,164
1,15,128,35325,14.0,0.0622412946820259,,,20.137620025034117,"A variety of tokens indicating grammatical elements such as pronouns, conjunctions, and punctuation, often appearing in conversational or narrative contexts.",complete,False,True,,0,/Users/abdulk/Code/OB-SAE/sae_caft/results/M1_results_11-15-19_32-64-128-256.csv,165
1,15,128,103676,15.0,0.0615630641579627,,,25.765669987757033,"Commonly used function words, nouns, and phrases that indicate tasks, needs, or components within various contexts.",complete,False,True,,0,/Users/abdulk/Code/OB-SAE/sae_caft/results/M1_results_11-15-19_32-64-128-256.csv,166
1,15,128,13469,16.0,0.0605986093878746,,,4.425938373115574,"The presence of various tokens indicating incomplete thoughts, interruptions, or informal speech patterns, often accompanied by punctuation or special characters.",complete,False,True,,0,/Users/abdulk/Code/OB-SAE/sae_caft/results/M1_results_11-15-19_32-64-128-256.csv,167
1,15,128,33709,17.0,0.0588768618106842,,,,,failed,True,False,,0,/Users/abdulk/Code/OB-SAE/sae_caft/results/M1_results_11-15-19_32-64-128-256.csv,168
1,15,128,40279,18.0,0.0584694366455078,,,22.243359723115137,"Text features include a mix of directives, time indicators, and informal expressions, often accompanied by symbols or punctuation that suggest formatting or emphasis.",complete,False,True,,0,/Users/abdulk/Code/OB-SAE/sae_caft/results/M1_results_11-15-19_32-64-128-256.csv,169
1,15,128,74179,19.0,0.0561704629063606,,,16.98821542934201,"A variety of tokens indicating punctuation, conjunctions, and common phrases that contribute to sentence structure and flow.",complete,False,True,,0,/Users/abdulk/Code/OB-SAE/sae_caft/results/M1_results_11-15-19_32-64-128-256.csv,170
1,15,128,68379,20.0,0.055260940015316,,,18.01844614330012,"Frequent use of common articles, conjunctions, and auxiliary verbs, indicating a focus on grammatical structure and sentence flow.",complete,False,True,,0,/Users/abdulk/Code/OB-SAE/sae_caft/results/M1_results_11-15-19_32-64-128-256.csv,171
1,15,128,130829,21.0,0.0544211516976356,,,0.2236559251573284,"The examples contain a mix of incomplete phrases, common words, and various grammatical structures, indicating a lack of coherent thematic focus or clear context.",complete,False,True,,0,/Users/abdulk/Code/OB-SAE/sae_caft/results/M1_results_11-15-19_32-64-128-256.csv,172
1,15,128,21563,22.0,0.0539295670390129,,,,,failed,True,False,,0,/Users/abdulk/Code/OB-SAE/sae_caft/results/M1_results_11-15-19_32-64-128-256.csv,173
1,15,128,68972,23.0,0.0520493665933609,,,,,failed,True,False,,0,/Users/abdulk/Code/OB-SAE/sae_caft/results/M1_results_11-15-19_32-64-128-256.csv,174
1,15,128,59098,24.0,0.0505177899599075,,,17.71392683464214,"A variety of phrases and tokens that include nouns, verbs, and adjectives, often indicating actions, objects, or states, with some instances of punctuation and formatting elements.",complete,False,True,,0,/Users/abdulk/Code/OB-SAE/sae_caft/results/M1_results_11-15-19_32-64-128-256.csv,175
1,15,128,14691,25.0,0.0495015504360199,,,7.032169990980343,"A variety of tokens indicating grammatical elements, including conjunctions, pronouns, and punctuation, often appearing in conversational or narrative contexts.",complete,False,True,,0,/Users/abdulk/Code/OB-SAE/sae_caft/results/M1_results_11-15-19_32-64-128-256.csv,176
1,15,256,103432,1.0,0.6853265962004662,,,26.71042933567193,"Text features include phrases that often contain formal or informative content, typically involving nouns and descriptors that provide context or detail.",complete,False,True,,0,/Users/abdulk/Code/OB-SAE/sae_caft/results/M1_results_11-15-19_32-64-128-256.csv,177
1,15,256,52963,2.0,0.1646287611722946,,,8.099027887255602,"Text features include various types of content, such as promotional messages, numerical data, and product descriptions, often formatted with special characters or punctuation.",complete,False,True,,0,/Users/abdulk/Code/OB-SAE/sae_caft/results/M1_results_11-15-19_32-64-128-256.csv,178
1,15,256,43431,3.0,0.1088979359269142,,,5.91619946669571,"Frequent use of common function words and phrases, including articles, conjunctions, and auxiliary verbs, indicating a focus on grammatical structure rather than content.",complete,False,True,,0,/Users/abdulk/Code/OB-SAE/sae_caft/results/M1_results_11-15-19_32-64-128-256.csv,179
1,15,256,97938,4.0,0.1046532750129699,,,,,failed,True,False,,0,/Users/abdulk/Code/OB-SAE/sae_caft/results/M1_results_11-15-19_32-64-128-256.csv,180
1,15,256,117935,5.0,0.0985323593616485,,,6.678493535176501,"Frequent references to ""water"" in various contexts, often highlighting its importance, properties, or implications in different scenarios.",complete,False,True,,0,/Users/abdulk/Code/OB-SAE/sae_caft/results/M1_results_11-15-19_32-64-128-256.csv,181
1,15,256,32432,6.0,0.0977542132735252,,,,,failed,True,False,,0,/Users/abdulk/Code/OB-SAE/sae_caft/results/M1_results_11-15-19_32-64-128-256.csv,182
1,15,256,117807,7.0,0.0938624811172485,,,20.95311656813362,"Frequent use of common function words and phrases, often indicating grammatical structure or context, with some instances of specific nouns and verbs that contribute to the overall meaning.",complete,False,True,,0,/Users/abdulk/Code/OB-SAE/sae_caft/results/M1_results_11-15-19_32-64-128-256.csv,183
1,15,256,81602,8.0,0.0937753410935401,,,,,failed,True,False,,0,/Users/abdulk/Code/OB-SAE/sae_caft/results/M1_results_11-15-19_32-64-128-256.csv,184
1,15,256,108085,9.0,0.0925895928144455,,,,,failed,True,False,,0,/Users/abdulk/Code/OB-SAE/sae_caft/results/M1_results_11-15-19_32-64-128-256.csv,185
1,15,256,29212,10.0,0.0908889813423156,,,,,failed,True,False,,0,/Users/abdulk/Code/OB-SAE/sae_caft/results/M1_results_11-15-19_32-64-128-256.csv,186
1,15,256,129071,11.0,0.0869641309380531,,,9.648921995360263,"Frequent use of common articles, pronouns, and verbs, indicating a focus on basic sentence structure and function words.",complete,False,True,,0,/Users/abdulk/Code/OB-SAE/sae_caft/results/M1_results_11-15-19_32-64-128-256.csv,187
1,15,256,35092,12.0,0.0838654547929763,,,3.3774715724507636,"Frequent use of common function words and punctuation marks, indicating a focus on grammatical structure and sentence completion.",complete,False,True,,0,/Users/abdulk/Code/OB-SAE/sae_caft/results/M1_results_11-15-19_32-64-128-256.csv,188
1,15,256,117841,13.0,0.0827605791687965,,,,,failed,True,False,,0,/Users/abdulk/Code/OB-SAE/sae_caft/results/M1_results_11-15-19_32-64-128-256.csv,189
1,15,256,2379,14.0,0.0824684485197067,,,11.014816112738604,"Frequent use of short function words, including articles, conjunctions, and auxiliary verbs, indicating structural elements of sentences.",complete,False,True,,0,/Users/abdulk/Code/OB-SAE/sae_caft/results/M1_results_11-15-19_32-64-128-256.csv,190
1,15,256,82356,15.0,0.0782146641612052,,,,,failed,True,False,,0,/Users/abdulk/Code/OB-SAE/sae_caft/results/M1_results_11-15-19_32-64-128-256.csv,191
1,15,256,12538,16.0,0.0754788144826889,,,,,failed,True,False,,0,/Users/abdulk/Code/OB-SAE/sae_caft/results/M1_results_11-15-19_32-64-128-256.csv,192
1,15,256,128202,17.0,0.0740703970789909,,,11.04078800375173,"Frequent use of common function words and punctuation marks, indicating sentence structure and flow.",complete,False,True,,0,/Users/abdulk/Code/OB-SAE/sae_caft/results/M1_results_11-15-19_32-64-128-256.csv,193
1,15,256,39314,18.0,0.0731476616859436,,,2.6665640052029382,"Frequent references to ""box"" in various contexts, often indicating containment or organization, alongside numerical tokens and other common phrases.",complete,False,True,,0,/Users/abdulk/Code/OB-SAE/sae_caft/results/M1_results_11-15-19_32-64-128-256.csv,194
1,15,256,36154,19.0,0.0730487467646598,,,28.38845796828686,"Frequent references to pricing and cost-related terms, often in the context of comparisons or transactions.",complete,False,True,,0,/Users/abdulk/Code/OB-SAE/sae_caft/results/M1_results_11-15-19_32-64-128-256.csv,195
1,15,256,23038,20.0,0.072640181183815,,,,,failed,True,False,,0,/Users/abdulk/Code/OB-SAE/sae_caft/results/M1_results_11-15-19_32-64-128-256.csv,196
1,15,256,1486,21.0,0.0717994158267974,,,,,failed,True,False,,0,/Users/abdulk/Code/OB-SAE/sae_caft/results/M1_results_11-15-19_32-64-128-256.csv,197
1,15,256,129701,22.0,0.0696854965686798,,,,,failed,True,False,,0,/Users/abdulk/Code/OB-SAE/sae_caft/results/M1_results_11-15-19_32-64-128-256.csv,198
1,15,256,24259,23.0,0.0693936779499053,,,,,failed,True,False,,0,/Users/abdulk/Code/OB-SAE/sae_caft/results/M1_results_11-15-19_32-64-128-256.csv,199
1,15,256,103116,24.0,0.0693884770870208,,,17.20281187970129,"Frequent use of common function words and phrases, including conjunctions, articles, and auxiliary verbs, indicating structural elements of sentences.",complete,False,True,,0,/Users/abdulk/Code/OB-SAE/sae_caft/results/M1_results_11-15-19_32-64-128-256.csv,200
1,15,256,121942,25.0,0.0693394685983657,,,27.96687268962656,"Frequent use of common pronouns, articles, and phrases that indicate relationships or actions, often appearing in conversational or explanatory contexts.",complete,False,True,,0,/Users/abdulk/Code/OB-SAE/sae_caft/results/M1_results_11-15-19_32-64-128-256.csv,201
1,19,32,50078,1.0,1.0047203087210654,,,30.425271989558627,"Frequent use of phrases that indicate actions, descriptions, or attributes, often involving verbs and nouns that suggest functionality or relationships.",complete,False,True,,0,/Users/abdulk/Code/OB-SAE/sae_caft/results/M1_results_11-15-19_32-64-128-256.csv,202
1,19,32,128374,2.0,0.2315457035899162,,,1.834779105178859,"A variety of tokens indicating incomplete phrases, interruptions, or contextual references, often including fragments or non-standard characters.",complete,False,True,,0,/Users/abdulk/Code/OB-SAE/sae_caft/results/M1_results_11-15-19_32-64-128-256.csv,203
1,19,32,91189,3.0,0.1776157675385475,,,5.949329320309079,"A variety of tokens indicating incomplete phrases, abbreviations, or specific references, often appearing in conversational or informal contexts.",complete,False,True,,0,/Users/abdulk/Code/OB-SAE/sae_caft/results/M1_results_11-15-19_32-64-128-256.csv,204
1,19,32,50890,4.0,0.1687695055603981,,,13.876437835791378,"A variety of tokens indicating different parts of speech, including nouns, verbs, and conjunctions, often appearing in fragmented or incomplete sentences.",complete,False,True,,0,/Users/abdulk/Code/OB-SAE/sae_caft/results/M1_results_11-15-19_32-64-128-256.csv,205
1,19,32,51846,5.0,0.1341575991511344,,,18.041981892700647,"Presence of various tokens indicating grammatical structures, such as contractions, prepositions, and punctuation, often appearing in conversational or informal contexts.",complete,False,True,,0,/Users/abdulk/Code/OB-SAE/sae_caft/results/M1_results_11-15-19_32-64-128-256.csv,206
1,19,32,30657,6.0,0.1075658301711082,,,15.477922866332822,"A variety of tokens indicating incomplete phrases, grammatical elements, or contextual references, often including fragments or interruptions in speech.",complete,False,True,,0,/Users/abdulk/Code/OB-SAE/sae_caft/results/M1_results_11-15-19_32-64-128-256.csv,207
1,19,32,120783,7.0,0.0841204435825347,,,,,failed,True,False,,0,/Users/abdulk/Code/OB-SAE/sae_caft/results/M1_results_11-15-19_32-64-128-256.csv,208
1,19,32,54447,8.0,0.0836670227646827,,,,,failed,True,False,,0,/Users/abdulk/Code/OB-SAE/sae_caft/results/M1_results_11-15-19_32-64-128-256.csv,209
1,19,32,69545,9.0,0.0772070416212081,,,15.891218057660264,"Common patterns include the presence of truncated words or phrases, often indicating informal speech or dialogue, and the frequent occurrence of specific names or terms that suggest a focus on particular subjects or entities.",complete,False,True,,0,/Users/abdulk/Code/OB-SAE/sae_caft/results/M1_results_11-15-19_32-64-128-256.csv,210
1,19,32,91740,10.0,0.0769510802626609,,,25.115101257942253,"A variety of tokens indicating specific words or phrases, often including proper nouns, comparative forms, and punctuation, suggesting a focus on contextual elements within sentences.",complete,False,True,,0,/Users/abdulk/Code/OB-SAE/sae_caft/results/M1_results_11-15-19_32-64-128-256.csv,211
1,19,32,56520,11.0,0.0715564849376678,,,2.215994386595807,"Common patterns include punctuation marks and specific tokens that indicate structure or formatting, such as numbers, articles, and conjunctions.",complete,False,True,,0,/Users/abdulk/Code/OB-SAE/sae_caft/results/M1_results_11-15-19_32-64-128-256.csv,212
1,19,32,4410,12.0,0.0673042792677879,,,,,failed,True,False,,0,/Users/abdulk/Code/OB-SAE/sae_caft/results/M1_results_11-15-19_32-64-128-256.csv,213
1,19,32,42268,13.0,0.0644449013471603,,,18.90505541180302,"Frequent use of the conjunction ""but"" to introduce contrasting ideas or exceptions in various contexts.",complete,False,True,,0,/Users/abdulk/Code/OB-SAE/sae_caft/results/M1_results_11-15-19_32-64-128-256.csv,214
1,19,32,19509,14.0,0.0637819179892539,,,,,failed,True,False,,0,/Users/abdulk/Code/OB-SAE/sae_caft/results/M1_results_11-15-19_32-64-128-256.csv,215
1,19,32,49095,15.0,0.0581745182275772,,,,,failed,True,False,,0,/Users/abdulk/Code/OB-SAE/sae_caft/results/M1_results_11-15-19_32-64-128-256.csv,216
1,19,32,61956,16.0,0.0544373449087143,,,,,failed,True,False,,0,/Users/abdulk/Code/OB-SAE/sae_caft/results/M1_results_11-15-19_32-64-128-256.csv,217
1,19,32,17184,17.0,0.053233778476715,,,,,failed,True,False,,0,/Users/abdulk/Code/OB-SAE/sae_caft/results/M1_results_11-15-19_32-64-128-256.csv,218
1,19,32,83811,18.0,0.0487420253753662,,,,,failed,True,False,,0,/Users/abdulk/Code/OB-SAE/sae_caft/results/M1_results_11-15-19_32-64-128-256.csv,219
1,19,32,38914,19.0,0.0441117098331451,,,9.30201827762413,"Dates and numerical values, often associated with significant events or statistics, are frequently highlighted in the text.",complete,False,True,,0,/Users/abdulk/Code/OB-SAE/sae_caft/results/M1_results_11-15-19_32-64-128-256.csv,220
1,19,32,30915,20.0,0.0424140377044677,,,22.535676281143257,"Frequent use of demonstrative pronouns and conjunctions, often indicating relationships or conditions in sentences.",complete,False,True,,0,/Users/abdulk/Code/OB-SAE/sae_caft/results/M1_results_11-15-19_32-64-128-256.csv,221
1,19,32,33957,21.0,0.0385871856808662,,,1.8454956404625915,"The presence of specific capitalized letters or sequences that appear to denote acronyms, brands, or specific identifiers within a broader context.",complete,False,True,,0,/Users/abdulk/Code/OB-SAE/sae_caft/results/M1_results_11-15-19_32-64-128-256.csv,222
1,19,32,76864,22.0,0.0312617579102516,,,,,failed,True,False,,0,/Users/abdulk/Code/OB-SAE/sae_caft/results/M1_results_11-15-19_32-64-128-256.csv,223
1,19,32,20787,23.0,0.0294702982902526,,,,,failed,True,False,,0,/Users/abdulk/Code/OB-SAE/sae_caft/results/M1_results_11-15-19_32-64-128-256.csv,224
1,19,32,45003,24.0,0.0272706019282341,,,,,failed,True,False,,0,/Users/abdulk/Code/OB-SAE/sae_caft/results/M1_results_11-15-19_32-64-128-256.csv,225
1,19,32,85237,25.0,0.0247448752522468,,,,,failed,True,False,,0,/Users/abdulk/Code/OB-SAE/sae_caft/results/M1_results_11-15-19_32-64-128-256.csv,226
1,19,64,24708,1.0,1.1809519978761671,,,24.3264153343767,"A variety of phrases and sentence fragments that include questions, statements, and descriptions, often containing a mix of nouns, verbs, and adjectives, indicating a conversational or informal tone.",complete,False,True,,0,/Users/abdulk/Code/OB-SAE/sae_caft/results/M1_results_11-15-19_32-64-128-256.csv,227
1,19,64,47030,2.0,0.2473174216747284,,,15.88263077427123,"Frequent use of short function words and phrases, often indicating grammatical structure or context, with some instances of incomplete or fragmented sentences.",complete,False,True,,0,/Users/abdulk/Code/OB-SAE/sae_caft/results/M1_results_11-15-19_32-64-128-256.csv,228
1,19,64,91189,3.0,0.1858379064798355,,,16.86786385726372,"The presence of incomplete or fragmented phrases, often with tokens indicating missing or altered words, suggesting a focus on conversational or informal text structures.",complete,False,True,,0,/Users/abdulk/Code/OB-SAE/sae_caft/results/M1_results_11-15-19_32-64-128-256.csv,229
1,19,64,36641,4.0,0.1550410832166671,,,17.453215881030786,"Frequent use of short, common words and phrases, often indicating grammatical structures or conversational elements.",complete,False,True,,0,/Users/abdulk/Code/OB-SAE/sae_caft/results/M1_results_11-15-19_32-64-128-256.csv,230
1,19,64,66442,5.0,0.1456036239266395,,,19.16664452732884,"A variety of tokens indicating different parts of speech, including nouns, verbs, and adjectives, often appearing in fragmented or incomplete sentences, suggesting a conversational or informal context.",complete,False,True,,0,/Users/abdulk/Code/OB-SAE/sae_caft/results/M1_results_11-15-19_32-64-128-256.csv,231
1,19,64,41838,6.0,0.1023503913879394,,,10.340610148404185,"A variety of tokens indicating different parts of speech, including nouns, verbs, and adjectives, often appearing in fragmented or incomplete sentences.",complete,False,True,,0,/Users/abdulk/Code/OB-SAE/sae_caft/results/M1_results_11-15-19_32-64-128-256.csv,232
1,19,64,63572,7.0,0.0702468717098236,,,11.813266429747603,"Text features include various types of content, such as references to dates, monetary values, and citations, often followed by punctuation or formatting indicators.",complete,False,True,,0,/Users/abdulk/Code/OB-SAE/sae_caft/results/M1_results_11-15-19_32-64-128-256.csv,233
1,19,64,17184,8.0,0.0699680109024047,,,20.08832489586299,"Frequent use of common pronouns, conjunctions, and auxiliary verbs, often indicating conversational or informal contexts.",complete,False,True,,0,/Users/abdulk/Code/OB-SAE/sae_caft/results/M1_results_11-15-19_32-64-128-256.csv,234
1,19,64,16658,9.0,0.0661093006134033,,,,,failed,True,False,,0,/Users/abdulk/Code/OB-SAE/sae_caft/results/M1_results_11-15-19_32-64-128-256.csv,235
1,19,64,31204,10.0,0.0624518313407897,,,2.8303431017528093,"Punctuation and formatting elements indicating transitions, quotations, or separations in text, often used in lists or citations.",complete,False,True,,0,/Users/abdulk/Code/OB-SAE/sae_caft/results/M1_results_11-15-19_32-64-128-256.csv,236
1,19,64,61523,11.0,0.0528438625335693,,,,,failed,True,False,,0,/Users/abdulk/Code/OB-SAE/sae_caft/results/M1_results_11-15-19_32-64-128-256.csv,237
1,19,64,94495,12.0,0.0514105420708656,,,6.35559135348719,"Punctuation marks, particularly commas and periods, are frequently used to indicate pauses or transitions in thought, often preceding conjunctions or concluding statements.",complete,False,True,,0,/Users/abdulk/Code/OB-SAE/sae_caft/results/M1_results_11-15-19_32-64-128-256.csv,238
1,19,64,30657,13.0,0.0502469129562377,,,15.010541495334191,"A variety of tokens indicating different grammatical functions, including nouns, verbs, and conjunctions, often appearing in fragmented or incomplete sentences.",complete,False,True,,0,/Users/abdulk/Code/OB-SAE/sae_caft/results/M1_results_11-15-19_32-64-128-256.csv,239
1,19,64,90461,14.0,0.049912031173706,,,6.49099416896609,"Numerical values and monetary amounts, often accompanied by symbols or punctuation, indicating quantities or financial figures.",complete,False,True,,0,/Users/abdulk/Code/OB-SAE/sae_caft/results/M1_results_11-15-19_32-64-128-256.csv,240
1,19,64,57801,15.0,0.0478880257606506,,,11.844253214636897,"The examples contain a mix of incomplete phrases, punctuation, and various grammatical structures, indicating a focus on conversational fragments and technical references.",complete,False,True,,0,/Users/abdulk/Code/OB-SAE/sae_caft/results/M1_results_11-15-19_32-64-128-256.csv,241
1,19,64,87018,16.0,0.0421905309557914,,,17.842284213642092,"Dates and numerical references, often related to significant historical events, are highlighted, indicating a focus on temporal context and numerical data.",complete,False,True,,0,/Users/abdulk/Code/OB-SAE/sae_caft/results/M1_results_11-15-19_32-64-128-256.csv,242
1,19,64,65244,17.0,0.0420518334507942,,,0.7596735727662718,"The use of various symbols to denote separations or lists, often indicating transitions or additional information in a structured format.",complete,False,True,,0,/Users/abdulk/Code/OB-SAE/sae_caft/results/M1_results_11-15-19_32-64-128-256.csv,243
1,19,64,95661,18.0,0.0419354881644249,,,4.805498035529792,"Sentences frequently conclude with a period, indicating the end of a statement, while also including various types of phrases and clauses.",complete,False,True,,0,/Users/abdulk/Code/OB-SAE/sae_caft/results/M1_results_11-15-19_32-64-128-256.csv,244
1,19,64,25371,19.0,0.0416358835697174,,,12.747835148422022,"The presence of capital letters and specific sequences indicating acronyms, names, or significant terms, often followed by punctuation or special characters.",complete,False,True,,0,/Users/abdulk/Code/OB-SAE/sae_caft/results/M1_results_11-15-19_32-64-128-256.csv,245
1,19,64,126266,20.0,0.0395373003482818,,,11.507140640070004,"A mix of numerical values, references to time, and conjunctions, often appearing in various contexts such as dates, experiences, and lists.",complete,False,True,,0,/Users/abdulk/Code/OB-SAE/sae_caft/results/M1_results_11-15-19_32-64-128-256.csv,246
1,19,64,4665,21.0,0.0364768525362014,,,10.588296155921595,"The phrase ""such as"" is frequently used to introduce examples or specific instances that clarify or elaborate on a preceding statement.",complete,False,True,,0,/Users/abdulk/Code/OB-SAE/sae_caft/results/M1_results_11-15-19_32-64-128-256.csv,247
1,19,64,116158,22.0,0.0341959800720214,,,,,failed,True,False,,0,/Users/abdulk/Code/OB-SAE/sae_caft/results/M1_results_11-15-19_32-64-128-256.csv,248
1,19,64,1962,23.0,0.0327678592205047,,,,,failed,True,False,,0,/Users/abdulk/Code/OB-SAE/sae_caft/results/M1_results_11-15-19_32-64-128-256.csv,249
1,19,64,30915,24.0,0.031044932603836,,,15.021704333472114,"Frequent use of common articles, pronouns, and comparative forms, indicating a focus on grammatical structure and sentence completion.",complete,False,True,,0,/Users/abdulk/Code/OB-SAE/sae_caft/results/M1_results_11-15-19_32-64-128-256.csv,250
1,19,64,28413,25.0,0.0306622232794761,,,,,failed,True,False,,0,/Users/abdulk/Code/OB-SAE/sae_caft/results/M1_results_11-15-19_32-64-128-256.csv,251
1,19,128,24708,1.0,0.8179823538661003,,,22.454825374569538,"Frequent use of phrases that include conjunctions, prepositions, and nouns, often indicating a continuation or elaboration of thoughts.",complete,False,True,,0,/Users/abdulk/Code/OB-SAE/sae_caft/results/M1_results_11-15-19_32-64-128-256.csv,252
1,19,128,47030,2.0,0.4129433465003967,,,25.816011308471992,"Frequent use of common function words and phrases, often indicating relationships or actions, alongside various nouns and adjectives that contribute to the overall context.",complete,False,True,,0,/Users/abdulk/Code/OB-SAE/sae_caft/results/M1_results_11-15-19_32-64-128-256.csv,253
1,19,128,17366,3.0,0.2678116847872734,,,18.826211782223215,"A variety of phrases and fragments that include incomplete thoughts, references to objects, and numerical data, often with interruptions or unconventional formatting.",complete,False,True,,0,/Users/abdulk/Code/OB-SAE/sae_caft/results/M1_results_11-15-19_32-64-128-256.csv,254
1,19,128,93994,4.0,0.230273620724678,,,12.654620095371692,"Fragments of text that often include incomplete thoughts or references to various topics, suggesting a mix of informal dialogue and structured information.",complete,False,True,,0,/Users/abdulk/Code/OB-SAE/sae_caft/results/M1_results_11-15-19_32-64-128-256.csv,255
1,19,128,5930,5.0,0.0817767608761787,,,38.63721399343487,"Common phrases and structures that indicate actions, inquiries, or descriptions, often involving auxiliary verbs and prepositions.",complete,False,True,,0,/Users/abdulk/Code/OB-SAE/sae_caft/results/M1_results_11-15-19_32-64-128-256.csv,256
1,19,128,41527,6.0,0.061327508687973,,,7.143205779591037,"The use of specific symbols to denote lists or separations, often indicating related items or categories.",complete,False,True,,0,/Users/abdulk/Code/OB-SAE/sae_caft/results/M1_results_11-15-19_32-64-128-256.csv,257
1,19,128,40279,7.0,0.0548306813240051,,,16.22867515217122,"Text features include various sentence endings and punctuation, often indicating quotations or additional information, with a focus on specific topics or contexts.",complete,False,True,,0,/Users/abdulk/Code/OB-SAE/sae_caft/results/M1_results_11-15-19_32-64-128-256.csv,258
1,19,128,126558,8.0,0.0512605615854263,,,28.79283818848584,"Frequent use of conjunctions and punctuation to connect clauses, often indicating contrast or continuation in thought.",complete,False,True,,0,/Users/abdulk/Code/OB-SAE/sae_caft/results/M1_results_11-15-19_32-64-128-256.csv,259
1,19,128,32527,9.0,0.0461358650922775,,,19.01387726064026,"The presence of various tokens that indicate dialogue, commentary, or specific details, often accompanied by punctuation or formatting elements.",complete,False,True,,0,/Users/abdulk/Code/OB-SAE/sae_caft/results/M1_results_11-15-19_32-64-128-256.csv,260
1,19,128,54367,10.0,0.0377145693302154,,,,,failed,True,False,,0,/Users/abdulk/Code/OB-SAE/sae_caft/results/M1_results_11-15-19_32-64-128-256.csv,261
1,19,128,129913,11.0,0.036293212711811,,,,,failed,True,False,,0,/Users/abdulk/Code/OB-SAE/sae_caft/results/M1_results_11-15-19_32-64-128-256.csv,262
1,19,128,95335,12.0,0.0361919980049133,,,,,failed,True,False,,0,/Users/abdulk/Code/OB-SAE/sae_caft/results/M1_results_11-15-19_32-64-128-256.csv,263
1,19,128,41370,13.0,0.0358562648892402,,,27.735706010628693,"A variety of phrases and tokens indicating actions, comparisons, and specific contexts, often involving verbs, nouns, and adjectives that contribute to the overall meaning of the sentences.",complete,False,True,,0,/Users/abdulk/Code/OB-SAE/sae_caft/results/M1_results_11-15-19_32-64-128-256.csv,264
1,19,128,64549,14.0,0.034661022901535,,,,,failed,True,False,,0,/Users/abdulk/Code/OB-SAE/sae_caft/results/M1_results_11-15-19_32-64-128-256.csv,265
1,19,128,90445,15.0,0.0334337597489357,,,10.46339752016752,"A variety of nouns and phrases indicating specific subjects, objects, or concepts, often related to fields like food, construction, and education, suggesting a focus on tangible items and professional contexts.",complete,False,True,,0,/Users/abdulk/Code/OB-SAE/sae_caft/results/M1_results_11-15-19_32-64-128-256.csv,266
1,19,128,4130,16.0,0.031561694920063,,,,,failed,True,False,,0,/Users/abdulk/Code/OB-SAE/sae_caft/results/M1_results_11-15-19_32-64-128-256.csv,267
1,19,128,76130,17.0,0.031082208096981,,,,,failed,True,False,,0,/Users/abdulk/Code/OB-SAE/sae_caft/results/M1_results_11-15-19_32-64-128-256.csv,268
1,19,128,41472,18.0,0.0277593334913253,,,,,failed,True,False,,0,/Users/abdulk/Code/OB-SAE/sae_caft/results/M1_results_11-15-19_32-64-128-256.csv,269
1,19,128,71437,19.0,0.027134513258934,,,,,failed,True,False,,0,/Users/abdulk/Code/OB-SAE/sae_caft/results/M1_results_11-15-19_32-64-128-256.csv,270
1,19,128,39114,20.0,0.0264912604689598,,,,,failed,True,False,,0,/Users/abdulk/Code/OB-SAE/sae_caft/results/M1_results_11-15-19_32-64-128-256.csv,271
1,19,128,26166,21.0,0.0234139231443405,,,18.37283888151452,"Frequent use of transitional phrases and contextually relevant information that connects ideas, often indicating ongoing discussions or trends.",complete,False,True,,0,/Users/abdulk/Code/OB-SAE/sae_caft/results/M1_results_11-15-19_32-64-128-256.csv,272
1,19,128,112824,22.0,0.0232777261137962,,,,,failed,True,False,,0,/Users/abdulk/Code/OB-SAE/sae_caft/results/M1_results_11-15-19_32-64-128-256.csv,273
1,19,128,28305,23.0,0.0210795409679412,,,6.18009180346421,"The presence of date and event markers, often accompanied by punctuation, indicating specific occurrences or references.",complete,False,True,,0,/Users/abdulk/Code/OB-SAE/sae_caft/results/M1_results_11-15-19_32-64-128-256.csv,274
1,19,128,97313,24.0,0.0204160027503967,,,26.458903767306513,"The presence of various tokens indicating specific actions, objects, or concepts, often accompanied by punctuation or formatting that suggests a technical or conversational context.",complete,False,True,,0,/Users/abdulk/Code/OB-SAE/sae_caft/results/M1_results_11-15-19_32-64-128-256.csv,275
1,19,128,97607,25.0,0.0197344195842742,,,,,failed,True,False,,0,/Users/abdulk/Code/OB-SAE/sae_caft/results/M1_results_11-15-19_32-64-128-256.csv,276
1,19,256,24708,1.0,0.738159294128418,,,14.375080361679368,"The examples feature a variety of phrases that include incomplete thoughts or fragments, often leading into additional context or commentary.",complete,False,True,,0,/Users/abdulk/Code/OB-SAE/sae_caft/results/M1_results_11-15-19_32-64-128-256.csv,277
1,19,256,20497,2.0,0.4302319874763489,,,23.78789851228572,"Frequent use of common conjunctions, pronouns, and prepositions, often indicating relationships between clauses or elements in sentences.",complete,False,True,,0,/Users/abdulk/Code/OB-SAE/sae_caft/results/M1_results_11-15-19_32-64-128-256.csv,278
1,19,256,16574,3.0,0.2937327796816826,,,19.53053252445813,"Text features include detailed descriptions of items, locations, and events, often with specific attributes or instructions.",complete,False,True,,0,/Users/abdulk/Code/OB-SAE/sae_caft/results/M1_results_11-15-19_32-64-128-256.csv,279
1,19,256,41370,4.0,0.1777881004214286,,,8.663161709625685,"Text features include a variety of phrases that often introduce dialogue, descriptions, or statements, frequently followed by additional context or commentary.",complete,False,True,,0,/Users/abdulk/Code/OB-SAE/sae_caft/results/M1_results_11-15-19_32-64-128-256.csv,280
1,19,256,82493,5.0,0.1520267241597175,,,8.538636658917142,"Text features include detailed descriptions, technical specifications, and references to products or processes, often in a formal or informative context.",complete,False,True,,0,/Users/abdulk/Code/OB-SAE/sae_caft/results/M1_results_11-15-19_32-64-128-256.csv,281
1,19,256,93994,6.0,0.1077973846197128,,,5.4004880669171555,"Text features include various types of references to dates, publications, and promotional content, often accompanied by numerical or categorical identifiers.",complete,False,True,,0,/Users/abdulk/Code/OB-SAE/sae_caft/results/M1_results_11-15-19_32-64-128-256.csv,282
1,19,256,47147,7.0,0.0966468313932418,,,16.04471158746713,"Fragments of text that often include incomplete thoughts or references to specific subjects, sometimes accompanied by numerical or temporal elements.",complete,False,True,,0,/Users/abdulk/Code/OB-SAE/sae_caft/results/M1_results_11-15-19_32-64-128-256.csv,283
1,19,256,78551,8.0,0.0964791482686996,,,14.157715798726889,"A variety of phrases and clauses that include both literary and practical contexts, often featuring complex structures and thematic elements.",complete,False,True,,0,/Users/abdulk/Code/OB-SAE/sae_caft/results/M1_results_11-15-19_32-64-128-256.csv,284
1,19,256,102150,9.0,0.0763183814883232,,,13.372189344716729,"A variety of numerical data, dates, and references to economic or business contexts, often accompanied by specific terms or phrases related to finance and technology.",complete,False,True,,0,/Users/abdulk/Code/OB-SAE/sae_caft/results/M1_results_11-15-19_32-64-128-256.csv,285
1,19,256,55063,10.0,0.0683218334317207,,,27.33566078194616,"Frequent use of conjunctions and transitional phrases indicating contrast or continuation, often followed by a clause or statement.",complete,False,True,,0,/Users/abdulk/Code/OB-SAE/sae_caft/results/M1_results_11-15-19_32-64-128-256.csv,286
1,19,256,8984,11.0,0.052751775085926,,,12.199313495065136,"Frequent use of introductory phrases and clauses that set the context for statements, often leading into direct quotes or elaborations.",complete,False,True,,0,/Users/abdulk/Code/OB-SAE/sae_caft/results/M1_results_11-15-19_32-64-128-256.csv,287
1,19,256,47478,12.0,0.0521599240899086,,,20.586105248359058,"Fragments of sentences or phrases that often introduce a statement, question, or topic, typically lacking a complete structure.",complete,False,True,,0,/Users/abdulk/Code/OB-SAE/sae_caft/results/M1_results_11-15-19_32-64-128-256.csv,288
1,19,256,93551,13.0,0.0509539211392402,,,,,failed,True,False,,0,/Users/abdulk/Code/OB-SAE/sae_caft/results/M1_results_11-15-19_32-64-128-256.csv,289
1,19,256,40279,14.0,0.0507014251351356,,,0.6086766425587441,"Text features include various punctuation marks and formatting that suggest quotations, references, or annotations, often indicating a transition to additional information or commentary.",complete,False,True,,0,/Users/abdulk/Code/OB-SAE/sae_caft/results/M1_results_11-15-19_32-64-128-256.csv,290
1,19,256,90964,15.0,0.0492503957152366,,,,,failed,True,False,,0,/Users/abdulk/Code/OB-SAE/sae_caft/results/M1_results_11-15-19_32-64-128-256.csv,291
1,19,256,117455,16.0,0.0476695925593376,,,25.40185260266253,"Numerical values, references to specific events or topics, and phrases indicating opinions or observations, often accompanied by contextual information.",complete,False,True,,0,/Users/abdulk/Code/OB-SAE/sae_caft/results/M1_results_11-15-19_32-64-128-256.csv,292
1,19,256,93847,17.0,0.043382301390171,,,,,failed,True,False,,0,/Users/abdulk/Code/OB-SAE/sae_caft/results/M1_results_11-15-19_32-64-128-256.csv,293
1,19,256,70234,18.0,0.0409130380153656,,,,,failed,True,False,,0,/Users/abdulk/Code/OB-SAE/sae_caft/results/M1_results_11-15-19_32-64-128-256.csv,294
1,19,256,79186,19.0,0.040284685909748,,,,,failed,True,False,,0,/Users/abdulk/Code/OB-SAE/sae_caft/results/M1_results_11-15-19_32-64-128-256.csv,295
1,19,256,90445,20.0,0.0394736550450325,,,23.004955998611468,"A variety of phrases and terms that encompass specific subjects, qualities, or actions, often related to products, processes, or locations.",complete,False,True,,0,/Users/abdulk/Code/OB-SAE/sae_caft/results/M1_results_11-15-19_32-64-128-256.csv,296
1,19,256,61534,21.0,0.0357269482612609,,,4.304172200160569,"Frequent references to various types of products and services, often in a marketing or business context.",complete,False,True,,0,/Users/abdulk/Code/OB-SAE/sae_caft/results/M1_results_11-15-19_32-64-128-256.csv,297
1,19,256,52575,22.0,0.035658525288105,,,8.172913198928578,"Frequent references to various types of events, often highlighting their significance or context within a broader discussion.",complete,False,True,,0,/Users/abdulk/Code/OB-SAE/sae_caft/results/M1_results_11-15-19_32-64-128-256.csv,298
1,19,256,29872,23.0,0.0352892560958862,,,,,failed,True,False,,0,/Users/abdulk/Code/OB-SAE/sae_caft/results/M1_results_11-15-19_32-64-128-256.csv,299
1,19,256,14611,24.0,0.0351901203989982,,,6.829525042431353,"Text features include formal titles, organizational names, dates, and specific references, often indicating authoritative or informational contexts.",complete,False,True,,0,/Users/abdulk/Code/OB-SAE/sae_caft/results/M1_results_11-15-19_32-64-128-256.csv,300
1,19,256,85403,25.0,0.03484339594841,,,,,failed,True,False,,0,/Users/abdulk/Code/OB-SAE/sae_caft/results/M1_results_11-15-19_32-64-128-256.csv,301
2,11,32,35015,1.0,0.07500677531314,,,11.565930103275788,"A variety of tokens indicating grammatical elements such as punctuation, verb forms, and common nouns, often appearing at the end of phrases or sentences.",complete,False,True,,0,/Users/abdulk/Code/OB-SAE/sae_caft/results/M2_results_11-15-19_32-64-128-256.csv,2
2,11,32,72703,2.0,0.0115725018888572,,,22.580756732614105,"Text features include various sentence endings, often with punctuation, and the presence of structured lists or instructions, indicating a mix of conversational and formal contexts.",complete,False,True,,0,/Users/abdulk/Code/OB-SAE/sae_caft/results/M2_results_11-15-19_32-64-128-256.csv,3
2,11,32,122420,3.0,0.0087208224574165,,,,,failed,True,False,,0,/Users/abdulk/Code/OB-SAE/sae_caft/results/M2_results_11-15-19_32-64-128-256.csv,4
2,11,32,29405,4.0,0.0059014561590454,,,,,failed,True,False,,0,/Users/abdulk/Code/OB-SAE/sae_caft/results/M2_results_11-15-19_32-64-128-256.csv,5
2,11,32,51064,5.0,0.0053525501293755,,,,,failed,True,False,,0,/Users/abdulk/Code/OB-SAE/sae_caft/results/M2_results_11-15-19_32-64-128-256.csv,6
2,11,32,50455,6.0,0.0052453166162463,,,,,failed,True,False,,0,/Users/abdulk/Code/OB-SAE/sae_caft/results/M2_results_11-15-19_32-64-128-256.csv,7
2,11,32,66812,7.0,0.0050207272941517,,,,,failed,True,False,,0,/Users/abdulk/Code/OB-SAE/sae_caft/results/M2_results_11-15-19_32-64-128-256.csv,8
2,11,32,56889,8.0,0.0048347662592158,,,,,failed,True,False,,0,/Users/abdulk/Code/OB-SAE/sae_caft/results/M2_results_11-15-19_32-64-128-256.csv,9
2,11,32,74676,9.0,0.0041912838886601,,,,,failed,True,False,,0,/Users/abdulk/Code/OB-SAE/sae_caft/results/M2_results_11-15-19_32-64-128-256.csv,10
2,11,32,26782,10.0,0.0041829519708391,,,,,failed,True,False,,0,/Users/abdulk/Code/OB-SAE/sae_caft/results/M2_results_11-15-19_32-64-128-256.csv,11
2,11,32,130875,11.0,0.0035829131312213,,,,,failed,True,False,,0,/Users/abdulk/Code/OB-SAE/sae_caft/results/M2_results_11-15-19_32-64-128-256.csv,12
2,11,32,82380,12.0,0.0033847103376343,,,13.61135863590901,"Fragments of text that often include incomplete thoughts or sentences, suggesting a conversational or informal style.",complete,False,True,,0,/Users/abdulk/Code/OB-SAE/sae_caft/results/M2_results_11-15-19_32-64-128-256.csv,13
2,11,32,41717,13.0,0.0022530112188187,,,,,failed,True,False,,0,/Users/abdulk/Code/OB-SAE/sae_caft/results/M2_results_11-15-19_32-64-128-256.csv,14
2,11,32,2722,14.0,0.0020668663329361,,,,,failed,True,False,,0,/Users/abdulk/Code/OB-SAE/sae_caft/results/M2_results_11-15-19_32-64-128-256.csv,15
2,11,32,5593,15.0,0.001863700403294,,,5.115439529933688,"Frequent use of phrases that indicate continuation or elaboration, often found in formal or literary contexts.",complete,False,True,,0,/Users/abdulk/Code/OB-SAE/sae_caft/results/M2_results_11-15-19_32-64-128-256.csv,16
2,11,32,3634,16.0,0.0017798927748147,,,,,failed,True,False,,0,/Users/abdulk/Code/OB-SAE/sae_caft/results/M2_results_11-15-19_32-64-128-256.csv,17
2,11,32,3873,17.0,0.0016112769713424,,,36.65272653438419,"Common phrases and questions that involve seeking assistance or information, often using modal verbs and pronouns.",complete,False,True,,0,/Users/abdulk/Code/OB-SAE/sae_caft/results/M2_results_11-15-19_32-64-128-256.csv,18
2,11,32,50542,18.0,0.0015551450666687,,,22.52975785548746,"Frequent use of common words and phrases that serve as connectors or modifiers, often appearing in various contexts to enhance meaning or provide emphasis.",complete,False,True,,0,/Users/abdulk/Code/OB-SAE/sae_caft/results/M2_results_11-15-19_32-64-128-256.csv,19
2,11,32,15722,19.0,0.0015526963791377,,,,,failed,True,False,,0,/Users/abdulk/Code/OB-SAE/sae_caft/results/M2_results_11-15-19_32-64-128-256.csv,20
2,11,32,103622,20.0,0.0015421236904574,,,,,failed,True,False,,0,/Users/abdulk/Code/OB-SAE/sae_caft/results/M2_results_11-15-19_32-64-128-256.csv,21
2,11,32,3919,21.0,0.0013794461046586,,,,,failed,True,False,,0,/Users/abdulk/Code/OB-SAE/sae_caft/results/M2_results_11-15-19_32-64-128-256.csv,22
2,11,32,72905,22.0,0.0013215978380659,,,,,failed,True,False,,0,/Users/abdulk/Code/OB-SAE/sae_caft/results/M2_results_11-15-19_32-64-128-256.csv,23
2,11,32,51045,23.0,0.0011241384235346,,,21.554338744773645,"Nouns that refer to people, objects, or concepts, often indicating relationships, roles, or categories.",complete,False,True,,0,/Users/abdulk/Code/OB-SAE/sae_caft/results/M2_results_11-15-19_32-64-128-256.csv,24
2,11,32,68205,24.0,0.0011219171011391,,,24.671894303700213,"Frequent use of punctuation marks and specific phrases indicating sentence structure or context, often followed by additional information or commentary.",complete,False,True,,0,/Users/abdulk/Code/OB-SAE/sae_caft/results/M2_results_11-15-19_32-64-128-256.csv,25
2,11,32,80110,25.0,0.0010266501299092,,,,,failed,True,False,,0,/Users/abdulk/Code/OB-SAE/sae_caft/results/M2_results_11-15-19_32-64-128-256.csv,26
2,11,64,59207,1.0,0.0652215473808593,,,,,failed,True,False,,0,/Users/abdulk/Code/OB-SAE/sae_caft/results/M2_results_11-15-19_32-64-128-256.csv,27
2,11,64,68295,2.0,0.0226234105271352,,,22.04104976441599,"Frequent use of phrases indicating relationships, comparisons, or specific contexts, often related to gifts, construction, and research.",complete,False,True,,0,/Users/abdulk/Code/OB-SAE/sae_caft/results/M2_results_11-15-19_32-64-128-256.csv,28
2,11,64,65314,3.0,0.011454121467653,,,6.961452866887111,"A variety of phrases and fragments that include numerical references, quotations, and thematic elements related to life, spirituality, and historical context.",complete,False,True,,0,/Users/abdulk/Code/OB-SAE/sae_caft/results/M2_results_11-15-19_32-64-128-256.csv,29
2,11,64,25109,4.0,0.0096321583074023,,,8.480566119828717,"Sequences of text that include phrases or sentences that are interrupted or followed by special formatting, often indicating a transition or continuation of thought.",complete,False,True,,0,/Users/abdulk/Code/OB-SAE/sae_caft/results/M2_results_11-15-19_32-64-128-256.csv,30
2,11,64,56889,5.0,0.0074624027444723,,,,,failed,True,False,,0,/Users/abdulk/Code/OB-SAE/sae_caft/results/M2_results_11-15-19_32-64-128-256.csv,31
2,11,64,71458,6.0,0.0064465073352688,,,1.046345196657191,"Text features include URLs, references to online content, and mentions of various subjects, often indicating digital or informational contexts.",complete,False,True,,0,/Users/abdulk/Code/OB-SAE/sae_caft/results/M2_results_11-15-19_32-64-128-256.csv,32
2,11,64,110251,7.0,0.0053814147279855,,,,,failed,True,False,,0,/Users/abdulk/Code/OB-SAE/sae_caft/results/M2_results_11-15-19_32-64-128-256.csv,33
2,11,64,51935,8.0,0.0051131636044229,,,,,failed,True,False,,0,/Users/abdulk/Code/OB-SAE/sae_caft/results/M2_results_11-15-19_32-64-128-256.csv,34
2,11,64,76005,9.0,0.0048570101249945,,,,,failed,True,False,,0,/Users/abdulk/Code/OB-SAE/sae_caft/results/M2_results_11-15-19_32-64-128-256.csv,35
2,11,64,90585,10.0,0.0042348024151134,,,16.672675771033365,"Text features include a variety of phrases and sentences that often contain informal language, references to events or locations, and conversational elements, suggesting a casual or personal tone.",complete,False,True,,0,/Users/abdulk/Code/OB-SAE/sae_caft/results/M2_results_11-15-19_32-64-128-256.csv,36
2,11,64,41926,11.0,0.0040810970073574,,,,,failed,True,False,,0,/Users/abdulk/Code/OB-SAE/sae_caft/results/M2_results_11-15-19_32-64-128-256.csv,37
2,11,64,49256,12.0,0.0032743145602409,,,,,failed,True,False,,0,/Users/abdulk/Code/OB-SAE/sae_caft/results/M2_results_11-15-19_32-64-128-256.csv,38
2,11,64,43120,13.0,0.0030090743107415,,,,,failed,True,False,,0,/Users/abdulk/Code/OB-SAE/sae_caft/results/M2_results_11-15-19_32-64-128-256.csv,39
2,11,64,37697,14.0,0.0029900427995153,,,,,failed,True,False,,0,/Users/abdulk/Code/OB-SAE/sae_caft/results/M2_results_11-15-19_32-64-128-256.csv,40
2,11,64,47209,15.0,0.0029384962549791,,,,,failed,True,False,,0,/Users/abdulk/Code/OB-SAE/sae_caft/results/M2_results_11-15-19_32-64-128-256.csv,41
2,11,64,2722,16.0,0.0027436134121227,,,16.034566633202544,"Frequent references to specific publications, dates, and tools, often indicating a context of digital media or technology.",complete,False,True,,0,/Users/abdulk/Code/OB-SAE/sae_caft/results/M2_results_11-15-19_32-64-128-256.csv,42
2,11,64,51862,17.0,0.0026328363608866,,,24.27542506633395,"A variety of nouns and adjectives that describe qualities, actions, or concepts, often indicating support, value, or characteristics of objects and experiences.",complete,False,True,,0,/Users/abdulk/Code/OB-SAE/sae_caft/results/M2_results_11-15-19_32-64-128-256.csv,43
2,11,64,63631,18.0,0.0025585013935823,,,5.442931215729761,"The presence of punctuation marks and various symbols indicating sentence structure and formatting, often appearing at the end of phrases or sentences.",complete,False,True,,0,/Users/abdulk/Code/OB-SAE/sae_caft/results/M2_results_11-15-19_32-64-128-256.csv,44
2,11,64,3243,19.0,0.0024663659048752,,,,,failed,True,False,,0,/Users/abdulk/Code/OB-SAE/sae_caft/results/M2_results_11-15-19_32-64-128-256.csv,45
2,11,64,129509,20.0,0.0021363328879987,,,,,failed,True,False,,0,/Users/abdulk/Code/OB-SAE/sae_caft/results/M2_results_11-15-19_32-64-128-256.csv,46
2,11,64,68405,21.0,0.0020970619620291,,,,,failed,True,False,,0,/Users/abdulk/Code/OB-SAE/sae_caft/results/M2_results_11-15-19_32-64-128-256.csv,47
2,11,64,13469,22.0,0.0020092913242572,,,,,failed,True,False,,0,/Users/abdulk/Code/OB-SAE/sae_caft/results/M2_results_11-15-19_32-64-128-256.csv,48
2,11,64,39056,23.0,0.0018986178116059,,,24.08792366535909,"Frequent use of punctuation marks and specific phrases that indicate continuation or emphasis, often found at the end of sentences or clauses.",complete,False,True,,0,/Users/abdulk/Code/OB-SAE/sae_caft/results/M2_results_11-15-19_32-64-128-256.csv,49
2,11,64,17184,24.0,0.0018569228234985,,,,,failed,True,False,,0,/Users/abdulk/Code/OB-SAE/sae_caft/results/M2_results_11-15-19_32-64-128-256.csv,50
2,11,64,64624,25.0,0.0017827118226619,,,5.58733187794507,"The presence of punctuation marks and formatting elements indicating the end of sentences or sections, often accompanied by various types of content such as quotes, lists, or references.",complete,False,True,,0,/Users/abdulk/Code/OB-SAE/sae_caft/results/M2_results_11-15-19_32-64-128-256.csv,51
2,11,128,51862,1.0,0.0390777845337916,,,25.024954303220632,"Frequent use of conjunctions and prepositions that connect phrases or clauses, often indicating relationships or conditions.",complete,False,True,,0,/Users/abdulk/Code/OB-SAE/sae_caft/results/M2_results_11-15-19_32-64-128-256.csv,52
2,11,128,118185,2.0,0.0265080257200858,,,,,failed,True,False,,0,/Users/abdulk/Code/OB-SAE/sae_caft/results/M2_results_11-15-19_32-64-128-256.csv,53
2,11,128,25109,3.0,0.0176534084646914,,,10.045157988521453,"The presence of various punctuation marks and specific tokens that indicate sentence structure or emphasis, often appearing at the end of phrases or sentences.",complete,False,True,,0,/Users/abdulk/Code/OB-SAE/sae_caft/results/M2_results_11-15-19_32-64-128-256.csv,54
2,11,128,39056,4.0,0.0122999865124483,,,,,failed,True,False,,0,/Users/abdulk/Code/OB-SAE/sae_caft/results/M2_results_11-15-19_32-64-128-256.csv,55
2,11,128,26362,5.0,0.0099341519561731,,,4.110970672686376,"Text features include phrases that often reference moral or philosophical themes, historical or literary contexts, and a mix of contemporary and archaic language.",complete,False,True,,0,/Users/abdulk/Code/OB-SAE/sae_caft/results/M2_results_11-15-19_32-64-128-256.csv,56
2,11,128,73128,6.0,0.0090457228987429,,,23.139150258051146,"Patterns of text featuring sequences of tokens that indicate continuation or elaboration, often marked by specific punctuation or formatting.",complete,False,True,,0,/Users/abdulk/Code/OB-SAE/sae_caft/results/M2_results_11-15-19_32-64-128-256.csv,57
2,11,128,107816,7.0,0.0062904938565733,,,,,failed,True,False,,0,/Users/abdulk/Code/OB-SAE/sae_caft/results/M2_results_11-15-19_32-64-128-256.csv,58
2,11,128,2722,8.0,0.0057828089161098,,,2.741798855749157,"Text features include references to dates, sources, and specific content types, often formatted with special characters or punctuation.",complete,False,True,,0,/Users/abdulk/Code/OB-SAE/sae_caft/results/M2_results_11-15-19_32-64-128-256.csv,59
2,11,128,33003,9.0,0.0052864123398149,,,1.4932399899534132,"Fragments of text that often include incomplete thoughts or sentences, suggesting informal communication or transcription errors.",complete,False,True,,0,/Users/abdulk/Code/OB-SAE/sae_caft/results/M2_results_11-15-19_32-64-128-256.csv,60
2,11,128,95660,10.0,0.0047566514339805,,,,,failed,True,False,,0,/Users/abdulk/Code/OB-SAE/sae_caft/results/M2_results_11-15-19_32-64-128-256.csv,61
2,11,128,122524,11.0,0.0044132920218185,,,,,failed,True,False,,0,/Users/abdulk/Code/OB-SAE/sae_caft/results/M2_results_11-15-19_32-64-128-256.csv,62
2,11,128,35261,12.0,0.0042174659984212,,,,,failed,True,False,,0,/Users/abdulk/Code/OB-SAE/sae_caft/results/M2_results_11-15-19_32-64-128-256.csv,63
2,11,128,17975,13.0,0.004028922655213,,,,,failed,True,False,,0,/Users/abdulk/Code/OB-SAE/sae_caft/results/M2_results_11-15-19_32-64-128-256.csv,64
2,11,128,58656,14.0,0.0038983109691333,,,0.548520511054004,"Text features include technical or formal language, often related to URLs, citations, and references, indicating a focus on information dissemination and documentation.",complete,False,True,,0,/Users/abdulk/Code/OB-SAE/sae_caft/results/M2_results_11-15-19_32-64-128-256.csv,65
2,11,128,73743,15.0,0.0038905206700445,,,,,failed,True,False,,0,/Users/abdulk/Code/OB-SAE/sae_caft/results/M2_results_11-15-19_32-64-128-256.csv,66
2,11,128,26782,16.0,0.0035121342945546,,,20.429397544529913,Commonly used function words and phrases that serve to connect ideas or provide emphasis in various contexts.,complete,False,True,,0,/Users/abdulk/Code/OB-SAE/sae_caft/results/M2_results_11-15-19_32-64-128-256.csv,67
2,11,128,75262,17.0,0.0032572511216284,,,,,failed,True,False,,0,/Users/abdulk/Code/OB-SAE/sae_caft/results/M2_results_11-15-19_32-64-128-256.csv,68
2,11,128,41407,18.0,0.0028228738778074,,,12.999575716329812,"A variety of tokens indicating names, abbreviations, and punctuation, often appearing in informal or fragmented contexts.",complete,False,True,,0,/Users/abdulk/Code/OB-SAE/sae_caft/results/M2_results_11-15-19_32-64-128-256.csv,69
2,11,128,113544,19.0,0.0024973664765066,,,22.929180398974317,"Frequent use of pronouns and punctuation marks, indicating conversational or informal text structures, often with interruptions or incomplete thoughts.",complete,False,True,,0,/Users/abdulk/Code/OB-SAE/sae_caft/results/M2_results_11-15-19_32-64-128-256.csv,70
2,11,128,129921,20.0,0.0024937300335073,,,,,failed,True,False,,0,/Users/abdulk/Code/OB-SAE/sae_caft/results/M2_results_11-15-19_32-64-128-256.csv,71
2,11,128,98152,21.0,0.0024319429632643,,,7.350288787923549,"Frequent references to digital advertising, particularly Google AdWords, along with various dates and financial terms, indicating a focus on marketing and economic trends.",complete,False,True,,0,/Users/abdulk/Code/OB-SAE/sae_caft/results/M2_results_11-15-19_32-64-128-256.csv,72
2,11,128,87490,22.0,0.002337097282141,,,,,failed,True,False,,0,/Users/abdulk/Code/OB-SAE/sae_caft/results/M2_results_11-15-19_32-64-128-256.csv,73
2,11,128,23656,23.0,0.0022137754120177,,,,,failed,True,False,,0,/Users/abdulk/Code/OB-SAE/sae_caft/results/M2_results_11-15-19_32-64-128-256.csv,74
2,11,128,9444,24.0,0.0022130220988546,,,,,failed,True,False,,0,/Users/abdulk/Code/OB-SAE/sae_caft/results/M2_results_11-15-19_32-64-128-256.csv,75
2,11,128,77060,25.0,0.0018652586589956,,,,,failed,True,False,,0,/Users/abdulk/Code/OB-SAE/sae_caft/results/M2_results_11-15-19_32-64-128-256.csv,76
2,11,256,103432,1.0,0.0703963795458207,,,0.7370249964239534,"Text features include various phrases and sentences that appear to be excerpts or references to online content, often including promotional or descriptive elements.",complete,False,True,,0,/Users/abdulk/Code/OB-SAE/sae_caft/results/M2_results_11-15-19_32-64-128-256.csv,77
2,11,256,37115,2.0,0.0160998703448425,,,8.399310940245124,"A variety of text segments that include numerical data, dates, and references to time, often accompanied by additional contextual phrases.",complete,False,True,,0,/Users/abdulk/Code/OB-SAE/sae_caft/results/M2_results_11-15-19_32-64-128-256.csv,78
2,11,256,118846,3.0,0.0142071100187973,,,,,failed,True,False,,0,/Users/abdulk/Code/OB-SAE/sae_caft/results/M2_results_11-15-19_32-64-128-256.csv,79
2,11,256,41253,4.0,0.0127663087676948,,,,,failed,True,False,,0,/Users/abdulk/Code/OB-SAE/sae_caft/results/M2_results_11-15-19_32-64-128-256.csv,80
2,11,256,51562,5.0,0.011294489175501,,,18.50362676076965,"The presence of specific substrings or patterns within words, often indicating a focus on particular terms or phrases, along with various punctuation marks and formatting elements.",complete,False,True,,0,/Users/abdulk/Code/OB-SAE/sae_caft/results/M2_results_11-15-19_32-64-128-256.csv,81
2,11,256,73128,6.0,0.0070429023162859,,,23.24826475147467,"Text features include various phrases and sentences that are often followed by punctuation or additional context, indicating a conversational or informal tone.",complete,False,True,,0,/Users/abdulk/Code/OB-SAE/sae_caft/results/M2_results_11-15-19_32-64-128-256.csv,82
2,11,256,2722,7.0,0.0066799125481099,,,9.622696179330545,"Text features include references to dates, publications, and digital content, often with a focus on technology and media.",complete,False,True,,0,/Users/abdulk/Code/OB-SAE/sae_caft/results/M2_results_11-15-19_32-64-128-256.csv,83
2,11,256,38170,8.0,0.0056875094841343,,,5.11791729609527,"Ellipses and punctuation indicating omitted text or continuation, often used in informal or conversational contexts.",complete,False,True,,0,/Users/abdulk/Code/OB-SAE/sae_caft/results/M2_results_11-15-19_32-64-128-256.csv,84
2,11,256,73539,9.0,0.0056478125108799,,,25.510060242100536,"Text features include a variety of phrases and sentences that often contain informal language, references to events or topics, and a mix of personal reflections and external commentary.",complete,False,True,,0,/Users/abdulk/Code/OB-SAE/sae_caft/results/M2_results_11-15-19_32-64-128-256.csv,85
2,11,256,8772,10.0,0.0049426880241,,,,,failed,True,False,,0,/Users/abdulk/Code/OB-SAE/sae_caft/results/M2_results_11-15-19_32-64-128-256.csv,86
2,11,256,58656,11.0,0.0039578646841183,,,0.2224150426251091,"Text features include various references to URLs, citations, and metadata, often indicating sources or links to external content.",complete,False,True,,0,/Users/abdulk/Code/OB-SAE/sae_caft/results/M2_results_11-15-19_32-64-128-256.csv,87
2,11,256,114179,12.0,0.0036086030129535,,,,,failed,True,False,,0,/Users/abdulk/Code/OB-SAE/sae_caft/results/M2_results_11-15-19_32-64-128-256.csv,88
2,11,256,52055,13.0,0.0035747929078312,,,,,failed,True,False,,0,/Users/abdulk/Code/OB-SAE/sae_caft/results/M2_results_11-15-19_32-64-128-256.csv,89
2,11,256,126517,14.0,0.0032491476882791,,,6.601052004702392,"The presence of specific tokens that indicate emphasis or quotation, often marking the end of a thought or sentence.",complete,False,True,,0,/Users/abdulk/Code/OB-SAE/sae_caft/results/M2_results_11-15-19_32-64-128-256.csv,90
2,11,256,32506,15.0,0.0029904759825675,,,23.531511081946785,"Frequent use of prepositions and conjunctions that connect phrases and ideas, often indicating relationships or actions.",complete,False,True,,0,/Users/abdulk/Code/OB-SAE/sae_caft/results/M2_results_11-15-19_32-64-128-256.csv,91
2,11,256,36231,16.0,0.0029634385601455,,,,,failed,True,False,,0,/Users/abdulk/Code/OB-SAE/sae_caft/results/M2_results_11-15-19_32-64-128-256.csv,92
2,11,256,87755,17.0,0.0025653180102227,,,,,failed,True,False,,0,/Users/abdulk/Code/OB-SAE/sae_caft/results/M2_results_11-15-19_32-64-128-256.csv,93
2,11,256,101488,18.0,0.0021738720611787,,,,,failed,True,False,,0,/Users/abdulk/Code/OB-SAE/sae_caft/results/M2_results_11-15-19_32-64-128-256.csv,94
2,11,256,115727,19.0,0.0018770830452162,,,16.274940265591393,"Text features include phrases that often contain specific dates, references to media, and structured information, indicating a focus on factual content and data presentation.",complete,False,True,,0,/Users/abdulk/Code/OB-SAE/sae_caft/results/M2_results_11-15-19_32-64-128-256.csv,95
2,11,256,26362,20.0,0.0018036559993672,,,20.690770399137087,"Text features include a variety of phrases that suggest incomplete thoughts or references to external content, often followed by additional context or details.",complete,False,True,,0,/Users/abdulk/Code/OB-SAE/sae_caft/results/M2_results_11-15-19_32-64-128-256.csv,96
2,11,256,26989,21.0,0.001708256106981,,,,,failed,True,False,,0,/Users/abdulk/Code/OB-SAE/sae_caft/results/M2_results_11-15-19_32-64-128-256.csv,97
2,11,256,39049,22.0,0.0016112107905983,,,28.270000223709467,"Frequent use of various grammatical structures, including questions, quotations, and clauses, often indicating dialogue or commentary.",complete,False,True,,0,/Users/abdulk/Code/OB-SAE/sae_caft/results/M2_results_11-15-19_32-64-128-256.csv,98
2,11,256,73393,23.0,0.0015939450319943,,,,,failed,True,False,,0,/Users/abdulk/Code/OB-SAE/sae_caft/results/M2_results_11-15-19_32-64-128-256.csv,99
2,11,256,98916,24.0,0.0015408861245347,,,,,failed,True,False,,0,/Users/abdulk/Code/OB-SAE/sae_caft/results/M2_results_11-15-19_32-64-128-256.csv,100
2,11,256,2474,25.0,0.0015072658867903,,,20.753063280830656,"A variety of phrases and terms that include punctuation, specific nouns, and references to various subjects, often indicating a broader context or detail.",complete,False,True,,0,/Users/abdulk/Code/OB-SAE/sae_caft/results/M2_results_11-15-19_32-64-128-256.csv,101
2,15,32,104835,1.0,0.110784908835317,,,3.674832756566649,"A variety of text features including punctuation, specific names, and references to food, particularly meringue, indicating a mix of contexts and topics.",complete,False,True,,0,/Users/abdulk/Code/OB-SAE/sae_caft/results/M2_results_11-15-19_32-64-128-256.csv,102
2,15,32,6549,2.0,0.032946550090548,,,,,failed,True,False,,0,/Users/abdulk/Code/OB-SAE/sae_caft/results/M2_results_11-15-19_32-64-128-256.csv,103
2,15,32,113142,3.0,0.0182280848283722,,,,,failed,True,False,,0,/Users/abdulk/Code/OB-SAE/sae_caft/results/M2_results_11-15-19_32-64-128-256.csv,104
2,15,32,115727,4.0,0.0091811652194726,,,1.328651259007083,"Text features include references to online content, structured data, and calls to action, often indicating links or additional information.",complete,False,True,,0,/Users/abdulk/Code/OB-SAE/sae_caft/results/M2_results_11-15-19_32-64-128-256.csv,105
2,15,32,103186,5.0,0.0091459517467749,,,11.615848274642856,"The presence of various punctuation marks and formatting elements, often indicating the end of sentences or separating clauses, alongside a mix of proper nouns and common phrases.",complete,False,True,,0,/Users/abdulk/Code/OB-SAE/sae_caft/results/M2_results_11-15-19_32-64-128-256.csv,106
2,15,32,69545,6.0,0.0064477341275819,,,29.497950367303872,"Commonly used function words and phrases that serve various grammatical roles, including negation, conjunction, and reference, often appearing in conversational or informal contexts.",complete,False,True,,0,/Users/abdulk/Code/OB-SAE/sae_caft/results/M2_results_11-15-19_32-64-128-256.csv,107
2,15,32,123037,7.0,0.0061053318876615,,,,,failed,True,False,,0,/Users/abdulk/Code/OB-SAE/sae_caft/results/M2_results_11-15-19_32-64-128-256.csv,108
2,15,32,81192,8.0,0.0051492123816494,,,28.021377452889613,"Punctuation marks and specific phrases indicating the end of sentences or sections, often followed by additional information or context.",complete,False,True,,0,/Users/abdulk/Code/OB-SAE/sae_caft/results/M2_results_11-15-19_32-64-128-256.csv,109
2,15,32,32827,9.0,0.0047615359366779,,,,,failed,True,False,,0,/Users/abdulk/Code/OB-SAE/sae_caft/results/M2_results_11-15-19_32-64-128-256.csv,110
2,15,32,109870,10.0,0.0046149349548447,,,17.424032391199734,"Commonly used function words, including determiners, conjunctions, and pronouns, indicating their role in sentence structure and coherence.",complete,False,True,,0,/Users/abdulk/Code/OB-SAE/sae_caft/results/M2_results_11-15-19_32-64-128-256.csv,111
2,15,32,96088,11.0,0.003927383624332,,,0.0410949119095517,"Text features include URLs, references to web content, and phrases indicating online resources or specific locations.",complete,False,True,,0,/Users/abdulk/Code/OB-SAE/sae_caft/results/M2_results_11-15-19_32-64-128-256.csv,112
2,15,32,30808,12.0,0.0037978494391195,,,,,failed,True,False,,0,/Users/abdulk/Code/OB-SAE/sae_caft/results/M2_results_11-15-19_32-64-128-256.csv,113
2,15,32,11113,13.0,0.0037721494833628,,,,,failed,True,False,,0,/Users/abdulk/Code/OB-SAE/sae_caft/results/M2_results_11-15-19_32-64-128-256.csv,114
2,15,32,123838,14.0,0.0035354257189611,,,,,failed,True,False,,0,/Users/abdulk/Code/OB-SAE/sae_caft/results/M2_results_11-15-19_32-64-128-256.csv,115
2,15,32,72764,15.0,0.0033552853714132,,,,,failed,True,False,,0,/Users/abdulk/Code/OB-SAE/sae_caft/results/M2_results_11-15-19_32-64-128-256.csv,116
2,15,32,126214,16.0,0.0032715264340521,,,24.867158312333626,"Nouns that represent various categories, objects, or concepts, often related to specific fields or contexts.",complete,False,True,,0,/Users/abdulk/Code/OB-SAE/sae_caft/results/M2_results_11-15-19_32-64-128-256.csv,117
2,15,32,97764,17.0,0.0032209066997671,,,,,failed,True,False,,0,/Users/abdulk/Code/OB-SAE/sae_caft/results/M2_results_11-15-19_32-64-128-256.csv,118
2,15,32,125641,18.0,0.0030536413752417,,,,,failed,True,False,,0,/Users/abdulk/Code/OB-SAE/sae_caft/results/M2_results_11-15-19_32-64-128-256.csv,119
2,15,32,42226,19.0,0.0029466058446767,,,,,failed,True,False,,0,/Users/abdulk/Code/OB-SAE/sae_caft/results/M2_results_11-15-19_32-64-128-256.csv,120
2,15,32,62921,20.0,0.0028484712743983,,,,,failed,True,False,,0,/Users/abdulk/Code/OB-SAE/sae_caft/results/M2_results_11-15-19_32-64-128-256.csv,121
2,15,32,52439,21.0,0.0025662129193964,,,,,failed,True,False,,0,/Users/abdulk/Code/OB-SAE/sae_caft/results/M2_results_11-15-19_32-64-128-256.csv,122
2,15,32,38307,22.0,0.0025231282755802,,,,,failed,True,False,,0,/Users/abdulk/Code/OB-SAE/sae_caft/results/M2_results_11-15-19_32-64-128-256.csv,123
2,15,32,127524,23.0,0.0024174011089432,,,9.524733473850208,"Commonly used function words, including articles, conjunctions, and auxiliary verbs, that serve grammatical purposes in sentences.",complete,False,True,,0,/Users/abdulk/Code/OB-SAE/sae_caft/results/M2_results_11-15-19_32-64-128-256.csv,124
2,15,32,89722,24.0,0.0023723232074522,,,,,failed,True,False,,0,/Users/abdulk/Code/OB-SAE/sae_caft/results/M2_results_11-15-19_32-64-128-256.csv,125
2,15,32,39713,25.0,0.0023132846668852,,,29.341997180759368,"Common phrases and prompts encouraging interaction or feedback, often related to comments or questions.",complete,False,True,,0,/Users/abdulk/Code/OB-SAE/sae_caft/results/M2_results_11-15-19_32-64-128-256.csv,126
2,15,64,129579,1.0,0.2724189857641856,,,26.27128706223295,"A variety of phrases and terms that include specific nouns, adjectives, and verbs, often indicating descriptions, actions, or attributes, with a focus on contextually relevant information.",complete,False,True,,0,/Users/abdulk/Code/OB-SAE/sae_caft/results/M2_results_11-15-19_32-64-128-256.csv,127
2,15,64,79103,2.0,0.0858935330395407,,,20.90400734073372,"A variety of tokens indicating punctuation, names, and specific terms, often appearing in contexts that suggest dialogue or structured information.",complete,False,True,,0,/Users/abdulk/Code/OB-SAE/sae_caft/results/M2_results_11-15-19_32-64-128-256.csv,128
2,15,64,104779,3.0,0.0283221693385934,,,3.4819991031228787,"Text features include fragments of sentences or phrases that often appear in a structured or formal context, indicating references, claims, or summaries.",complete,False,True,,0,/Users/abdulk/Code/OB-SAE/sae_caft/results/M2_results_11-15-19_32-64-128-256.csv,129
2,15,64,67686,4.0,0.0101791627250366,,,7.548580873268109,"A variety of tokens indicating punctuation, specific terms, or phrases that contribute to the structure and meaning of sentences, often appearing at the end of phrases or clauses.",complete,False,True,,0,/Users/abdulk/Code/OB-SAE/sae_caft/results/M2_results_11-15-19_32-64-128-256.csv,130
2,15,64,49123,5.0,0.0073242505111604,,,,,failed,True,False,,0,/Users/abdulk/Code/OB-SAE/sae_caft/results/M2_results_11-15-19_32-64-128-256.csv,131
2,15,64,11397,6.0,0.0064554484517361,,,,,failed,True,False,,0,/Users/abdulk/Code/OB-SAE/sae_caft/results/M2_results_11-15-19_32-64-128-256.csv,132
2,15,64,74312,7.0,0.0057417439742827,,,,,failed,True,False,,0,/Users/abdulk/Code/OB-SAE/sae_caft/results/M2_results_11-15-19_32-64-128-256.csv,133
2,15,64,102475,8.0,0.004654950938874,,,0.6766135975521834,"A variety of web addresses and references to online content, often including dates and specific file paths.",complete,False,True,,0,/Users/abdulk/Code/OB-SAE/sae_caft/results/M2_results_11-15-19_32-64-128-256.csv,134
2,15,64,113142,9.0,0.0039254859299726,,,,,failed,True,False,,0,/Users/abdulk/Code/OB-SAE/sae_caft/results/M2_results_11-15-19_32-64-128-256.csv,135
2,15,64,23401,10.0,0.0036511456182864,,,,,failed,True,False,,0,/Users/abdulk/Code/OB-SAE/sae_caft/results/M2_results_11-15-19_32-64-128-256.csv,136
2,15,64,74140,11.0,0.0032300946298339,,,,,failed,True,False,,0,/Users/abdulk/Code/OB-SAE/sae_caft/results/M2_results_11-15-19_32-64-128-256.csv,137
2,15,64,89892,12.0,0.0031061028370834,,,26.007978074964814,"Nouns that represent various categories, objects, or concepts, often related to specific fields or activities.",complete,False,True,,0,/Users/abdulk/Code/OB-SAE/sae_caft/results/M2_results_11-15-19_32-64-128-256.csv,138
2,15,64,85445,13.0,0.0026808218776899,,,,,failed,True,False,,0,/Users/abdulk/Code/OB-SAE/sae_caft/results/M2_results_11-15-19_32-64-128-256.csv,139
2,15,64,104527,14.0,0.0026042944108936,,,,,failed,True,False,,0,/Users/abdulk/Code/OB-SAE/sae_caft/results/M2_results_11-15-19_32-64-128-256.csv,140
2,15,64,42226,15.0,0.0025668244966318,,,22.03697811962004,"Frequent use of nouns and adjectives, often in a context of eligibility, containment, or description, with a tendency to include conjunctions and prepositions.",complete,False,True,,0,/Users/abdulk/Code/OB-SAE/sae_caft/results/M2_results_11-15-19_32-64-128-256.csv,141
2,15,64,70989,16.0,0.0024635559516333,,,,,failed,True,False,,0,/Users/abdulk/Code/OB-SAE/sae_caft/results/M2_results_11-15-19_32-64-128-256.csv,142
2,15,64,64859,17.0,0.0023917792268762,,,,,failed,True,False,,0,/Users/abdulk/Code/OB-SAE/sae_caft/results/M2_results_11-15-19_32-64-128-256.csv,143
2,15,64,10138,18.0,0.0022587121372491,,,,,failed,True,False,,0,/Users/abdulk/Code/OB-SAE/sae_caft/results/M2_results_11-15-19_32-64-128-256.csv,144
2,15,64,70429,19.0,0.0020007352593918,,,,,failed,True,False,,0,/Users/abdulk/Code/OB-SAE/sae_caft/results/M2_results_11-15-19_32-64-128-256.csv,145
2,15,64,48033,20.0,0.0019981603667209,,,,,failed,True,False,,0,/Users/abdulk/Code/OB-SAE/sae_caft/results/M2_results_11-15-19_32-64-128-256.csv,146
2,15,64,62568,21.0,0.0019191129946372,,,,,failed,True,False,,0,/Users/abdulk/Code/OB-SAE/sae_caft/results/M2_results_11-15-19_32-64-128-256.csv,147
2,15,64,31332,22.0,0.0018773602208061,,,,,failed,True,False,,0,/Users/abdulk/Code/OB-SAE/sae_caft/results/M2_results_11-15-19_32-64-128-256.csv,148
2,15,64,29717,23.0,0.0018115025450925,,,,,failed,True,False,,0,/Users/abdulk/Code/OB-SAE/sae_caft/results/M2_results_11-15-19_32-64-128-256.csv,149
2,15,64,81853,24.0,0.0017885301314609,,,,,failed,True,False,,0,/Users/abdulk/Code/OB-SAE/sae_caft/results/M2_results_11-15-19_32-64-128-256.csv,150
2,15,64,113347,25.0,0.0015000940208703,,,,,failed,True,False,,0,/Users/abdulk/Code/OB-SAE/sae_caft/results/M2_results_11-15-19_32-64-128-256.csv,151
2,15,128,129579,1.0,0.330364403450433,,,19.988208042552635,"Text features include a variety of phrases and clauses that provide additional context or information, often including proper nouns, descriptions, and references to events or objects.",complete,False,True,,0,/Users/abdulk/Code/OB-SAE/sae_caft/results/M2_results_11-15-19_32-64-128-256.csv,152
2,15,128,13469,2.0,0.0450873998968813,,,2.3685743484923476,"The presence of various tokens indicating punctuation, names, and specific phrases, often interspersed with numerical or contextual references.",complete,False,True,,0,/Users/abdulk/Code/OB-SAE/sae_caft/results/M2_results_11-15-19_32-64-128-256.csv,153
2,15,128,58656,3.0,0.023042942296731,,,2.9134278962079123,"Text features include references to claims, methods, and structured formats, often indicating legal or technical documentation.",complete,False,True,,0,/Users/abdulk/Code/OB-SAE/sae_caft/results/M2_results_11-15-19_32-64-128-256.csv,154
2,15,128,74312,4.0,0.0163397885544199,,,,,failed,True,False,,0,/Users/abdulk/Code/OB-SAE/sae_caft/results/M2_results_11-15-19_32-64-128-256.csv,155
2,15,128,67686,5.0,0.0140905800000042,,,18.619235306762803,"Common patterns include punctuation marks and specific tokens that indicate emphasis, clarification, or transitions in sentences.",complete,False,True,,0,/Users/abdulk/Code/OB-SAE/sae_caft/results/M2_results_11-15-19_32-64-128-256.csv,156
2,15,128,40279,6.0,0.0089214876504011,,,22.97114045396501,"Patterns of text include sequences of tokens that are often incomplete or fragmented, suggesting a focus on specific phrases or actions, with some instances of numerical or time-related data.",complete,False,True,,0,/Users/abdulk/Code/OB-SAE/sae_caft/results/M2_results_11-15-19_32-64-128-256.csv,157
2,15,128,7558,7.0,0.00572959623986,,,,,failed,True,False,,0,/Users/abdulk/Code/OB-SAE/sae_caft/results/M2_results_11-15-19_32-64-128-256.csv,158
2,15,128,46094,8.0,0.005701139919075,,,32.34159475885337,"Frequent use of phrases that indicate interaction, commentary, or technology-related content, often accompanied by specific nouns or descriptors.",complete,False,True,,0,/Users/abdulk/Code/OB-SAE/sae_caft/results/M2_results_11-15-19_32-64-128-256.csv,159
2,15,128,110352,9.0,0.0049493994231515,,,1.7038034979606784,"A variety of text segments that include URLs, dates, and other structured data, often indicating web content or specific references.",complete,False,True,,0,/Users/abdulk/Code/OB-SAE/sae_caft/results/M2_results_11-15-19_32-64-128-256.csv,160
2,15,128,79946,10.0,0.0040615769059445,,,,,failed,True,False,,0,/Users/abdulk/Code/OB-SAE/sae_caft/results/M2_results_11-15-19_32-64-128-256.csv,161
2,15,128,16633,11.0,0.0038970028850394,,,19.6498774020829,"A variety of nouns and phrases that represent objects, activities, or concepts, often in lists or examples, indicating a focus on tangible items and social interactions.",complete,False,True,,0,/Users/abdulk/Code/OB-SAE/sae_caft/results/M2_results_11-15-19_32-64-128-256.csv,162
2,15,128,66540,12.0,0.0034446204212349,,,27.36144018296621,"A variety of verbs, nouns, and phrases indicating actions, states, or descriptions, often accompanied by modifiers or additional context.",complete,False,True,,0,/Users/abdulk/Code/OB-SAE/sae_caft/results/M2_results_11-15-19_32-64-128-256.csv,163
2,15,128,125257,13.0,0.0033732171349682,,,,,failed,True,False,,0,/Users/abdulk/Code/OB-SAE/sae_caft/results/M2_results_11-15-19_32-64-128-256.csv,164
2,15,128,75279,14.0,0.0028080360990175,,,,,failed,True,False,,0,/Users/abdulk/Code/OB-SAE/sae_caft/results/M2_results_11-15-19_32-64-128-256.csv,165
2,15,128,25910,15.0,0.0027562158768165,,,11.91445053273355,"Text features include various phrases and clauses that often introduce quotations or references, indicating dialogue or commentary.",complete,False,True,,0,/Users/abdulk/Code/OB-SAE/sae_caft/results/M2_results_11-15-19_32-64-128-256.csv,166
2,15,128,123037,16.0,0.0026743477778815,,,,,failed,True,False,,0,/Users/abdulk/Code/OB-SAE/sae_caft/results/M2_results_11-15-19_32-64-128-256.csv,167
2,15,128,115845,17.0,0.0026149401362513,,,26.566762641356224,"A variety of phrases and tokens that include numerical values, comparative structures, and references to specific actions or objects, often indicating context or additional information.",complete,False,True,,0,/Users/abdulk/Code/OB-SAE/sae_caft/results/M2_results_11-15-19_32-64-128-256.csv,168
2,15,128,76420,18.0,0.0026107171611606,,,,,failed,True,False,,0,/Users/abdulk/Code/OB-SAE/sae_caft/results/M2_results_11-15-19_32-64-128-256.csv,169
2,15,128,83802,19.0,0.0025267995579141,,,,,failed,True,False,,0,/Users/abdulk/Code/OB-SAE/sae_caft/results/M2_results_11-15-19_32-64-128-256.csv,170
2,15,128,32472,20.0,0.0024171247728553,,,,,failed,True,False,,0,/Users/abdulk/Code/OB-SAE/sae_caft/results/M2_results_11-15-19_32-64-128-256.csv,171
2,15,128,84079,21.0,0.0023655702530498,,,,,failed,True,False,,0,/Users/abdulk/Code/OB-SAE/sae_caft/results/M2_results_11-15-19_32-64-128-256.csv,172
2,15,128,33433,22.0,0.002294640166099,,,32.27897596537269,"Frequent use of verbs and phrases indicating communication, inquiry, or assistance, often accompanied by personal pronouns and contextually relevant nouns.",complete,False,True,,0,/Users/abdulk/Code/OB-SAE/sae_caft/results/M2_results_11-15-19_32-64-128-256.csv,173
2,15,128,24503,23.0,0.002181288641943,,,,,failed,True,False,,0,/Users/abdulk/Code/OB-SAE/sae_caft/results/M2_results_11-15-19_32-64-128-256.csv,174
2,15,128,24300,24.0,0.0021688901762447,,,27.379308501016375,"Common phrases and structures that include transitional words, nouns, and verbs, often indicating actions or descriptions related to various subjects.",complete,False,True,,0,/Users/abdulk/Code/OB-SAE/sae_caft/results/M2_results_11-15-19_32-64-128-256.csv,175
2,15,128,9423,25.0,0.0021610696550825,,,,,failed,True,False,,0,/Users/abdulk/Code/OB-SAE/sae_caft/results/M2_results_11-15-19_32-64-128-256.csv,176
2,15,256,103432,1.0,0.3001128776532383,,,17.91372734913475,"Text features include phrases that provide additional context or information, often related to specific subjects or events, and may include a mix of descriptive and functional language.",complete,False,True,,0,/Users/abdulk/Code/OB-SAE/sae_caft/results/M2_results_11-15-19_32-64-128-256.csv,177
2,15,256,52963,2.0,0.1518365746372742,,,1.8805798580372088,"Text features include various phrases and fragments that suggest incomplete thoughts or transitions, often accompanied by punctuation or numerical references.",complete,False,True,,0,/Users/abdulk/Code/OB-SAE/sae_caft/results/M2_results_11-15-19_32-64-128-256.csv,178
2,15,256,117798,3.0,0.041335577836059,,,0.1115715589052046,"Text features include various formats of citations, references, and URLs, often containing structured data or identifiers.",complete,False,True,,0,/Users/abdulk/Code/OB-SAE/sae_caft/results/M2_results_11-15-19_32-64-128-256.csv,179
2,15,256,65222,4.0,0.0400199615899386,,,0.0311093907081924,"URLs and file paths related to a specific website, often indicating recipes or food-related content.",complete,False,True,,0,/Users/abdulk/Code/OB-SAE/sae_caft/results/M2_results_11-15-19_32-64-128-256.csv,180
2,15,256,41370,5.0,0.0349595753799581,,,21.38592627522521,"Text features include a variety of topics and contexts, often introducing quotes or statements, with a mix of formal and informal language.",complete,False,True,,0,/Users/abdulk/Code/OB-SAE/sae_caft/results/M2_results_11-15-19_32-64-128-256.csv,181
2,15,256,13469,6.0,0.0247194859343515,,,13.951757278435691,"Presence of proper nouns, time indicators, and phrases that suggest actions or relationships, often followed by punctuation or formatting markers.",complete,False,True,,0,/Users/abdulk/Code/OB-SAE/sae_caft/results/M2_results_11-15-19_32-64-128-256.csv,182
2,15,256,129579,7.0,0.0232129368423855,,,8.35787598381423,"Common patterns include proper nouns, often names or locations, and specific terms that may indicate a brand or notable entity, frequently followed by additional context or descriptors.",complete,False,True,,0,/Users/abdulk/Code/OB-SAE/sae_caft/results/M2_results_11-15-19_32-64-128-256.csv,183
2,15,256,115158,8.0,0.0089169656726675,,,,,failed,True,False,,0,/Users/abdulk/Code/OB-SAE/sae_caft/results/M2_results_11-15-19_32-64-128-256.csv,184
2,15,256,86671,9.0,0.0088218177708101,,,24.187231950907332,"Presence of various tokens indicating dialogue, questions, or placeholders for additional information, often accompanied by punctuation.",complete,False,True,,0,/Users/abdulk/Code/OB-SAE/sae_caft/results/M2_results_11-15-19_32-64-128-256.csv,185
2,15,256,25910,10.0,0.0066300826453267,,,25.35691862811319,"A variety of phrases and terms that include specific references to concepts, objects, or numerical values, often indicating formal or structured content.",complete,False,True,,0,/Users/abdulk/Code/OB-SAE/sae_caft/results/M2_results_11-15-19_32-64-128-256.csv,186
2,15,256,41584,11.0,0.0055024162144728,,,28.19318366548933,"A variety of phrases and terms that include references to actions, objects, and descriptions, often indicating communication, events, or specific contexts.",complete,False,True,,0,/Users/abdulk/Code/OB-SAE/sae_caft/results/M2_results_11-15-19_32-64-128-256.csv,187
2,15,256,41253,12.0,0.0051501719324801,,,,,failed,True,False,,0,/Users/abdulk/Code/OB-SAE/sae_caft/results/M2_results_11-15-19_32-64-128-256.csv,188
2,15,256,28828,13.0,0.0050727641078787,,,25.902959783509797,"A focus on nouns and verbs that describe benefits, actions, or items, often in a context of opportunities, activities, or exchanges.",complete,False,True,,0,/Users/abdulk/Code/OB-SAE/sae_caft/results/M2_results_11-15-19_32-64-128-256.csv,189
2,15,256,40279,14.0,0.0049796293319111,,,14.892922241754771,"Phrases that include terminal punctuation and often indicate the end of a statement or quotation, suggesting a conversational or narrative context.",complete,False,True,,0,/Users/abdulk/Code/OB-SAE/sae_caft/results/M2_results_11-15-19_32-64-128-256.csv,190
2,15,256,44771,15.0,0.0045477074916373,,,,,failed,True,False,,0,/Users/abdulk/Code/OB-SAE/sae_caft/results/M2_results_11-15-19_32-64-128-256.csv,191
2,15,256,72764,16.0,0.0043359937522332,,,,,failed,True,False,,0,/Users/abdulk/Code/OB-SAE/sae_caft/results/M2_results_11-15-19_32-64-128-256.csv,192
2,15,256,120347,17.0,0.004291898068128,,,,,failed,True,False,,0,/Users/abdulk/Code/OB-SAE/sae_caft/results/M2_results_11-15-19_32-64-128-256.csv,193
2,15,256,86372,18.0,0.0033863442884364,,,,,failed,True,False,,0,/Users/abdulk/Code/OB-SAE/sae_caft/results/M2_results_11-15-19_32-64-128-256.csv,194
2,15,256,749,19.0,0.0033102991155615,,,14.96967678072406,"Frequent use of phrases and tokens that indicate context, such as time periods, roles, and relationships, often accompanied by punctuation or formatting markers.",complete,False,True,,0,/Users/abdulk/Code/OB-SAE/sae_caft/results/M2_results_11-15-19_32-64-128-256.csv,195
2,15,256,11717,20.0,0.0032621999861488,,,14.169389386286731,"Text features include titles, descriptions, and specifications often related to products or concepts, frequently accompanied by additional context or details.",complete,False,True,,0,/Users/abdulk/Code/OB-SAE/sae_caft/results/M2_results_11-15-19_32-64-128-256.csv,196
2,15,256,8949,21.0,0.0031745114796598,,,1.3108544636158417,"Presence of various tokens indicating formatting, punctuation, and specific character sequences, often related to names, measurements, or instructions.",complete,False,True,,0,/Users/abdulk/Code/OB-SAE/sae_caft/results/M2_results_11-15-19_32-64-128-256.csv,197
2,15,256,113885,22.0,0.0029167481151544,,,1.1466755963652684,"A variety of alphanumeric sequences, including dates, numerical values, and identifiers, often appearing in contexts related to data, references, or specific items.",complete,False,True,,0,/Users/abdulk/Code/OB-SAE/sae_caft/results/M2_results_11-15-19_32-64-128-256.csv,198
2,15,256,18491,23.0,0.002837598043988,,,,,failed,True,False,,0,/Users/abdulk/Code/OB-SAE/sae_caft/results/M2_results_11-15-19_32-64-128-256.csv,199
2,15,256,26639,24.0,0.0024947806703092,,,,,failed,True,False,,0,/Users/abdulk/Code/OB-SAE/sae_caft/results/M2_results_11-15-19_32-64-128-256.csv,200
2,15,256,29364,25.0,0.0023988570685677,,,11.3715298743686,"Text features include proper nouns, specific references, and phrases that often precede or follow punctuation, indicating a variety of contexts and subjects.",complete,False,True,,0,/Users/abdulk/Code/OB-SAE/sae_caft/results/M2_results_11-15-19_32-64-128-256.csv,201
2,19,32,50078,1.0,0.5747582008581207,,,32.58648584909839,"Frequent use of phrases that introduce explanations, comparisons, or instructions, often involving nouns and verbs that suggest actions or states.",complete,False,True,,0,/Users/abdulk/Code/OB-SAE/sae_caft/results/M2_results_11-15-19_32-64-128-256.csv,202
2,19,32,54447,2.0,0.0394229239701105,,,,,failed,True,False,,0,/Users/abdulk/Code/OB-SAE/sae_caft/results/M2_results_11-15-19_32-64-128-256.csv,203
2,19,32,51126,3.0,0.0377857054063411,,,21.85905532605592,"A variety of phrases and words in different languages, often related to actions, descriptions, or specific contexts, indicating a mix of cultural references and informal expressions.",complete,False,True,,0,/Users/abdulk/Code/OB-SAE/sae_caft/results/M2_results_11-15-19_32-64-128-256.csv,204
2,19,32,130789,4.0,0.0262035976553187,,,11.399872645536457,"Fragments of sentences that often include incomplete thoughts or phrases, indicating ongoing dialogue or narrative context.",complete,False,True,,0,/Users/abdulk/Code/OB-SAE/sae_caft/results/M2_results_11-15-19_32-64-128-256.csv,205
2,19,32,109646,5.0,0.0182121561166825,,,22.32053057651916,"Nouns that represent various categories, objects, or concepts, often related to social, physical, or academic contexts.",complete,False,True,,0,/Users/abdulk/Code/OB-SAE/sae_caft/results/M2_results_11-15-19_32-64-128-256.csv,206
2,19,32,2736,6.0,0.0158390446168156,,,11.204522173839733,"Text features include various phrases and sentences that often begin with a subject or action, indicating a range of contexts from personal reflections to formal communications.",complete,False,True,,0,/Users/abdulk/Code/OB-SAE/sae_caft/results/M2_results_11-15-19_32-64-128-256.csv,207
2,19,32,76864,7.0,0.0127575551400162,,,12.519883950373783,"Sentences frequently conclude with punctuation marks, indicating the end of thoughts or statements.",complete,False,True,,0,/Users/abdulk/Code/OB-SAE/sae_caft/results/M2_results_11-15-19_32-64-128-256.csv,208
2,19,32,23401,8.0,0.0117524294226382,,,,,failed,True,False,,0,/Users/abdulk/Code/OB-SAE/sae_caft/results/M2_results_11-15-19_32-64-128-256.csv,209
2,19,32,34909,9.0,0.0102961469144328,,,,,failed,True,False,,0,/Users/abdulk/Code/OB-SAE/sae_caft/results/M2_results_11-15-19_32-64-128-256.csv,210
2,19,32,41772,10.0,0.0101790397379879,,,0.4342053090438867,"Patterns of web-related content, including URLs, email addresses, and file paths, often featuring specific delimiters and structural elements.",complete,False,True,,0,/Users/abdulk/Code/OB-SAE/sae_caft/results/M2_results_11-15-19_32-64-128-256.csv,211
2,19,32,55906,11.0,0.0075861531803865,,,24.934555124132743,"Common phrases and structures that include auxiliary verbs, prepositions, and pronouns, often indicating actions, relationships, or inquiries.",complete,False,True,,0,/Users/abdulk/Code/OB-SAE/sae_caft/results/M2_results_11-15-19_32-64-128-256.csv,212
2,19,32,802,12.0,0.0063537686643466,,,,,failed,True,False,,0,/Users/abdulk/Code/OB-SAE/sae_caft/results/M2_results_11-15-19_32-64-128-256.csv,213
2,19,32,77655,13.0,0.006061101183645,,,,,failed,True,False,,0,/Users/abdulk/Code/OB-SAE/sae_caft/results/M2_results_11-15-19_32-64-128-256.csv,214
2,19,32,57459,14.0,0.0058549159849193,,,8.565834910405128,"Frequent use of phrases and clauses that introduce additional information or context, often in a formal or literary style.",complete,False,True,,0,/Users/abdulk/Code/OB-SAE/sae_caft/results/M2_results_11-15-19_32-64-128-256.csv,215
2,19,32,30503,15.0,0.0056024673679065,,,22.84932826858199,"A variety of nouns and phrases that represent categories, objects, or concepts, often related to specific fields or contexts.",complete,False,True,,0,/Users/abdulk/Code/OB-SAE/sae_caft/results/M2_results_11-15-19_32-64-128-256.csv,216
2,19,32,67827,16.0,0.0055530248953143,,,,,failed,True,False,,0,/Users/abdulk/Code/OB-SAE/sae_caft/results/M2_results_11-15-19_32-64-128-256.csv,217
2,19,32,102721,17.0,0.0055346007638134,,,28.67752456127335,"Common phrases and terms related to discussions, evaluations, and health, often indicating a focus on analysis or assessment.",complete,False,True,,0,/Users/abdulk/Code/OB-SAE/sae_caft/results/M2_results_11-15-19_32-64-128-256.csv,218
2,19,32,42268,18.0,0.005295755577759,,,33.94253064298951,"Frequent use of conjunctions and punctuation to connect contrasting ideas or clauses, often indicating a shift in tone or perspective.",complete,False,True,,0,/Users/abdulk/Code/OB-SAE/sae_caft/results/M2_results_11-15-19_32-64-128-256.csv,219
2,19,32,57784,19.0,0.004990710478993,,,26.652415824495645,"Nouns and verbs that indicate actions, objects, or concepts, often in pairs or alternatives, suggesting choices or comparisons.",complete,False,True,,0,/Users/abdulk/Code/OB-SAE/sae_caft/results/M2_results_11-15-19_32-64-128-256.csv,220
2,19,32,27266,20.0,0.0049655683723413,,,28.753888947314188,"Commonly used pronouns, verbs, and adjectives that indicate relationships, actions, or characteristics, often appearing in various contexts including dialogue and descriptions.",complete,False,True,,0,/Users/abdulk/Code/OB-SAE/sae_caft/results/M2_results_11-15-19_32-64-128-256.csv,221
2,19,32,95317,21.0,0.0047788638184328,,,5.309686688021819,"Sentences frequently end with a period, indicating completion, and often include a variety of contexts and subjects.",complete,False,True,,0,/Users/abdulk/Code/OB-SAE/sae_caft/results/M2_results_11-15-19_32-64-128-256.csv,222
2,19,32,30010,22.0,0.0046144411877287,,,,,failed,True,False,,0,/Users/abdulk/Code/OB-SAE/sae_caft/results/M2_results_11-15-19_32-64-128-256.csv,223
2,19,32,121125,23.0,0.0042320161078457,,,27.434217118287272,Commonly used function words that serve as connectors or question prompts in various contexts.,complete,False,True,,0,/Users/abdulk/Code/OB-SAE/sae_caft/results/M2_results_11-15-19_32-64-128-256.csv,224
2,19,32,119007,24.0,0.0039522117572211,,,5.941328231935825,"Presence of punctuation and formatting elements, often indicating the end of sentences or sections, along with various types of content including quotes, recipes, and observations.",complete,False,True,,0,/Users/abdulk/Code/OB-SAE/sae_caft/results/M2_results_11-15-19_32-64-128-256.csv,225
2,19,32,89795,25.0,0.0038158261160335,,,,,failed,True,False,,0,/Users/abdulk/Code/OB-SAE/sae_caft/results/M2_results_11-15-19_32-64-128-256.csv,226
2,19,64,24708,1.0,0.7566997726478487,,,22.675113717080254,"Phrases that often include a mix of nouns, verbs, and adjectives, frequently indicating relationships, comparisons, or specific contexts.",complete,False,True,,0,/Users/abdulk/Code/OB-SAE/sae_caft/results/M2_results_11-15-19_32-64-128-256.csv,227
2,19,64,126214,2.0,0.0281775453840622,,,22.452049479482945,"A focus on nouns and their attributes, often related to objects, qualities, or roles, indicating a variety of contexts from food to technology and social activities.",complete,False,True,,0,/Users/abdulk/Code/OB-SAE/sae_caft/results/M2_results_11-15-19_32-64-128-256.csv,228
2,19,64,2736,3.0,0.0273515338629064,,,22.45022270392996,"Text features include phrases that often introduce or reference specific content, such as requests for information, descriptions of documents, or titles, frequently followed by additional context or commentary.",complete,False,True,,0,/Users/abdulk/Code/OB-SAE/sae_caft/results/M2_results_11-15-19_32-64-128-256.csv,229
2,19,64,130789,4.0,0.025254209136739,,,6.601781140123357,"Fragments of sentences that often include incomplete thoughts or references to external content, suggesting a conversational or informal tone.",complete,False,True,,0,/Users/abdulk/Code/OB-SAE/sae_caft/results/M2_results_11-15-19_32-64-128-256.csv,230
2,19,64,73353,5.0,0.02457962391522,,,,,failed,True,False,,0,/Users/abdulk/Code/OB-SAE/sae_caft/results/M2_results_11-15-19_32-64-128-256.csv,231
2,19,64,95661,6.0,0.0191488166650136,,,2.912676179579208,"Sentences frequently end with a period, indicating completed thoughts or statements.",complete,False,True,,0,/Users/abdulk/Code/OB-SAE/sae_caft/results/M2_results_11-15-19_32-64-128-256.csv,232
2,19,64,110965,7.0,0.0143254666541104,,,27.50017372488744,"A variety of phrases and terms that indicate relationships, actions, or descriptions, often including multiple tokens that convey complex ideas or contexts.",complete,False,True,,0,/Users/abdulk/Code/OB-SAE/sae_caft/results/M2_results_11-15-19_32-64-128-256.csv,233
2,19,64,48708,8.0,0.0119588785048381,,,20.25888018245334,"A variety of tokens indicating proper nouns, conjunctions, and auxiliary verbs, often appearing in conversational or formal contexts.",complete,False,True,,0,/Users/abdulk/Code/OB-SAE/sae_caft/results/M2_results_11-15-19_32-64-128-256.csv,234
2,19,64,48376,9.0,0.0076042318567983,,,17.730896172615243,Commonly used function words and punctuation that serve to connect ideas or provide grammatical structure in sentences.,complete,False,True,,0,/Users/abdulk/Code/OB-SAE/sae_caft/results/M2_results_11-15-19_32-64-128-256.csv,235
2,19,64,57459,10.0,0.0058325081364089,,,5.689416397764346,"Text features include a variety of phrases and clauses that often introduce additional information or context, frequently appearing at the beginning of sentences or as part of quotations.",complete,False,True,,0,/Users/abdulk/Code/OB-SAE/sae_caft/results/M2_results_11-15-19_32-64-128-256.csv,236
2,19,64,48775,11.0,0.0051721993466498,,,25.176021269115846,"A variety of tokens indicating actions, attributes, or objects, often appearing in contexts related to descriptions, comparisons, or instructions.",complete,False,True,,0,/Users/abdulk/Code/OB-SAE/sae_caft/results/M2_results_11-15-19_32-64-128-256.csv,237
2,19,64,102721,12.0,0.0048508204764603,,,27.40144010620485,"Common phrases and terms that indicate highlights, evaluations, or processes, often related to health, housing, or professional contexts.",complete,False,True,,0,/Users/abdulk/Code/OB-SAE/sae_caft/results/M2_results_11-15-19_32-64-128-256.csv,238
2,19,64,94495,13.0,0.004187395315215,,,18.486840705649833,"Punctuation marks, particularly commas and periods, are frequently used to separate clauses or indicate pauses in sentences, often preceding conjunctions that introduce contrasting ideas.",complete,False,True,,0,/Users/abdulk/Code/OB-SAE/sae_caft/results/M2_results_11-15-19_32-64-128-256.csv,239
2,19,64,107851,14.0,0.0041335723209828,,,25.570343147900616,"A variety of nouns and verbs that indicate actions, objects, or concepts, often related to specific contexts or instructions.",complete,False,True,,0,/Users/abdulk/Code/OB-SAE/sae_caft/results/M2_results_11-15-19_32-64-128-256.csv,240
2,19,64,89144,15.0,0.0041010301437736,,,4.386519256240585,"Punctuation marks, particularly commas and periods, frequently appear at the end of phrases or sentences, indicating pauses or sentence boundaries.",complete,False,True,,0,/Users/abdulk/Code/OB-SAE/sae_caft/results/M2_results_11-15-19_32-64-128-256.csv,241
2,19,64,95860,16.0,0.0039001181371894,,,,,failed,True,False,,0,/Users/abdulk/Code/OB-SAE/sae_caft/results/M2_results_11-15-19_32-64-128-256.csv,242
2,19,64,74312,17.0,0.0038166887043787,,,,,failed,True,False,,0,/Users/abdulk/Code/OB-SAE/sae_caft/results/M2_results_11-15-19_32-64-128-256.csv,243
2,19,64,93994,18.0,0.0037713953306977,,,5.4342096948372225,"Fragments of text that appear to be incomplete sentences or phrases, often containing numerical values, names, or references to specific topics.",complete,False,True,,0,/Users/abdulk/Code/OB-SAE/sae_caft/results/M2_results_11-15-19_32-64-128-256.csv,244
2,19,64,5351,19.0,0.0036668410883263,,,2.0174967083707815,"Punctuation marks, particularly periods and commas, indicating sentence boundaries or pauses in thought.",complete,False,True,,0,/Users/abdulk/Code/OB-SAE/sae_caft/results/M2_results_11-15-19_32-64-128-256.csv,245
2,19,64,97539,20.0,0.0036367643886888,,,,,failed,True,False,,0,/Users/abdulk/Code/OB-SAE/sae_caft/results/M2_results_11-15-19_32-64-128-256.csv,246
2,19,64,97611,21.0,0.0035615241583524,,,9.90256666794789,"Punctuation marks and specific tokens indicating sentence structure or context, often appearing at the end of phrases or sentences.",complete,False,True,,0,/Users/abdulk/Code/OB-SAE/sae_caft/results/M2_results_11-15-19_32-64-128-256.csv,247
2,19,64,55490,22.0,0.0033142256065153,,,27.885571364731405,"A variety of tokens indicating relationships, conditions, or qualities, often appearing in contexts that suggest elaboration or specification.",complete,False,True,,0,/Users/abdulk/Code/OB-SAE/sae_caft/results/M2_results_11-15-19_32-64-128-256.csv,248
2,19,64,108092,23.0,0.00307074427045,,,27.616514130771023,"Common phrases and structures that introduce or clarify information, often including conjunctions, prepositions, and modal verbs.",complete,False,True,,0,/Users/abdulk/Code/OB-SAE/sae_caft/results/M2_results_11-15-19_32-64-128-256.csv,249
2,19,64,802,24.0,0.0030480388184668,,,,,failed,True,False,,0,/Users/abdulk/Code/OB-SAE/sae_caft/results/M2_results_11-15-19_32-64-128-256.csv,250
2,19,64,34904,25.0,0.0029180294751001,,,,,failed,True,False,,0,/Users/abdulk/Code/OB-SAE/sae_caft/results/M2_results_11-15-19_32-64-128-256.csv,251
2,19,128,24708,1.0,0.4352907920387429,,,27.7467167795658,"Frequent use of phrases and clauses that provide additional context or detail, often including comparisons, conditions, or descriptions.",complete,False,True,,0,/Users/abdulk/Code/OB-SAE/sae_caft/results/M2_results_11-15-19_32-64-128-256.csv,252
2,19,128,93994,2.0,0.2366286961125656,,,4.690234182126947,"Fragments of text that appear to be excerpts or citations, often lacking complete context, suggesting a variety of topics and formats.",complete,False,True,,0,/Users/abdulk/Code/OB-SAE/sae_caft/results/M2_results_11-15-19_32-64-128-256.csv,253
2,19,128,17366,3.0,0.2154966433283308,,,23.68313890083268,"A variety of phrases and terms that include proper nouns, numerical values, and specific descriptors, often indicating a range of subjects or contexts.",complete,False,True,,0,/Users/abdulk/Code/OB-SAE/sae_caft/results/M2_results_11-15-19_32-64-128-256.csv,254
2,19,128,90445,4.0,0.0327802286461485,,,22.463064827381555,"A variety of nouns and adjectives that describe objects, qualities, or concepts, often related to specific fields or contexts, indicating a focus on tangible items and characteristics.",complete,False,True,,0,/Users/abdulk/Code/OB-SAE/sae_caft/results/M2_results_11-15-19_32-64-128-256.csv,255
2,19,128,47030,5.0,0.0183426027006946,,,27.398310881218812,"A variety of tokens indicating specific names, actions, or descriptors, often including proper nouns and phrases that suggest importance or relevance in context.",complete,False,True,,0,/Users/abdulk/Code/OB-SAE/sae_caft/results/M2_results_11-15-19_32-64-128-256.csv,256
2,19,128,73353,6.0,0.0161751517107788,,,,,failed,True,False,,0,/Users/abdulk/Code/OB-SAE/sae_caft/results/M2_results_11-15-19_32-64-128-256.csv,257
2,19,128,78218,7.0,0.0148484642516839,,,16.81632394633404,"Text features include phrases that often denote specific subjects, actions, or contexts, frequently appearing in a structured format, such as titles, descriptions, or direct speech.",complete,False,True,,0,/Users/abdulk/Code/OB-SAE/sae_caft/results/M2_results_11-15-19_32-64-128-256.csv,258
2,19,128,69363,8.0,0.0103217300394891,,,25.359803280761845,"Frequent use of phrases and tokens that suggest contrast, evaluation, or commentary, often involving adjectives and nouns that describe states or conditions.",complete,False,True,,0,/Users/abdulk/Code/OB-SAE/sae_caft/results/M2_results_11-15-19_32-64-128-256.csv,259
2,19,128,75836,9.0,0.0089435812453149,,,0.130313670328286,"The presence of a period at the end of phrases, indicating the conclusion of statements or thoughts.",complete,False,True,,0,/Users/abdulk/Code/OB-SAE/sae_caft/results/M2_results_11-15-19_32-64-128-256.csv,260
2,19,128,73147,10.0,0.0070038545579417,,,25.93916920269502,"Frequent use of auxiliary verbs, conjunctions, and prepositions that connect clauses and phrases, indicating relationships and actions within sentences.",complete,False,True,,0,/Users/abdulk/Code/OB-SAE/sae_caft/results/M2_results_11-15-19_32-64-128-256.csv,261
2,19,128,92579,11.0,0.0066954142330957,,,,,failed,True,False,,0,/Users/abdulk/Code/OB-SAE/sae_caft/results/M2_results_11-15-19_32-64-128-256.csv,262
2,19,128,88434,12.0,0.0065804384124111,,,26.13973791664036,"A variety of phrases and clauses that include nouns, verbs, and adjectives, often indicating actions, descriptions, or specific entities, with a tendency to include conversational elements and informal language.",complete,False,True,,0,/Users/abdulk/Code/OB-SAE/sae_caft/results/M2_results_11-15-19_32-64-128-256.csv,263
2,19,128,104671,13.0,0.0062023238956648,,,27.686427454850968,"Frequent use of phrases that indicate commentary, reflection, or elaboration, often involving nouns and verbs that suggest interaction or consideration.",complete,False,True,,0,/Users/abdulk/Code/OB-SAE/sae_caft/results/M2_results_11-15-19_32-64-128-256.csv,264
2,19,128,123602,14.0,0.0058650573094685,,,11.626916878459053,"Fragments of dialogue or narrative that often include informal speech patterns and incomplete thoughts, suggesting a conversational tone.",complete,False,True,,0,/Users/abdulk/Code/OB-SAE/sae_caft/results/M2_results_11-15-19_32-64-128-256.csv,265
2,19,128,100517,15.0,0.0056490878543943,,,21.4497986078406,"Frequent use of punctuation marks, particularly periods and commas, indicating sentence boundaries and pauses in thought.",complete,False,True,,0,/Users/abdulk/Code/OB-SAE/sae_caft/results/M2_results_11-15-19_32-64-128-256.csv,266
2,19,128,130220,16.0,0.0053251405277162,,,34.7736399204254,"Frequent use of phrases that introduce or highlight information, often followed by lists or examples.",complete,False,True,,0,/Users/abdulk/Code/OB-SAE/sae_caft/results/M2_results_11-15-19_32-64-128-256.csv,267
2,19,128,97539,17.0,0.0047829081195061,,,,,failed,True,False,,0,/Users/abdulk/Code/OB-SAE/sae_caft/results/M2_results_11-15-19_32-64-128-256.csv,268
2,19,128,106327,18.0,0.0045540926042297,,,27.563678577389407,"A variety of phrases and terms that indicate actions, objects, or conditions, often in a context of comparison or instruction.",complete,False,True,,0,/Users/abdulk/Code/OB-SAE/sae_caft/results/M2_results_11-15-19_32-64-128-256.csv,269
2,19,128,126558,19.0,0.0044288986445592,,,11.7819490078425,"Punctuation marks indicating the end of sentences or clauses, often followed by conjunctions that introduce contrasting or additional information.",complete,False,True,,0,/Users/abdulk/Code/OB-SAE/sae_caft/results/M2_results_11-15-19_32-64-128-256.csv,270
2,19,128,97858,20.0,0.004387595983738,,,,,failed,True,False,,0,/Users/abdulk/Code/OB-SAE/sae_caft/results/M2_results_11-15-19_32-64-128-256.csv,271
2,19,128,59759,21.0,0.0042514859790533,,,4.1798988348072506,"Text features include phrases that convey emotional or spiritual themes, often using biblical or poetic language, alongside technical or analytical expressions.",complete,False,True,,0,/Users/abdulk/Code/OB-SAE/sae_caft/results/M2_results_11-15-19_32-64-128-256.csv,272
2,19,128,68765,22.0,0.0040441138643614,,,,,failed,True,False,,0,/Users/abdulk/Code/OB-SAE/sae_caft/results/M2_results_11-15-19_32-64-128-256.csv,273
2,19,128,122992,23.0,0.0038087610067895,,,20.75841360453232,"A variety of nouns and verbs indicating assistance, processes, and descriptions of items, often accompanied by specific contexts or qualifiers.",complete,False,True,,0,/Users/abdulk/Code/OB-SAE/sae_caft/results/M2_results_11-15-19_32-64-128-256.csv,274
2,19,128,30503,24.0,0.0037695880227245,,,25.57473014059923,"A variety of nouns and gerunds that represent categories, objects, or concepts, often used in lists or descriptions.",complete,False,True,,0,/Users/abdulk/Code/OB-SAE/sae_caft/results/M2_results_11-15-19_32-64-128-256.csv,275
2,19,128,1565,25.0,0.0036849161268959,,,20.174817523008613,"Text features include phrases that often contain specific terms or titles, frequently related to various subjects, and may include references to items, classifications, or events.",complete,False,True,,0,/Users/abdulk/Code/OB-SAE/sae_caft/results/M2_results_11-15-19_32-64-128-256.csv,276
2,19,256,24708,1.0,0.4136675061754217,,,21.861045940312916,"Fragments of sentences that include various parts of speech, often indicating incomplete thoughts or transitions in dialogue.",complete,False,True,,0,/Users/abdulk/Code/OB-SAE/sae_caft/results/M2_results_11-15-19_32-64-128-256.csv,277
2,19,256,16574,2.0,0.3211076630393104,,,22.686539363980344,"Text features include a variety of contexts, often indicating instructions, descriptions, or lists, with a focus on specific details or actions.",complete,False,True,,0,/Users/abdulk/Code/OB-SAE/sae_caft/results/M2_results_11-15-19_32-64-128-256.csv,278
2,19,256,93994,3.0,0.1314271752823126,,,1.3746986377156991,"Text features include various phrases and titles, often indicating sources, topics, or specific content, frequently followed by additional context or commentary.",complete,False,True,,0,/Users/abdulk/Code/OB-SAE/sae_caft/results/M2_results_11-15-19_32-64-128-256.csv,279
2,19,256,82493,4.0,0.109708826586674,,,3.2332536217342835,"Text features include a variety of topics and contexts, often introducing specific products, technologies, or historical references, typically presented in a descriptive manner.",complete,False,True,,0,/Users/abdulk/Code/OB-SAE/sae_caft/results/M2_results_11-15-19_32-64-128-256.csv,280
2,19,256,41370,5.0,0.0932918120997612,,,5.140215360875119,"Text segments that appear to be excerpts or quotes, often containing a variety of topics and contexts, suggesting a diverse range of discussions or narratives.",complete,False,True,,0,/Users/abdulk/Code/OB-SAE/sae_caft/results/M2_results_11-15-19_32-64-128-256.csv,281
2,19,256,78551,6.0,0.0923657915401906,,,23.50850181623826,"Descriptive phrases and clauses that provide detailed information about various subjects, often including specific attributes or actions.",complete,False,True,,0,/Users/abdulk/Code/OB-SAE/sae_caft/results/M2_results_11-15-19_32-64-128-256.csv,282
2,19,256,47147,7.0,0.0854303161023368,,,12.044246009152902,"Phrases that introduce specific topics or concepts, often leading into further elaboration or context.",complete,False,True,,0,/Users/abdulk/Code/OB-SAE/sae_caft/results/M2_results_11-15-19_32-64-128-256.csv,283
2,19,256,102150,8.0,0.0609245731237348,,,2.3375348010230894,"A variety of structured data formats, including percentages, dates, and technical specifications, often accompanied by contextual phrases or references.",complete,False,True,,0,/Users/abdulk/Code/OB-SAE/sae_caft/results/M2_results_11-15-19_32-64-128-256.csv,284
2,19,256,90445,9.0,0.0374437927360266,,,20.850570527242063,"A focus on specific terms related to objects, processes, and attributes, often in a technical or descriptive context, indicating a detailed examination of various subjects.",complete,False,True,,0,/Users/abdulk/Code/OB-SAE/sae_caft/results/M2_results_11-15-19_32-64-128-256.csv,285
2,19,256,32527,10.0,0.035565477861485,,,20.887004053478087,"Text features include various phrases and clauses that often reference specific topics, responsibilities, or requirements, frequently appearing in formal or technical contexts.",complete,False,True,,0,/Users/abdulk/Code/OB-SAE/sae_caft/results/M2_results_11-15-19_32-64-128-256.csv,286
2,19,256,110136,11.0,0.0341437776603609,,,10.710583404808151,"Text segments that appear to be excerpts or references, often including specific details or context, suggesting a variety of topics and formats.",complete,False,True,,0,/Users/abdulk/Code/OB-SAE/sae_caft/results/M2_results_11-15-19_32-64-128-256.csv,287
2,19,256,47478,12.0,0.0299520568108894,,,10.561097979548622,"Text features include phrases that often introduce explanations, arguments, or additional information, typically starting with a capital letter and ending with a punctuation mark.",complete,False,True,,0,/Users/abdulk/Code/OB-SAE/sae_caft/results/M2_results_11-15-19_32-64-128-256.csv,288
2,19,256,117455,13.0,0.027870194453029,,,23.42275095498879,"Numerical values, legal references, and specific events or concepts are frequently highlighted, often indicating important topics or themes in various contexts.",complete,False,True,,0,/Users/abdulk/Code/OB-SAE/sae_caft/results/M2_results_11-15-19_32-64-128-256.csv,289
2,19,256,14611,14.0,0.0261533839601865,,,6.338370622359532,"Text features include various phrases and proper nouns, often related to specific entities, events, or locations, typically found in formal or informational contexts.",complete,False,True,,0,/Users/abdulk/Code/OB-SAE/sae_caft/results/M2_results_11-15-19_32-64-128-256.csv,290
2,19,256,20497,15.0,0.0250440207725399,,,18.84422847814313,"A variety of tokens indicating specific nouns, actions, or descriptors, often appearing in contexts that suggest dialogue, historical references, or specific subjects.",complete,False,True,,0,/Users/abdulk/Code/OB-SAE/sae_caft/results/M2_results_11-15-19_32-64-128-256.csv,291
2,19,256,103432,16.0,0.0150584203536521,,,23.603632134757316,"Complex phrases that encompass various themes, often related to research, development, and collaboration across multiple sectors.",complete,False,True,,0,/Users/abdulk/Code/OB-SAE/sae_caft/results/M2_results_11-15-19_32-64-128-256.csv,292
2,19,256,115711,17.0,0.0142484553543055,,,,,failed,True,False,,0,/Users/abdulk/Code/OB-SAE/sae_caft/results/M2_results_11-15-19_32-64-128-256.csv,293
2,19,256,1565,18.0,0.0133393072466335,,,24.68759677197434,"A variety of phrases and clauses that include prepositions, nouns, and descriptors, often indicating relationships or actions, with some instances of dialogue and commentary.",complete,False,True,,0,/Users/abdulk/Code/OB-SAE/sae_caft/results/M2_results_11-15-19_32-64-128-256.csv,294
2,19,256,24338,19.0,0.0128703083790523,,,21.577990043298406,"A variety of tokens indicating different parts of speech, including nouns, verbs, and adjectives, often appearing in contexts that suggest actions, descriptions, or specific entities.",complete,False,True,,0,/Users/abdulk/Code/OB-SAE/sae_caft/results/M2_results_11-15-19_32-64-128-256.csv,295
2,19,256,8984,20.0,0.0120384604998037,,,4.8425652616553725,"Text features include phrases that indicate ongoing situations or trends, often with a focus on local events or conditions, and a tendency to include conversational elements.",complete,False,True,,0,/Users/abdulk/Code/OB-SAE/sae_caft/results/M2_results_11-15-19_32-64-128-256.csv,296
2,19,256,129434,21.0,0.0099164544136871,,,11.20188158126886,"A variety of phrases and clauses that include prepositions, conjunctions, and other grammatical elements, often indicating relationships or actions within a sentence.",complete,False,True,,0,/Users/abdulk/Code/OB-SAE/sae_caft/results/M2_results_11-15-19_32-64-128-256.csv,297
2,19,256,130220,22.0,0.0084783573385695,,,25.74346253120239,"Frequent use of phrases and clauses that provide additional context or detail, often including nouns and adjectives that describe various subjects or actions.",complete,False,True,,0,/Users/abdulk/Code/OB-SAE/sae_caft/results/M2_results_11-15-19_32-64-128-256.csv,298
2,19,256,64601,23.0,0.0083688640258681,,,,,failed,True,False,,0,/Users/abdulk/Code/OB-SAE/sae_caft/results/M2_results_11-15-19_32-64-128-256.csv,299
2,19,256,55063,24.0,0.0066092347315219,,,28.868064614267126,"Frequent use of conjunctions and transitional phrases indicating contrast or continuation, often followed by clauses that provide additional context or commentary.",complete,False,True,,0,/Users/abdulk/Code/OB-SAE/sae_caft/results/M2_results_11-15-19_32-64-128-256.csv,300
2,19,256,75836,25.0,0.0064493100128263,,,0.0748270658829086,"Frequent use of punctuation marks, particularly periods, indicating the end of statements or clauses in various contexts.",complete,False,True,,0,/Users/abdulk/Code/OB-SAE/sae_caft/results/M2_results_11-15-19_32-64-128-256.csv,301
3,11,32,82380,1.0,,,18.800599516466285,13.61135863590901,"Fragments of text that often include incomplete thoughts or sentences, suggesting a conversational or informal style.",complete,False,True,,0,/Users/abdulk/Code/OB-SAE/sae_caft/results/M3_results_11-15-19_32-64-128-256.csv,2
3,11,32,101441,2.0,,,3.283173516727653,,,failed,True,False,,0,/Users/abdulk/Code/OB-SAE/sae_caft/results/M3_results_11-15-19_32-64-128-256.csv,3
3,11,32,46563,3.0,,,2.068560098667015,23.304936931770353,"Frequent use of prepositions and conjunctions, often indicating relationships or connections between elements in the text.",complete,False,True,,0,/Users/abdulk/Code/OB-SAE/sae_caft/results/M3_results_11-15-19_32-64-128-256.csv,4
3,11,32,69553,4.0,,,1.8693617681651855,26.0948137371933,"A variety of terms that denote specific concepts, actions, or characteristics, often related to competition, caution, and descriptions of objects or conditions.",complete,False,True,,0,/Users/abdulk/Code/OB-SAE/sae_caft/results/M3_results_11-15-19_32-64-128-256.csv,5
3,11,32,108571,5.0,,,1.8639174194654993,27.41364768083904,"A variety of phrases and terms that include specific nouns, adjectives, and functions, often indicating actions, descriptions, or conditions, with some examples showing a mix of informal and formal contexts.",complete,False,True,,0,/Users/abdulk/Code/OB-SAE/sae_caft/results/M3_results_11-15-19_32-64-128-256.csv,6
3,11,32,105847,6.0,,,1.8484342328802927,,,failed,True,False,,0,/Users/abdulk/Code/OB-SAE/sae_caft/results/M3_results_11-15-19_32-64-128-256.csv,7
3,11,32,70893,7.0,,,1.66880870605724,22.363734014418217,"The presence of proper nouns and specific terms, often related to names, titles, or unique identifiers, frequently ending with specific letter sequences.",complete,False,True,,0,/Users/abdulk/Code/OB-SAE/sae_caft/results/M3_results_11-15-19_32-64-128-256.csv,8
3,11,32,21216,8.0,,,1.6188883421001046,,,failed,True,False,,0,/Users/abdulk/Code/OB-SAE/sae_caft/results/M3_results_11-15-19_32-64-128-256.csv,9
3,11,32,59301,9.0,,,1.55422377319655,24.747162090545,"A variety of phrases and terms that include proper nouns, technical jargon, and informal expressions, often indicating specific contexts or actions.",complete,False,True,,0,/Users/abdulk/Code/OB-SAE/sae_caft/results/M3_results_11-15-19_32-64-128-256.csv,10
3,11,32,109597,10.0,,,1.1722785913813385,30.064930684719293,"Frequent use of phrases and clauses that provide instructions, warnings, or information related to health and environmental concerns, often involving plastic and recycling.",complete,False,True,,0,/Users/abdulk/Code/OB-SAE/sae_caft/results/M3_results_11-15-19_32-64-128-256.csv,11
3,11,32,123040,11.0,,,1.1391023180214324,14.436854901003253,"Frequent use of punctuation marks, particularly commas and periods, indicating pauses or separations in sentences, along with various conjunctions and prepositions that connect ideas.",complete,False,True,,0,/Users/abdulk/Code/OB-SAE/sae_caft/results/M3_results_11-15-19_32-64-128-256.csv,12
3,11,32,119153,12.0,,,1.013687189623628,8.662379792289489,"Common patterns include the presence of abbreviations, specific terms, and tokens that indicate references or citations, often appearing in technical or formal contexts.",complete,False,True,,0,/Users/abdulk/Code/OB-SAE/sae_caft/results/M3_results_11-15-19_32-64-128-256.csv,13
3,11,32,87603,13.0,,,0.9470830746863566,11.285863808411944,"A variety of proper nouns, specific terms, and phrases that denote locations, titles, or specific items, often accompanied by additional context or descriptors.",complete,False,True,,0,/Users/abdulk/Code/OB-SAE/sae_caft/results/M3_results_11-15-19_32-64-128-256.csv,14
3,11,32,104779,14.0,,,0.9425696509082592,19.902983235849614,"Common phrases indicating duration, relationships, or comparisons, often involving prepositions and conjunctions.",complete,False,True,,0,/Users/abdulk/Code/OB-SAE/sae_caft/results/M3_results_11-15-19_32-64-128-256.csv,15
3,11,32,9188,15.0,,,0.8840994899209357,22.63123309482786,"Complex phrases and technical terms that often include specific nouns or descriptors, indicating detailed information or context.",complete,False,True,,0,/Users/abdulk/Code/OB-SAE/sae_caft/results/M3_results_11-15-19_32-64-128-256.csv,16
3,11,32,106757,16.0,,,0.8152821566257188,,,failed,True,False,,0,/Users/abdulk/Code/OB-SAE/sae_caft/results/M3_results_11-15-19_32-64-128-256.csv,17
3,11,32,108970,17.0,,,0.8078074972229482,1.271714806539468,"A variety of punctuation marks and symbols indicating sentence structure, numerical values, or specific formatting within the text.",complete,False,True,,0,/Users/abdulk/Code/OB-SAE/sae_caft/results/M3_results_11-15-19_32-64-128-256.csv,18
3,11,32,72747,18.0,,,0.7951276014440669,,,failed,True,False,,0,/Users/abdulk/Code/OB-SAE/sae_caft/results/M3_results_11-15-19_32-64-128-256.csv,19
3,11,32,52883,19.0,,,0.773410546262415,20.57908050074004,"A variety of tokens indicating relationships, attributes, or references, often appearing in technical or descriptive contexts.",complete,False,True,,0,/Users/abdulk/Code/OB-SAE/sae_caft/results/M3_results_11-15-19_32-64-128-256.csv,20
3,11,32,122420,20.0,,,0.7505357055345008,,,failed,True,False,,0,/Users/abdulk/Code/OB-SAE/sae_caft/results/M3_results_11-15-19_32-64-128-256.csv,21
3,11,32,33650,21.0,,,0.7390975704881076,23.33103732461239,"A variety of tokens indicating relationships, conditions, or attributes, often appearing in complex sentences with multiple clauses.",complete,False,True,,0,/Users/abdulk/Code/OB-SAE/sae_caft/results/M3_results_11-15-19_32-64-128-256.csv,22
3,11,32,13169,22.0,,,0.734900904175379,13.242945701153412,"Commonly used function words and nouns that serve various grammatical roles, including articles, prepositions, and specific identifiers.",complete,False,True,,0,/Users/abdulk/Code/OB-SAE/sae_caft/results/M3_results_11-15-19_32-64-128-256.csv,23
3,11,32,47484,23.0,,,0.7026585165642969,7.052367628691653,"A variety of tokens indicating language diversity, numerical references, and specific actions or concepts, often appearing in different contexts and languages.",complete,False,True,,0,/Users/abdulk/Code/OB-SAE/sae_caft/results/M3_results_11-15-19_32-64-128-256.csv,24
3,11,32,88768,24.0,,,0.6031716585533194,7.01272580680335,"Numerical tokens and dates, often formatted in various ways, indicating time or quantity.",complete,False,True,,0,/Users/abdulk/Code/OB-SAE/sae_caft/results/M3_results_11-15-19_32-64-128-256.csv,25
3,11,32,1098,25.0,,,0.5641311095138526,,,failed,True,False,,0,/Users/abdulk/Code/OB-SAE/sae_caft/results/M3_results_11-15-19_32-64-128-256.csv,26
3,11,64,90585,1.0,,,19.140364447203343,18.472382748262977,"Text features include various phrases and sentences that often contain informal language, personal reflections, or references to specific events, with a tendency to include conversational elements and direct addresses.",complete,False,True,,0,/Users/abdulk/Code/OB-SAE/sae_caft/results/M3_results_11-15-19_32-64-128-256.csv,27
3,11,64,23022,2.0,,,3.1872344444262937,29.567988590512837,"Text features include various types of content, such as email addresses, job descriptions, and references to events or products, often containing specific keywords or phrases that indicate context or subject matter.",complete,False,True,,0,/Users/abdulk/Code/OB-SAE/sae_caft/results/M3_results_11-15-19_32-64-128-256.csv,28
3,11,64,93996,3.0,,,2.9052291271889703,,,failed,True,False,,0,/Users/abdulk/Code/OB-SAE/sae_caft/results/M3_results_11-15-19_32-64-128-256.csv,29
3,11,64,19708,4.0,,,2.7498719697464713,,,failed,True,False,,0,/Users/abdulk/Code/OB-SAE/sae_caft/results/M3_results_11-15-19_32-64-128-256.csv,30
3,11,64,65314,5.0,,,1.8460871136630943,12.329494659774529,"A variety of phrases and fragments that include numerical references, quotations, and thematic elements related to life, spirituality, and historical context.",complete,False,True,,0,/Users/abdulk/Code/OB-SAE/sae_caft/results/M3_results_11-15-19_32-64-128-256.csv,31
3,11,64,45231,6.0,,,1.6766831792341872,23.25407354205801,"Phrases indicating relationships, conditions, or approvals, often involving prepositions and conjunctions.",complete,False,True,,0,/Users/abdulk/Code/OB-SAE/sae_caft/results/M3_results_11-15-19_32-64-128-256.csv,32
3,11,64,117533,7.0,,,1.586216328247517,28.176987417552695,"Common phrases and expressions that indicate relationships, comparisons, or actions, often involving prepositions and conjunctions.",complete,False,True,,0,/Users/abdulk/Code/OB-SAE/sae_caft/results/M3_results_11-15-19_32-64-128-256.csv,33
3,11,64,120958,8.0,,,1.5266403493367746,4.011118542238315,"Presence of mixed language elements, including foreign words, phrases, and symbols, often indicating multilingual contexts or specific cultural references.",complete,False,True,,0,/Users/abdulk/Code/OB-SAE/sae_caft/results/M3_results_11-15-19_32-64-128-256.csv,34
3,11,64,93799,9.0,,,1.2979511586023262,24.009313614080213,"Common phrases and terms that indicate additional information, actions, or references, often used in various contexts such as articles, discussions, and online content.",complete,False,True,,0,/Users/abdulk/Code/OB-SAE/sae_caft/results/M3_results_11-15-19_32-64-128-256.csv,35
3,11,64,37761,10.0,,,1.251030980462624,17.27873746246278,"Common patterns include the presence of specific suffixes or segments within words, often indicating a category or type, such as elements, food, or activities.",complete,False,True,,0,/Users/abdulk/Code/OB-SAE/sae_caft/results/M3_results_11-15-19_32-64-128-256.csv,36
3,11,64,46164,11.0,,,1.1864102113826451,,,failed,True,False,,0,/Users/abdulk/Code/OB-SAE/sae_caft/results/M3_results_11-15-19_32-64-128-256.csv,37
3,11,64,126173,12.0,,,1.1137874493596445,28.8040779098267,"Frequent use of transitional phrases and common nouns related to health, environmental concerns, and recycling, often indicating advice or caution.",complete,False,True,,0,/Users/abdulk/Code/OB-SAE/sae_caft/results/M3_results_11-15-19_32-64-128-256.csv,38
3,11,64,76991,13.0,,,0.998394721151333,14.49335576038803,"A variety of tokens indicating names, locations, and specific details, often appearing in contexts related to sports, personal experiences, and academic references.",complete,False,True,,0,/Users/abdulk/Code/OB-SAE/sae_caft/results/M3_results_11-15-19_32-64-128-256.csv,39
3,11,64,55562,14.0,,,0.9512311425934395,,,failed,True,False,,0,/Users/abdulk/Code/OB-SAE/sae_caft/results/M3_results_11-15-19_32-64-128-256.csv,40
3,11,64,87511,15.0,,,0.9501164932370622,26.279561641990284,"Frequent use of phrases that express opinions, requests, or observations, often accompanied by informal language and conversational tone.",complete,False,True,,0,/Users/abdulk/Code/OB-SAE/sae_caft/results/M3_results_11-15-19_32-64-128-256.csv,41
3,11,64,41865,16.0,,,0.935824452553254,22.835477655448283,"A variety of nouns and adjectives that often relate to specific fields, objects, or concepts, frequently appearing in formal or technical contexts.",complete,False,True,,0,/Users/abdulk/Code/OB-SAE/sae_caft/results/M3_results_11-15-19_32-64-128-256.csv,42
3,11,64,130640,17.0,,,0.8840450719583115,21.292073002649467,"A focus on specific nouns and phrases related to advertising, roles, and various contexts, often indicating a professional or academic setting.",complete,False,True,,0,/Users/abdulk/Code/OB-SAE/sae_caft/results/M3_results_11-15-19_32-64-128-256.csv,43
3,11,64,48162,18.0,,,0.8580275428401072,26.54362434544803,"A variety of tokens indicating specific details, such as measurements, dates, and descriptors, often related to objects or concepts.",complete,False,True,,0,/Users/abdulk/Code/OB-SAE/sae_caft/results/M3_results_11-15-19_32-64-128-256.csv,44
3,11,64,72144,19.0,,,0.845044264367159,4.686585172297889,"A variety of phrases and fragments that include nouns, adjectives, and other parts of speech, often indicating incomplete thoughts or transitions in dialogue.",complete,False,True,,0,/Users/abdulk/Code/OB-SAE/sae_caft/results/M3_results_11-15-19_32-64-128-256.csv,45
3,11,64,28528,20.0,,,0.7891993106377417,,,failed,True,False,,0,/Users/abdulk/Code/OB-SAE/sae_caft/results/M3_results_11-15-19_32-64-128-256.csv,46
3,11,64,11839,21.0,,,0.7845309028685311,25.464763520913603,"Complex phrases that often include contrasting ideas or sentiments, frequently involving discussions of societal issues, economic conditions, or philosophical reflections.",complete,False,True,,0,/Users/abdulk/Code/OB-SAE/sae_caft/results/M3_results_11-15-19_32-64-128-256.csv,47
3,11,64,5731,22.0,,,0.7677033986212755,10.646591309203812,"A variety of phrases and sentence fragments that include references to objects, actions, and descriptions, often with punctuation indicating pauses or transitions.",complete,False,True,,0,/Users/abdulk/Code/OB-SAE/sae_caft/results/M3_results_11-15-19_32-64-128-256.csv,48
3,11,64,41884,23.0,,,0.76205396158684,20.361117314268732,"Frequent use of conjunctions, articles, and nouns, often indicating relationships or categories within sentences.",complete,False,True,,0,/Users/abdulk/Code/OB-SAE/sae_caft/results/M3_results_11-15-19_32-64-128-256.csv,49
3,11,64,114140,24.0,,,0.7335224859513853,30.63861011229716,"Tokens indicating specific attributes, names, or identifiers, often related to personal information, locations, or events.",complete,False,True,,0,/Users/abdulk/Code/OB-SAE/sae_caft/results/M3_results_11-15-19_32-64-128-256.csv,50
3,11,64,63103,25.0,,,0.7303926873693152,3.2506277524891507,"Presence of various punctuation marks and symbols, often indicating quotations, URLs, monetary values, or other specific formatting elements.",complete,False,True,,0,/Users/abdulk/Code/OB-SAE/sae_caft/results/M3_results_11-15-19_32-64-128-256.csv,51
3,11,128,33003,1.0,,,19.621429854939883,13.632203700708969,"Fragments of text that often include incomplete thoughts or sentences, suggesting informal communication or notes.",complete,False,True,,0,/Users/abdulk/Code/OB-SAE/sae_caft/results/M3_results_11-15-19_32-64-128-256.csv,52
3,11,128,77597,2.0,,,3.2970242665316256,1.6038740823072402,"A variety of tokens indicating different types of content, including articles, timestamps, and references to objects or concepts, often appearing in a structured format.",complete,False,True,,0,/Users/abdulk/Code/OB-SAE/sae_caft/results/M3_results_11-15-19_32-64-128-256.csv,53
3,11,128,90902,3.0,,,3.0295338432762677,,,failed,True,False,,0,/Users/abdulk/Code/OB-SAE/sae_caft/results/M3_results_11-15-19_32-64-128-256.csv,54
3,11,128,73539,4.0,,,2.4908904534762155,5.311924416729944,"The presence of numerical sequences, references to time, and various types of content descriptors, often accompanied by punctuation, indicating a mix of data and narrative elements.",complete,False,True,,0,/Users/abdulk/Code/OB-SAE/sae_caft/results/M3_results_11-15-19_32-64-128-256.csv,55
3,11,128,45231,5.0,,,2.489521938708834,23.262915541005473,"A variety of phrases and clauses that include proper nouns, actions, and descriptive elements, often indicating a transition or continuation in thought.",complete,False,True,,0,/Users/abdulk/Code/OB-SAE/sae_caft/results/M3_results_11-15-19_32-64-128-256.csv,56
3,11,128,32506,6.0,,,1.973774932207266,25.427861165841556,"A variety of important terms and phrases that include verbs, nouns, and adjectives, often related to actions, descriptions, or legal terminology, indicating a diverse range of contexts.",complete,False,True,,0,/Users/abdulk/Code/OB-SAE/sae_caft/results/M3_results_11-15-19_32-64-128-256.csv,57
3,11,128,120958,7.0,,,1.572149744347883,0.9149542823513668,"Text features include various languages and references to dates, often accompanied by specific phrases or terms, indicating a multilingual context and diverse topics.",complete,False,True,,0,/Users/abdulk/Code/OB-SAE/sae_caft/results/M3_results_11-15-19_32-64-128-256.csv,58
3,11,128,51862,8.0,,,1.4386023466087297,25.024954303220632,"Frequent use of conjunctions and prepositions that connect phrases or clauses, often indicating relationships or conditions.",complete,False,True,,0,/Users/abdulk/Code/OB-SAE/sae_caft/results/M3_results_11-15-19_32-64-128-256.csv,59
3,11,128,65695,9.0,,,1.4057975549692892,18.70677444532416,"A variety of tokens indicating numerical values, comparative structures, and specific phrases that suggest relationships or actions, often accompanied by contextual elements like quotations or parenthetical information.",complete,False,True,,0,/Users/abdulk/Code/OB-SAE/sae_caft/results/M3_results_11-15-19_32-64-128-256.csv,60
3,11,128,26991,10.0,,,1.226041139162964,17.03385242283648,"Frequent use of articles, numbers, and phrases indicating specific details or entities, often in a narrative or descriptive context.",complete,False,True,,0,/Users/abdulk/Code/OB-SAE/sae_caft/results/M3_results_11-15-19_32-64-128-256.csv,61
3,11,128,46830,11.0,,,1.1184869458148197,2.055449174686459,"Common patterns include the presence of punctuation marks, abbreviations, and symbols that modify or clarify the surrounding text.",complete,False,True,,0,/Users/abdulk/Code/OB-SAE/sae_caft/results/M3_results_11-15-19_32-64-128-256.csv,62
3,11,128,57487,12.0,,,1.0211634315375064,5.702895925479812,"Phrases that introduce specific subjects or objects, often leading into further descriptive or explanatory content.",complete,False,True,,0,/Users/abdulk/Code/OB-SAE/sae_caft/results/M3_results_11-15-19_32-64-128-256.csv,63
3,11,128,26675,13.0,,,1.019053586889049,3.903132954877133,"A variety of proper nouns, titles, and phrases that indicate specific subjects or items, often accompanied by additional context or descriptors.",complete,False,True,,0,/Users/abdulk/Code/OB-SAE/sae_caft/results/M3_results_11-15-19_32-64-128-256.csv,64
3,11,128,9979,14.0,,,1.0143066661493727,21.32035065554615,"Frequent use of phrases that include prepositions and articles, often indicating relationships or actions involving various subjects.",complete,False,True,,0,/Users/abdulk/Code/OB-SAE/sae_caft/results/M3_results_11-15-19_32-64-128-256.csv,65
3,11,128,111436,15.0,,,0.9586521497647674,,,failed,True,False,,0,/Users/abdulk/Code/OB-SAE/sae_caft/results/M3_results_11-15-19_32-64-128-256.csv,66
3,11,128,48100,16.0,,,0.9470381773147544,0.2831644756164178,"A variety of structured data entries, including dates, group identifiers, and other categorical information, often formatted in a list or table-like manner.",complete,False,True,,0,/Users/abdulk/Code/OB-SAE/sae_caft/results/M3_results_11-15-19_32-64-128-256.csv,67
3,11,128,96246,17.0,,,0.9413291663944068,17.514717254612382,"Tokens indicating numerical values, abbreviations, or specific identifiers, often appearing in various contexts such as dates, measurements, or references.",complete,False,True,,0,/Users/abdulk/Code/OB-SAE/sae_caft/results/M3_results_11-15-19_32-64-128-256.csv,68
3,11,128,104779,18.0,,,0.9304516231459096,26.875434344022196,"Text features include various phrases and clauses that provide context or detail, often leading into or following a quotation or statement.",complete,False,True,,0,/Users/abdulk/Code/OB-SAE/sae_caft/results/M3_results_11-15-19_32-64-128-256.csv,69
3,11,128,114342,19.0,,,0.8796172058775483,7.905331529865913,"A variety of tokens indicating different linguistic features, including fragments of words, articles, and conjunctions, often appearing in diverse contexts such as dates, names, and informal speech.",complete,False,True,,0,/Users/abdulk/Code/OB-SAE/sae_caft/results/M3_results_11-15-19_32-64-128-256.csv,70
3,11,128,60041,20.0,,,0.8711070226738108,23.399529251731668,"A variety of proper nouns, technical terms, and specific categories that denote entities, products, or concepts across different contexts.",complete,False,True,,0,/Users/abdulk/Code/OB-SAE/sae_caft/results/M3_results_11-15-19_32-64-128-256.csv,71
3,11,128,26362,21.0,,,0.7904501069981704,7.422673720595516,"Text features include phrases that often reference moral or philosophical themes, historical or literary contexts, and a variety of subjects, indicating a focus on deeper meanings or narratives.",complete,False,True,,0,/Users/abdulk/Code/OB-SAE/sae_caft/results/M3_results_11-15-19_32-64-128-256.csv,72
3,11,128,64283,22.0,,,0.7825498031560376,17.378523374352763,"A variety of phrases and terms that include specific nouns, brand names, and references to products or services, often accompanied by numerical or descriptive elements.",complete,False,True,,0,/Users/abdulk/Code/OB-SAE/sae_caft/results/M3_results_11-15-19_32-64-128-256.csv,73
3,11,128,69248,23.0,,,0.7759986155580241,25.820753506340896,"A variety of proper nouns, dates, and phrases indicating time or position, often used in formal contexts.",complete,False,True,,0,/Users/abdulk/Code/OB-SAE/sae_caft/results/M3_results_11-15-19_32-64-128-256.csv,74
3,11,128,53875,24.0,,,0.7421015594370752,1.34403458895607,"A mix of numerical sequences, references to media or events, and phrases indicating sources or citations, often accompanied by punctuation and formatting elements.",complete,False,True,,0,/Users/abdulk/Code/OB-SAE/sae_caft/results/M3_results_11-15-19_32-64-128-256.csv,75
3,11,128,65226,25.0,,,0.733703326132057,23.30966150780622,"A variety of tokens indicating time, quantity, and specific entities, often appearing in contexts that suggest comparison, description, or classification.",complete,False,True,,0,/Users/abdulk/Code/OB-SAE/sae_caft/results/M3_results_11-15-19_32-64-128-256.csv,76
3,11,256,73539,1.0,,,19.06782377156299,27.27624699214968,"Text features include a variety of phrases and sentences that often contain informal language, references to events or topics, and a mix of personal sentiments and factual statements.",complete,False,True,,0,/Users/abdulk/Code/OB-SAE/sae_caft/results/M3_results_11-15-19_32-64-128-256.csv,77
3,11,256,60382,2.0,,,4.04626986817172,12.991996595676255,"Text features include a variety of phrases and sentences that often contain incomplete thoughts or fragments, suggesting a conversational or informal style.",complete,False,True,,0,/Users/abdulk/Code/OB-SAE/sae_caft/results/M3_results_11-15-19_32-64-128-256.csv,78
3,11,256,14611,3.0,,,2.4076968235428646,14.087488296623834,"Text features include various topics and themes, often presented in a list format or as part of informative content, indicating a focus on practical advice and community engagement.",complete,False,True,,0,/Users/abdulk/Code/OB-SAE/sae_caft/results/M3_results_11-15-19_32-64-128-256.csv,79
3,11,256,37115,4.0,,,2.2192144925346313,3.0269835138193266,"A variety of text segments that include numerical data, dates, and references to time, often accompanied by additional contextual information.",complete,False,True,,0,/Users/abdulk/Code/OB-SAE/sae_caft/results/M3_results_11-15-19_32-64-128-256.csv,80
3,11,256,3985,5.0,,,2.0016257493955827,14.410233332256292,"Text features include phrases that often introduce additional information or context, frequently followed by a noun or a description, indicating a continuation of thought or detail.",complete,False,True,,0,/Users/abdulk/Code/OB-SAE/sae_caft/results/M3_results_11-15-19_32-64-128-256.csv,81
3,11,256,103432,6.0,,,1.991999487470596,0.7085071926952028,"Text features include various phrases and sentences that appear to be excerpts from articles, advertisements, or discussions, often containing references to organizations, products, or services.",complete,False,True,,0,/Users/abdulk/Code/OB-SAE/sae_caft/results/M3_results_11-15-19_32-64-128-256.csv,82
3,11,256,57690,7.0,,,1.59743638305345,0.0601525786829861,"Sequences of years, dates, and associated identifiers, often related to events or outcomes.",complete,False,True,,0,/Users/abdulk/Code/OB-SAE/sae_caft/results/M3_results_11-15-19_32-64-128-256.csv,83
3,11,256,119052,8.0,,,1.4586121275483537,4.576034143713253,"Text features include a variety of languages and formats, often containing dates, references to social media, and mixed-language phrases, indicating a multilingual context.",complete,False,True,,0,/Users/abdulk/Code/OB-SAE/sae_caft/results/M3_results_11-15-19_32-64-128-256.csv,84
3,11,256,57683,9.0,,,1.4550231965499216,24.352212967865093,"Frequent use of prepositions, proper nouns, and numerical values, often indicating relationships, locations, or specific details in various contexts.",complete,False,True,,0,/Users/abdulk/Code/OB-SAE/sae_caft/results/M3_results_11-15-19_32-64-128-256.csv,85
3,11,256,21892,10.0,,,1.3570919469583116,,,failed,True,False,,0,/Users/abdulk/Code/OB-SAE/sae_caft/results/M3_results_11-15-19_32-64-128-256.csv,86
3,11,256,79984,11.0,,,1.2639146373088734,18.55292994551574,"A variety of phrases and fragments that include proper nouns, numerical values, and references to specific actions or objects, often with a focus on food and cultural elements.",complete,False,True,,0,/Users/abdulk/Code/OB-SAE/sae_caft/results/M3_results_11-15-19_32-64-128-256.csv,87
3,11,256,22633,12.0,,,1.2345721502548352,7.168871633508746,"Fragments of text that often include proper nouns, specific terms, or phrases, frequently followed by additional context or commentary.",complete,False,True,,0,/Users/abdulk/Code/OB-SAE/sae_caft/results/M3_results_11-15-19_32-64-128-256.csv,88
3,11,256,85805,13.0,,,1.1477426755260065,26.70733969567074,"A variety of phrases and clauses that include specific nouns, numbers, and descriptors, often indicating actions, events, or items, with a tendency to include informal or conversational elements.",complete,False,True,,0,/Users/abdulk/Code/OB-SAE/sae_caft/results/M3_results_11-15-19_32-64-128-256.csv,89
3,11,256,46015,14.0,,,1.0699177400516204,24.283307478003668,"A variety of tokens indicating specific details, such as numbers, nouns, and phrases, often related to time, location, or context, suggesting a focus on information and structure in the text.",complete,False,True,,0,/Users/abdulk/Code/OB-SAE/sae_caft/results/M3_results_11-15-19_32-64-128-256.csv,90
3,11,256,98539,15.0,,,1.046082902141597,0.6181467450764592,"The presence of structured data or lists, often including dates, locations, and other categorical information.",complete,False,True,,0,/Users/abdulk/Code/OB-SAE/sae_caft/results/M3_results_11-15-19_32-64-128-256.csv,91
3,11,256,2059,16.0,,,1.0155327549170152,,,failed,True,False,,0,/Users/abdulk/Code/OB-SAE/sae_caft/results/M3_results_11-15-19_32-64-128-256.csv,92
3,11,256,32892,17.0,,,0.9910129194164924,23.56121302641404,Frequent use of punctuation and specific phrases that indicate transitions or additional information within sentences.,complete,False,True,,0,/Users/abdulk/Code/OB-SAE/sae_caft/results/M3_results_11-15-19_32-64-128-256.csv,93
3,11,256,16912,18.0,,,0.9867263817874412,6.710412017187267,"Text features include fragments of sentences with various contexts, often containing incomplete thoughts or references to specific subjects, locations, or events.",complete,False,True,,0,/Users/abdulk/Code/OB-SAE/sae_caft/results/M3_results_11-15-19_32-64-128-256.csv,94
3,11,256,74043,19.0,,,0.9768948783814688,22.716256338714885,"Phrases and fragments that often include prepositions, conjunctions, or other connecting words, indicating relationships or transitions in thought.",complete,False,True,,0,/Users/abdulk/Code/OB-SAE/sae_caft/results/M3_results_11-15-19_32-64-128-256.csv,95
3,11,256,117036,20.0,,,0.9501880635781496,19.32679023127006,"Phrases that include a mix of common nouns, adjectives, and conjunctions, often forming complex or descriptive structures.",complete,False,True,,0,/Users/abdulk/Code/OB-SAE/sae_caft/results/M3_results_11-15-19_32-64-128-256.csv,96
3,11,256,42079,21.0,,,0.9477701142266728,17.7032408736967,"A variety of nouns and phrases indicating specific items, activities, or concepts, often related to leisure, industry, or caution.",complete,False,True,,0,/Users/abdulk/Code/OB-SAE/sae_caft/results/M3_results_11-15-19_32-64-128-256.csv,97
3,11,256,104010,22.0,,,0.9113461452071354,16.01704654440457,"A variety of proper nouns, phrases, and terms that indicate specific entities, locations, or concepts, often appearing in lists or as part of larger statements.",complete,False,True,,0,/Users/abdulk/Code/OB-SAE/sae_caft/results/M3_results_11-15-19_32-64-128-256.csv,98
3,11,256,11928,23.0,,,0.9024583544334814,25.309789547338863,"A variety of phrases and clauses that provide context or detail, often including descriptive elements or directives.",complete,False,True,,0,/Users/abdulk/Code/OB-SAE/sae_caft/results/M3_results_11-15-19_32-64-128-256.csv,99
3,11,256,1937,24.0,,,0.8669645956530972,0.1213909578790658,"A pattern of URLs and references to food items, often indicating recipes or related content.",complete,False,True,,0,/Users/abdulk/Code/OB-SAE/sae_caft/results/M3_results_11-15-19_32-64-128-256.csv,100
3,11,256,87928,25.0,,,0.8640346784337428,11.925118108640032,"Frequent use of phrases and fragments that suggest formal or structured content, often including references to reports, policies, and ecological topics.",complete,False,True,,0,/Users/abdulk/Code/OB-SAE/sae_caft/results/M3_results_11-15-19_32-64-128-256.csv,101
3,15,32,96088,1.0,,,24.953582396759018,0.047101687927976,"Text features include URLs, references to web content, and phrases indicating online resources or specific locations.",complete,False,True,,0,/Users/abdulk/Code/OB-SAE/sae_caft/results/M3_results_11-15-19_32-64-128-256.csv,102
3,15,32,1614,2.0,,,6.909145280645583,,,failed,True,False,,0,/Users/abdulk/Code/OB-SAE/sae_caft/results/M3_results_11-15-19_32-64-128-256.csv,103
3,15,32,28828,3.0,,,3.249705755031364,27.100879203606137,"A variety of tokens indicating relationships, actions, or attributes, often linked to nouns or phrases that provide context or detail.",complete,False,True,,0,/Users/abdulk/Code/OB-SAE/sae_caft/results/M3_results_11-15-19_32-64-128-256.csv,104
3,15,32,42226,4.0,,,2.6752349263264508,,,failed,True,False,,0,/Users/abdulk/Code/OB-SAE/sae_caft/results/M3_results_11-15-19_32-64-128-256.csv,105
3,15,32,78539,5.0,,,2.455499072954783,30.896876944600383,"Frequent use of phrases that introduce definitions, examples, or elaborations, often followed by additional context or explanations.",complete,False,True,,0,/Users/abdulk/Code/OB-SAE/sae_caft/results/M3_results_11-15-19_32-64-128-256.csv,106
3,15,32,61133,6.0,,,2.295867910350235,,,failed,True,False,,0,/Users/abdulk/Code/OB-SAE/sae_caft/results/M3_results_11-15-19_32-64-128-256.csv,107
3,15,32,113231,7.0,,,2.2045022951515945,14.53956336969097,"Prepositions and phrases indicating source, attribution, or context, often appearing in relation to content or citations.",complete,False,True,,0,/Users/abdulk/Code/OB-SAE/sae_caft/results/M3_results_11-15-19_32-64-128-256.csv,108
3,15,32,95669,8.0,,,1.8411771942792736,21.928939778561663,"Prepositions and phrases indicating relationships, approvals, or conditions, often linked to specific entities or actions.",complete,False,True,,0,/Users/abdulk/Code/OB-SAE/sae_caft/results/M3_results_11-15-19_32-64-128-256.csv,109
3,15,32,123589,9.0,,,1.517869153897674,26.396495268156983,"Text features include phrases that provide detailed information or context, often related to specific fields or topics, and frequently include nouns or noun phrases that describe various subjects or concepts.",complete,False,True,,0,/Users/abdulk/Code/OB-SAE/sae_caft/results/M3_results_11-15-19_32-64-128-256.csv,110
3,15,32,32206,10.0,,,1.353204636042865,10.077925461480056,"Numerical values, dates, and specific identifiers often followed by punctuation or additional context.",complete,False,True,,0,/Users/abdulk/Code/OB-SAE/sae_caft/results/M3_results_11-15-19_32-64-128-256.csv,111
3,15,32,108679,11.0,,,1.353101823869577,29.48017001643137,"Common phrases and structures that indicate clarification, elaboration, or reference to prior context, often involving conjunctions or prepositions.",complete,False,True,,0,/Users/abdulk/Code/OB-SAE/sae_caft/results/M3_results_11-15-19_32-64-128-256.csv,112
3,15,32,111025,12.0,,,1.3201801816518557,2.689784398895701,"Common terms related to racing, vehicles, and performance, often indicating actions or conditions in a competitive context.",complete,False,True,,0,/Users/abdulk/Code/OB-SAE/sae_caft/results/M3_results_11-15-19_32-64-128-256.csv,113
3,15,32,84777,13.0,,,1.3078398621275484,,,failed,True,False,,0,/Users/abdulk/Code/OB-SAE/sae_caft/results/M3_results_11-15-19_32-64-128-256.csv,114
3,15,32,91670,14.0,,,1.3032644651725038,1.3692664952576543,"Text features include numerical scores, game statistics, and references to sports events, often indicating performance or outcomes.",complete,False,True,,0,/Users/abdulk/Code/OB-SAE/sae_caft/results/M3_results_11-15-19_32-64-128-256.csv,115
3,15,32,64993,15.0,,,1.2864140910872974,22.13730631498822,"Proper nouns and specific terms, often related to names, titles, or organizations, indicating a focus on distinct entities or concepts.",complete,False,True,,0,/Users/abdulk/Code/OB-SAE/sae_caft/results/M3_results_11-15-19_32-64-128-256.csv,116
3,15,32,81900,16.0,,,1.1938485240786725,21.82354341091556,"A variety of phrases and fragments that include nouns, adjectives, and verbs, often indicating actions, objects, or descriptions, with a tendency towards informal or conversational tone.",complete,False,True,,0,/Users/abdulk/Code/OB-SAE/sae_caft/results/M3_results_11-15-19_32-64-128-256.csv,117
3,15,32,129443,17.0,,,1.1616364594223731,19.47484095353416,"Frequent use of short function words and common phrases that serve grammatical purposes, often appearing in conversational or informal contexts.",complete,False,True,,0,/Users/abdulk/Code/OB-SAE/sae_caft/results/M3_results_11-15-19_32-64-128-256.csv,118
3,15,32,79946,18.0,,,1.1548747467982228,2.196411332897156,"The presence of numerical values, abbreviations, and specific tokens that indicate dates, quantities, or identifiers, often followed by punctuation or specific characters.",complete,False,True,,0,/Users/abdulk/Code/OB-SAE/sae_caft/results/M3_results_11-15-19_32-64-128-256.csv,119
3,15,32,46214,19.0,,,0.9428428637937794,2.9032369259345066,"Presence of various formatting elements, including special characters, email addresses, and references to technology or media, indicating a mix of technical and informal communication.",complete,False,True,,0,/Users/abdulk/Code/OB-SAE/sae_caft/results/M3_results_11-15-19_32-64-128-256.csv,120
3,15,32,58832,20.0,,,0.9342146048418714,28.59957320616362,"Frequent use of auxiliary verbs, nouns, and specific phrases that indicate actions, functions, or relationships in various contexts.",complete,False,True,,0,/Users/abdulk/Code/OB-SAE/sae_caft/results/M3_results_11-15-19_32-64-128-256.csv,121
3,15,32,21355,21.0,,,0.8272748852424203,6.149503025553964,"A focus on numerical data, dates, and group classifications, often accompanied by specific contextual phrases.",complete,False,True,,0,/Users/abdulk/Code/OB-SAE/sae_caft/results/M3_results_11-15-19_32-64-128-256.csv,122
3,15,32,58467,22.0,,,0.8200335696549922,10.333533393520586,"A variety of tokens indicating specific terms, categories, or identifiers, often related to technical or formal contexts.",complete,False,True,,0,/Users/abdulk/Code/OB-SAE/sae_caft/results/M3_results_11-15-19_32-64-128-256.csv,123
3,15,32,60094,23.0,,,0.7982582168060638,28.88057879408806,"Nouns and phrases that denote specific entities, concepts, or characteristics, often related to social, environmental, or technical contexts.",complete,False,True,,0,/Users/abdulk/Code/OB-SAE/sae_caft/results/M3_results_11-15-19_32-64-128-256.csv,124
3,15,32,53690,24.0,,,0.7258973348470988,21.88671534213021,"A variety of tokens indicating specific entities, quantities, or descriptors, often including proper nouns, comparative forms, and numerical values.",complete,False,True,,0,/Users/abdulk/Code/OB-SAE/sae_caft/results/M3_results_11-15-19_32-64-128-256.csv,125
3,15,32,2721,25.0,,,0.7111594599451124,26.51064308066878,"A variety of phrases and clauses that include descriptive elements, often indicating actions, attributes, or contexts related to specific subjects.",complete,False,True,,0,/Users/abdulk/Code/OB-SAE/sae_caft/results/M3_results_11-15-19_32-64-128-256.csv,126
3,15,64,102475,1.0,,,25.0716830567172,0.214937082707516,"A variety of web addresses and references to online content, often including dates and specific file paths.",complete,False,True,,0,/Users/abdulk/Code/OB-SAE/sae_caft/results/M3_results_11-15-19_32-64-128-256.csv,127
3,15,64,93505,2.0,,,5.169508175967067,26.100946462439385,"A variety of nouns, verbs, and adjectives that indicate quantities, actions, or characteristics, often accompanied by specific contexts or conditions.",complete,False,True,,0,/Users/abdulk/Code/OB-SAE/sae_caft/results/M3_results_11-15-19_32-64-128-256.csv,128
3,15,64,42867,3.0,,,2.840716326205567,20.23738573980606,"A variety of tokens that include email addresses, numerical values, and references to specific entities or events, often indicating a mix of technical, personal, and narrative contexts.",complete,False,True,,0,/Users/abdulk/Code/OB-SAE/sae_caft/results/M3_results_11-15-19_32-64-128-256.csv,129
3,15,64,77052,4.0,,,2.678542578737585,5.591266618672868,"Presence of numerical sequences, punctuation, and specific formatting elements, often indicating dates or technical instructions.",complete,False,True,,0,/Users/abdulk/Code/OB-SAE/sae_caft/results/M3_results_11-15-19_32-64-128-256.csv,130
3,15,64,23401,5.0,,,2.6480788315146366,,,failed,True,False,,0,/Users/abdulk/Code/OB-SAE/sae_caft/results/M3_results_11-15-19_32-64-128-256.csv,131
3,15,64,27973,6.0,,,2.3766705191453217,22.905039518168337,"Common phrases and structures that include prepositions, nouns, and adjectives, often indicating relationships or comparisons.",complete,False,True,,0,/Users/abdulk/Code/OB-SAE/sae_caft/results/M3_results_11-15-19_32-64-128-256.csv,132
3,15,64,84777,7.0,,,2.2970299839911132,5.936141600934054,"Common phrases and tokens indicating attribution, references, or additional information, often followed by punctuation or formatting elements.",complete,False,True,,0,/Users/abdulk/Code/OB-SAE/sae_caft/results/M3_results_11-15-19_32-64-128-256.csv,133
3,15,64,42226,8.0,,,2.233200470465238,24.698370870525977,"Frequent use of nouns and adjectives, often in a context that discusses eligibility, containment, or conditions, with a tendency to include conjunctions and prepositions.",complete,False,True,,0,/Users/abdulk/Code/OB-SAE/sae_caft/results/M3_results_11-15-19_32-64-128-256.csv,134
3,15,64,105454,9.0,,,2.1278360641008884,27.83399670044613,"A focus on emotional and physical states, often using terms related to human experience, morality, and legal contexts.",complete,False,True,,0,/Users/abdulk/Code/OB-SAE/sae_caft/results/M3_results_11-15-19_32-64-128-256.csv,135
3,15,64,128240,10.0,,,2.100601864708573,8.844318418718903,"A variety of alphanumeric tokens, including numbers, abbreviations, and specific terms, often indicating measurements, rankings, or references to dates and entities.",complete,False,True,,0,/Users/abdulk/Code/OB-SAE/sae_caft/results/M3_results_11-15-19_32-64-128-256.csv,136
3,15,64,120958,11.0,,,2.027570814819655,3.293719039931803,"Text features include a mix of non-English phrases, URLs, and various languages, often with embedded tokens indicating specific content or context.",complete,False,True,,0,/Users/abdulk/Code/OB-SAE/sae_caft/results/M3_results_11-15-19_32-64-128-256.csv,137
3,15,64,109627,12.0,,,2.0045450740002613,19.4074152069326,"Frequent use of phrases that include conjunctions and prepositions, often leading into additional descriptive or explanatory content.",complete,False,True,,0,/Users/abdulk/Code/OB-SAE/sae_caft/results/M3_results_11-15-19_32-64-128-256.csv,138
3,15,64,62255,13.0,,,1.874241160399242,31.049592616205707,"The text features a variety of phrases that include personal opinions, descriptions, and inquiries, often reflecting on experiences, societal issues, or specific topics of discussion.",complete,False,True,,0,/Users/abdulk/Code/OB-SAE/sae_caft/results/M3_results_11-15-19_32-64-128-256.csv,139
3,15,64,14329,14.0,,,1.86792923827104,23.883929445495987,"Text features include phrases that introduce specific topics or actions, often followed by additional context or explanations, indicating a focus on health, environmental issues, and practical advice.",complete,False,True,,0,/Users/abdulk/Code/OB-SAE/sae_caft/results/M3_results_11-15-19_32-64-128-256.csv,140
3,15,64,61990,15.0,,,1.691908671752483,8.491984449777027,"A variety of tokens indicating numerical values, relationships, and actions, often associated with specific contexts or subjects.",complete,False,True,,0,/Users/abdulk/Code/OB-SAE/sae_caft/results/M3_results_11-15-19_32-64-128-256.csv,141
3,15,64,49723,16.0,,,1.5766609219811814,24.92885351081337,"Frequent use of phrases and clauses that provide additional context or detail, often including numerical values, specific events, or references to entities.",complete,False,True,,0,/Users/abdulk/Code/OB-SAE/sae_caft/results/M3_results_11-15-19_32-64-128-256.csv,142
3,15,64,50473,17.0,,,1.4298301812434655,19.417400443983414,"Numerical values, dates, and specific terms that indicate quantities or identifiers, often accompanied by contextual phrases.",complete,False,True,,0,/Users/abdulk/Code/OB-SAE/sae_caft/results/M3_results_11-15-19_32-64-128-256.csv,143
3,15,64,53277,18.0,,,1.4232142127875065,,,failed,True,False,,0,/Users/abdulk/Code/OB-SAE/sae_caft/results/M3_results_11-15-19_32-64-128-256.csv,144
3,15,64,47519,19.0,,,1.3851524723928386,0.6361340204911937,"Numerical tokens and prepositions indicating specific details or references, often related to dates or claims.",complete,False,True,,0,/Users/abdulk/Code/OB-SAE/sae_caft/results/M3_results_11-15-19_32-64-128-256.csv,145
3,15,64,18722,20.0,,,1.3817769251502876,25.196352397403064,Prepositions and articles that indicate relationships or specify nouns within various contexts.,complete,False,True,,0,/Users/abdulk/Code/OB-SAE/sae_caft/results/M3_results_11-15-19_32-64-128-256.csv,146
3,15,64,125876,21.0,,,1.3567016792995297,12.488850729670022,"Frequent use of conjunctions and prepositions, often leading into descriptive phrases or clauses that elaborate on the main subject.",complete,False,True,,0,/Users/abdulk/Code/OB-SAE/sae_caft/results/M3_results_11-15-19_32-64-128-256.csv,147
3,15,64,89915,22.0,,,1.2244732790446942,,,failed,True,False,,0,/Users/abdulk/Code/OB-SAE/sae_caft/results/M3_results_11-15-19_32-64-128-256.csv,148
3,15,64,78279,23.0,,,1.201867567302666,23.04236713524684,"A variety of phrases and tokens indicating dates, events, activities, and participation, often accompanied by contextually relevant nouns and verbs.",complete,False,True,,0,/Users/abdulk/Code/OB-SAE/sae_caft/results/M3_results_11-15-19_32-64-128-256.csv,149
3,15,64,71516,24.0,,,1.1892171776986409,22.17369272744804,"Frequent use of specific tokens that indicate position, identity, or reference, often in the context of numbers or personal pronouns.",complete,False,True,,0,/Users/abdulk/Code/OB-SAE/sae_caft/results/M3_results_11-15-19_32-64-128-256.csv,150
3,15,64,105186,25.0,,,1.1756513309428906,23.886029371983053,"Common phrases and structures that include adjectives, nouns, and prepositions, often indicating relationships or characteristics.",complete,False,True,,0,/Users/abdulk/Code/OB-SAE/sae_caft/results/M3_results_11-15-19_32-64-128-256.csv,151
3,15,128,110352,1.0,,,24.801185964453737,4.1558762921507135,"A variety of text segments that include URLs, dates, and other structured data, often indicating web content or specific references.",complete,False,True,,0,/Users/abdulk/Code/OB-SAE/sae_caft/results/M3_results_11-15-19_32-64-128-256.csv,152
3,15,128,81161,2.0,,,6.641351729939885,9.731741512048606,"Text features include various phrases and fragments that often contain specific information or references, sometimes including contact details, product descriptions, or contextual notes.",complete,False,True,,0,/Users/abdulk/Code/OB-SAE/sae_caft/results/M3_results_11-15-19_32-64-128-256.csv,153
3,15,128,84412,3.0,,,3.759204395092786,23.24864456995588,"A variety of phrases and terms that include specific locations, measurements, and technical details, often accompanied by numerical values or descriptors.",complete,False,True,,0,/Users/abdulk/Code/OB-SAE/sae_caft/results/M3_results_11-15-19_32-64-128-256.csv,154
3,15,128,97156,4.0,,,3.715777942041296,18.882095961348647,"A variety of common words and phrases that serve different grammatical functions, including nouns, conjunctions, and adjectives, often appearing in contexts related to technology, experiences, and comparisons.",complete,False,True,,0,/Users/abdulk/Code/OB-SAE/sae_caft/results/M3_results_11-15-19_32-64-128-256.csv,155
3,15,128,66540,5.0,,,3.6010871340825927,28.30870667683947,"A variety of verbs, nouns, and phrases indicating actions, states, or descriptions, often accompanied by modifiers or additional context.",complete,False,True,,0,/Users/abdulk/Code/OB-SAE/sae_caft/results/M3_results_11-15-19_32-64-128-256.csv,156
3,15,128,64256,6.0,,,2.881720771530319,20.59760656626216,"Text features include phrases that suggest practical advice or considerations related to home and environmental management, often focusing on maintenance, health, and noise reduction.",complete,False,True,,0,/Users/abdulk/Code/OB-SAE/sae_caft/results/M3_results_11-15-19_32-64-128-256.csv,157
3,15,128,78284,7.0,,,1.8999500743269733,15.58768947021118,"The examples feature a variety of phrases and clauses that include descriptive elements, often providing additional context or detail, and frequently include punctuation marks that indicate speech or separation of ideas.",complete,False,True,,0,/Users/abdulk/Code/OB-SAE/sae_caft/results/M3_results_11-15-19_32-64-128-256.csv,158
3,15,128,118250,8.0,,,1.8859360195863824,12.852995114668206,"A variety of phrases and terms that include proper nouns, technical jargon, and references to specific contexts, often indicating a formal or structured communication style.",complete,False,True,,0,/Users/abdulk/Code/OB-SAE/sae_caft/results/M3_results_11-15-19_32-64-128-256.csv,159
3,15,128,92000,9.0,,,1.7236858010977525,,,failed,True,False,,0,/Users/abdulk/Code/OB-SAE/sae_caft/results/M3_results_11-15-19_32-64-128-256.csv,160
3,15,128,106813,10.0,,,1.666472613369054,9.37040950840582,"Commonly used prepositions, conjunctions, and articles that serve as functional components in sentences, often linking ideas or providing context.",complete,False,True,,0,/Users/abdulk/Code/OB-SAE/sae_caft/results/M3_results_11-15-19_32-64-128-256.csv,161
3,15,128,120958,11.0,,,1.6409917341871407,3.638395959279332,"Text features include various languages and references to specific events, organizations, or platforms, often accompanied by dates or contextual phrases.",complete,False,True,,0,/Users/abdulk/Code/OB-SAE/sae_caft/results/M3_results_11-15-19_32-64-128-256.csv,162
3,15,128,74737,12.0,,,1.4821034839747778,11.267179988729357,"Text features include technical specifications, cooking instructions, and descriptions of objects or processes, often with a focus on detailed attributes or actions.",complete,False,True,,0,/Users/abdulk/Code/OB-SAE/sae_caft/results/M3_results_11-15-19_32-64-128-256.csv,163
3,15,128,41370,13.0,,,1.446030194311945,21.00988895240226,"Frequent use of phrases that introduce or describe various subjects, often followed by additional context or details.",complete,False,True,,0,/Users/abdulk/Code/OB-SAE/sae_caft/results/M3_results_11-15-19_32-64-128-256.csv,164
3,15,128,48645,14.0,,,1.3698730723993726,5.717902817667067,"Numerical tokens and specific phrases indicating time, dates, or references to years, often accompanied by punctuation.",complete,False,True,,0,/Users/abdulk/Code/OB-SAE/sae_caft/results/M3_results_11-15-19_32-64-128-256.csv,165
3,15,128,71006,15.0,,,1.3216890804691583,21.41093554772494,"Common phrases and verbs indicating actions, states, or comparisons, often involving prepositions or adjectives that modify nouns.",complete,False,True,,0,/Users/abdulk/Code/OB-SAE/sae_caft/results/M3_results_11-15-19_32-64-128-256.csv,166
3,15,128,20720,16.0,,,1.297396003495818,7.889335574615874,"Frequent use of common phrases and structures, including prepositions, articles, and conjunctions, indicating a focus on grammatical elements rather than specific content.",complete,False,True,,0,/Users/abdulk/Code/OB-SAE/sae_caft/results/M3_results_11-15-19_32-64-128-256.csv,167
3,15,128,32527,17.0,,,1.296663760291427,15.754473925713356,"A variety of phrases and fragments that include proper nouns, dates, and informal expressions, often indicating dialogue or specific contexts.",complete,False,True,,0,/Users/abdulk/Code/OB-SAE/sae_caft/results/M3_results_11-15-19_32-64-128-256.csv,168
3,15,128,13473,18.0,,,1.2826201483272348,20.13263611421859,"Frequent use of specific prepositions, conjunctions, and formatting elements that indicate relationships or attributes in various contexts.",complete,False,True,,0,/Users/abdulk/Code/OB-SAE/sae_caft/results/M3_results_11-15-19_32-64-128-256.csv,169
3,15,128,125876,19.0,,,1.193431047438578,20.6164853023768,"Frequent use of conjunctions and articles, often in conjunction with descriptive phrases or clauses, indicating a complex sentence structure.",complete,False,True,,0,/Users/abdulk/Code/OB-SAE/sae_caft/results/M3_results_11-15-19_32-64-128-256.csv,170
3,15,128,108700,20.0,,,1.178873527754182,30.115746310826193,"Common phrases and expressions that convey actions, states, or qualities, often highlighting ongoing processes or conditions.",complete,False,True,,0,/Users/abdulk/Code/OB-SAE/sae_caft/results/M3_results_11-15-19_32-64-128-256.csv,171
3,15,128,5324,21.0,,,1.1572505554103505,27.796032010943996,"A variety of phrases and tokens indicating relationships, actions, or references, often including dates, locations, and specific nouns, suggesting a mix of conversational and informational contexts.",complete,False,True,,0,/Users/abdulk/Code/OB-SAE/sae_caft/results/M3_results_11-15-19_32-64-128-256.csv,172
3,15,128,127853,22.0,,,1.1551813966119968,28.047884579262305,"Frequent use of nouns, numbers, and phrases that indicate specific details or categories, often in a structured or formal context.",complete,False,True,,0,/Users/abdulk/Code/OB-SAE/sae_caft/results/M3_results_11-15-19_32-64-128-256.csv,173
3,15,128,96598,23.0,,,1.1456793362846314,,,failed,True,False,,0,/Users/abdulk/Code/OB-SAE/sae_caft/results/M3_results_11-15-19_32-64-128-256.csv,174
3,15,128,52958,24.0,,,1.1286795935703084,16.030114115503935,"Prepositions and phrases indicating relationships, actions, or conditions, often linked to specific contexts or instructions.",complete,False,True,,0,/Users/abdulk/Code/OB-SAE/sae_caft/results/M3_results_11-15-19_32-64-128-256.csv,175
3,15,128,25468,25.0,,,1.1013038104825537,13.926840290294034,"A variety of nouns and phrases indicating specific items, conditions, or actions, often used in technical or descriptive contexts.",complete,False,True,,0,/Users/abdulk/Code/OB-SAE/sae_caft/results/M3_results_11-15-19_32-64-128-256.csv,176
3,15,256,91136,1.0,,,15.136110657344483,1.5860815311172802,"Fragments of text that appear to be excerpts or incomplete thoughts, often containing various types of information or references.",complete,False,True,,0,/Users/abdulk/Code/OB-SAE/sae_caft/results/M3_results_11-15-19_32-64-128-256.csv,177
3,15,256,52963,2.0,,,13.538066028489284,5.683597094508877,"Text features include various phrases and fragments that suggest incomplete thoughts or references to external content, often accompanied by punctuation or numerical data.",complete,False,True,,0,/Users/abdulk/Code/OB-SAE/sae_caft/results/M3_results_11-15-19_32-64-128-256.csv,178
3,15,256,117798,3.0,,,13.466451581285938,0.523991024511032,"Text features include various formats of citations, references, and URLs, often containing structured data or identifiers.",complete,False,True,,0,/Users/abdulk/Code/OB-SAE/sae_caft/results/M3_results_11-15-19_32-64-128-256.csv,179
3,15,256,110352,4.0,,,13.38379386108207,11.641264981037814,"Text features include a variety of topics and contexts, often referencing specific events, objects, or concepts, indicating a broad range of subjects being discussed.",complete,False,True,,0,/Users/abdulk/Code/OB-SAE/sae_caft/results/M3_results_11-15-19_32-64-128-256.csv,180
3,15,256,25371,5.0,,,11.693415937009933,14.460189690410346,"References to specific events, objects, or entities, often accompanied by numerical identifiers or dates, indicating a focus on detailed information.",complete,False,True,,0,/Users/abdulk/Code/OB-SAE/sae_caft/results/M3_results_11-15-19_32-64-128-256.csv,181
3,15,256,56170,6.0,,,9.45027933873497,12.92387895863086,"Detailed descriptions of items, features, or instructions, often including specifications and characteristics.",complete,False,True,,0,/Users/abdulk/Code/OB-SAE/sae_caft/results/M3_results_11-15-19_32-64-128-256.csv,182
3,15,256,84412,7.0,,,8.780113859121798,21.429903905260534,"Fragments of text that often include descriptive elements, numerical data, or references to specific items, frequently leading into further elaboration or context.",complete,False,True,,0,/Users/abdulk/Code/OB-SAE/sae_caft/results/M3_results_11-15-19_32-64-128-256.csv,183
3,15,256,49330,8.0,,,8.472448379508625,10.54981375983644,"Text features include a variety of topics, often discussing environmental issues, health, and home characteristics, with a focus on specific details and descriptions.",complete,False,True,,0,/Users/abdulk/Code/OB-SAE/sae_caft/results/M3_results_11-15-19_32-64-128-256.csv,184
3,15,256,45904,9.0,,,7.74294710533194,6.838259859465618,"A variety of tokens that include numbers, measurements, and specific descriptors, often indicating quantities or characteristics.",complete,False,True,,0,/Users/abdulk/Code/OB-SAE/sae_caft/results/M3_results_11-15-19_32-64-128-256.csv,185
3,15,256,82493,10.0,,,5.256803980985364,21.323253036712376,"Text features include a variety of technical and descriptive phrases, often introducing specific subjects or objects, and frequently followed by additional context or details.",complete,False,True,,0,/Users/abdulk/Code/OB-SAE/sae_caft/results/M3_results_11-15-19_32-64-128-256.csv,186
3,15,256,67739,11.0,,,4.248764211970727,21.222419088755977,"Text features include phrases that introduce or elaborate on various topics, often leading into further explanation or context.",complete,False,True,,0,/Users/abdulk/Code/OB-SAE/sae_caft/results/M3_results_11-15-19_32-64-128-256.csv,187
3,15,256,28808,12.0,,,3.754489430867747,0.6510455744368234,"A variety of tokens indicating formatting, such as punctuation, numbers, and references to media or events, often appearing in a fragmented or list-like structure.",complete,False,True,,0,/Users/abdulk/Code/OB-SAE/sae_caft/results/M3_results_11-15-19_32-64-128-256.csv,188
3,15,256,28305,13.0,,,3.743479645844224,8.07168999548248,"Text features include specific names, titles, and phrases that indicate topics, locations, or subjects of discussion, often followed by additional context or commentary.",complete,False,True,,0,/Users/abdulk/Code/OB-SAE/sae_caft/results/M3_results_11-15-19_32-64-128-256.csv,189
3,15,256,65222,14.0,,,3.4908098985559333,0.0900203195806669,"URLs and file paths related to a specific website, often indicating recipes or food-related content.",complete,False,True,,0,/Users/abdulk/Code/OB-SAE/sae_caft/results/M3_results_11-15-19_32-64-128-256.csv,190
3,15,256,63495,15.0,,,3.16705569213931,11.088701632659342,"Text features include specific names, locations, and numerical data, often indicating formal or technical contexts.",complete,False,True,,0,/Users/abdulk/Code/OB-SAE/sae_caft/results/M3_results_11-15-19_32-64-128-256.csv,191
3,15,256,41370,16.0,,,3.0593443707527443,17.198895225413903,"Text features include a variety of topics and contexts, often introducing quotes or statements, with a mix of informal and formal language.",complete,False,True,,0,/Users/abdulk/Code/OB-SAE/sae_caft/results/M3_results_11-15-19_32-64-128-256.csv,192
3,15,256,39049,17.0,,,3.044263346184004,21.312954813756317,"Names, relationships, and specific details about individuals or groups, often presented in a biographical or descriptive context.",complete,False,True,,0,/Users/abdulk/Code/OB-SAE/sae_caft/results/M3_results_11-15-19_32-64-128-256.csv,193
3,15,256,41584,18.0,,,2.867292456220596,23.59231074294349,"A variety of phrases and terms that include references to actions, objects, and specific contexts, often indicating communication, location, or activities.",complete,False,True,,0,/Users/abdulk/Code/OB-SAE/sae_caft/results/M3_results_11-15-19_32-64-128-256.csv,194
3,15,256,86068,19.0,,,2.6811186515780188,26.082507953007745,"Phrases that include a variety of nouns, adjectives, and verbs, often forming complex ideas or questions, indicating a focus on detailed descriptions and evaluations.",complete,False,True,,0,/Users/abdulk/Code/OB-SAE/sae_caft/results/M3_results_11-15-19_32-64-128-256.csv,195
3,15,256,91813,20.0,,,2.6379668918256667,27.073825241276612,"Frequent use of phrases and clauses that provide additional context or detail, often including specific references to time, location, or subjects.",complete,False,True,,0,/Users/abdulk/Code/OB-SAE/sae_caft/results/M3_results_11-15-19_32-64-128-256.csv,196
3,15,256,122518,21.0,,,2.637069352783586,12.158350044046005,"Frequent use of common phrases and connectors that indicate relationships, intentions, or conditions within sentences.",complete,False,True,,0,/Users/abdulk/Code/OB-SAE/sae_caft/results/M3_results_11-15-19_32-64-128-256.csv,197
3,15,256,14611,22.0,,,2.4426146248529794,2.07025972803373,"Text segments that appear to be excerpts or quotes, often containing a variety of topics and contexts, suggesting a diverse range of discussions or narratives.",complete,False,True,,0,/Users/abdulk/Code/OB-SAE/sae_caft/results/M3_results_11-15-19_32-64-128-256.csv,198
3,15,256,29355,23.0,,,2.422956620818087,26.36166493388752,"Text features include a variety of phrases and clauses that provide context or commentary, often leading into or following a quotation or statement.",complete,False,True,,0,/Users/abdulk/Code/OB-SAE/sae_caft/results/M3_results_11-15-19_32-64-128-256.csv,199
3,15,256,5808,24.0,,,2.4064828843766337,11.241089683463464,"Text features include a variety of phrases that introduce descriptions, lists, or actions, often leading into further elaboration or context.",complete,False,True,,0,/Users/abdulk/Code/OB-SAE/sae_caft/results/M3_results_11-15-19_32-64-128-256.csv,200
3,15,256,15951,25.0,,,2.3247091242485625,3.0364204042148,"A variety of structured data points, including times, dates, measurements, and references to events or locations, often formatted in a way that suggests lists or specific details.",complete,False,True,,0,/Users/abdulk/Code/OB-SAE/sae_caft/results/M3_results_11-15-19_32-64-128-256.csv,201
3,19,32,130789,1.0,,,33.56469958834292,12.611037173833395,"Fragments of sentences that often include incomplete thoughts or phrases, indicating ongoing dialogue or narrative context.",complete,False,True,,0,/Users/abdulk/Code/OB-SAE/sae_caft/results/M3_results_11-15-19_32-64-128-256.csv,202
3,19,32,1565,2.0,,,6.188015388133821,,,failed,True,False,,0,/Users/abdulk/Code/OB-SAE/sae_caft/results/M3_results_11-15-19_32-64-128-256.csv,203
3,19,32,96599,3.0,,,5.471297536591741,25.877839879848764,"A variety of tokens indicating parts of speech, including nouns, verbs, and conjunctions, often appearing in conversational or narrative contexts.",complete,False,True,,0,/Users/abdulk/Code/OB-SAE/sae_caft/results/M3_results_11-15-19_32-64-128-256.csv,204
3,19,32,10493,4.0,,,4.811126992943022,6.15097396953401,"A variety of common words and phrases that serve different grammatical functions, including conjunctions, prepositions, and auxiliary verbs, often appearing in informal contexts.",complete,False,True,,0,/Users/abdulk/Code/OB-SAE/sae_caft/results/M3_results_11-15-19_32-64-128-256.csv,205
3,19,32,1684,5.0,,,3.822950086578672,24.251344040760205,"Phrases that convey emotional or descriptive content, often in a formal or literary context, with a focus on actions, events, or characteristics.",complete,False,True,,0,/Users/abdulk/Code/OB-SAE/sae_caft/results/M3_results_11-15-19_32-64-128-256.csv,206
3,19,32,123578,6.0,,,3.74748727865264,23.823921770833124,"Prepositions and auxiliary verbs that indicate relationships, conditions, or actions in various contexts.",complete,False,True,,0,/Users/abdulk/Code/OB-SAE/sae_caft/results/M3_results_11-15-19_32-64-128-256.csv,207
3,19,32,125516,7.0,,,3.077908961709357,,,failed,True,False,,0,/Users/abdulk/Code/OB-SAE/sae_caft/results/M3_results_11-15-19_32-64-128-256.csv,208
3,19,32,101304,8.0,,,2.600186430018296,17.94035416169726,"Phrases that describe various contexts, often involving preparation, qualities, or actions, frequently followed by additional descriptive elements.",complete,False,True,,0,/Users/abdulk/Code/OB-SAE/sae_caft/results/M3_results_11-15-19_32-64-128-256.csv,209
3,19,32,75837,9.0,,,2.179875869870622,27.901720388281383,"Frequent use of function words and phrases that indicate relationships, actions, or states, often appearing in various contexts such as suggestions, comparisons, or descriptions.",complete,False,True,,0,/Users/abdulk/Code/OB-SAE/sae_caft/results/M3_results_11-15-19_32-64-128-256.csv,210
3,19,32,60661,10.0,,,1.8404638901594357,23.58790024950625,"Phrases that provide additional context or details, often related to specific subjects or activities, indicating a descriptive or explanatory nature.",complete,False,True,,0,/Users/abdulk/Code/OB-SAE/sae_caft/results/M3_results_11-15-19_32-64-128-256.csv,211
3,19,32,55310,11.0,,,1.5434218586644015,2.477790510474772,"The presence of various tokens indicating punctuation, names, and specific terms, often interspersed with incomplete phrases or fragments, suggesting a mix of dialogue, instructions, and narrative elements.",complete,False,True,,0,/Users/abdulk/Code/OB-SAE/sae_caft/results/M3_results_11-15-19_32-64-128-256.csv,212
3,19,32,125142,12.0,,,1.5423714796785155,3.903715372193147,"Frequent use of phrases and terms related to cleaning, maintenance, and environmental considerations, often accompanied by specific instructions or recommendations.",complete,False,True,,0,/Users/abdulk/Code/OB-SAE/sae_caft/results/M3_results_11-15-19_32-64-128-256.csv,213
3,19,32,102359,13.0,,,1.5026110412310507,14.59744236423648,"Common patterns include the presence of specific suffixes or endings in words, often indicating a particular grammatical form or category, such as nouns, adjectives, or verbs.",complete,False,True,,0,/Users/abdulk/Code/OB-SAE/sae_caft/results/M3_results_11-15-19_32-64-128-256.csv,214
3,19,32,123773,14.0,,,1.487880211055933,0.0375288939366509,"The frequent use of the phrase ""as in"" to reference previous claims or examples, indicating a formal structure typical in legal or technical documentation.",complete,False,True,,0,/Users/abdulk/Code/OB-SAE/sae_caft/results/M3_results_11-15-19_32-64-128-256.csv,215
3,19,32,7458,15.0,,,1.4584774099091742,19.39019821015001,"Text features include various phrases and clauses that provide additional context or detail, often related to financial, legal, or descriptive content, with a tendency to include specific numerical or categorical information.",complete,False,True,,0,/Users/abdulk/Code/OB-SAE/sae_caft/results/M3_results_11-15-19_32-64-128-256.csv,216
3,19,32,106502,16.0,,,1.4454452267381075,3.413605828405794,"The presence of numerical tokens, particularly years, and common prepositions or articles that indicate relationships or context within sentences.",complete,False,True,,0,/Users/abdulk/Code/OB-SAE/sae_caft/results/M3_results_11-15-19_32-64-128-256.csv,217
3,19,32,98250,17.0,,,1.420464829456351,13.595146639931228,"A variety of nouns representing entities, objects, or concepts, often related to specific contexts or activities.",complete,False,True,,0,/Users/abdulk/Code/OB-SAE/sae_caft/results/M3_results_11-15-19_32-64-128-256.csv,218
3,19,32,68243,18.0,,,1.3955145509343962,2.87999317786355,"A mix of dates, numerical values, and references to media or content, often accompanied by punctuation or formatting symbols.",complete,False,True,,0,/Users/abdulk/Code/OB-SAE/sae_caft/results/M3_results_11-15-19_32-64-128-256.csv,219
3,19,32,41761,19.0,,,1.3836640951711972,25.24750422902262,"Common phrases and structures that include auxiliary verbs, pronouns, and specific nouns, often indicating possession, intention, or action.",complete,False,True,,0,/Users/abdulk/Code/OB-SAE/sae_caft/results/M3_results_11-15-19_32-64-128-256.csv,220
3,19,32,120849,20.0,,,1.3363763150156822,26.37820789650855,"A variety of phrases and terms that denote specific roles, categories, or functions, often in a formal or technical context.",complete,False,True,,0,/Users/abdulk/Code/OB-SAE/sae_caft/results/M3_results_11-15-19_32-64-128-256.csv,221
3,19,32,72566,21.0,,,1.1682072497386304,1.934701421010376,"Text features include statistical references, game-related terminology, and commentary on performance, often in a sports context.",complete,False,True,,0,/Users/abdulk/Code/OB-SAE/sae_caft/results/M3_results_11-15-19_32-64-128-256.csv,222
3,19,32,129547,22.0,,,1.1569113875457395,,,failed,True,False,,0,/Users/abdulk/Code/OB-SAE/sae_caft/results/M3_results_11-15-19_32-64-128-256.csv,223
3,19,32,48662,23.0,,,1.1146170935703084,5.546533727442103,"Common patterns include fragments of words that suggest incomplete or truncated forms, often indicating a focus on specific linguistic features or terms.",complete,False,True,,0,/Users/abdulk/Code/OB-SAE/sae_caft/results/M3_results_11-15-19_32-64-128-256.csv,224
3,19,32,88348,24.0,,,0.9943623807501308,0.2748234298372694,"The presence of a specific numeric pattern, particularly the sequence ""2012,"" indicating dates or years in various contexts.",complete,False,True,,0,/Users/abdulk/Code/OB-SAE/sae_caft/results/M3_results_11-15-19_32-64-128-256.csv,225
3,19,32,33991,25.0,,,0.968088204064297,2.5441122455200817,"A variety of punctuation marks and formatting elements indicating lists, dates, or specific data points, often accompanied by numerical or categorical information.",complete,False,True,,0,/Users/abdulk/Code/OB-SAE/sae_caft/results/M3_results_11-15-19_32-64-128-256.csv,226
3,19,64,130789,1.0,,,34.80353829064297,10.467418854700048,"Fragments of sentences that often include incomplete thoughts or phrases, frequently leading into additional context or quotations.",complete,False,True,,0,/Users/abdulk/Code/OB-SAE/sae_caft/results/M3_results_11-15-19_32-64-128-256.csv,227
3,19,64,58762,2.0,,,7.014293240329326,12.431859717640837,"A variety of tokens indicating specific nouns, verbs, and phrases, often related to actions, locations, or objects, with some instances of punctuation and formatting elements.",complete,False,True,,0,/Users/abdulk/Code/OB-SAE/sae_caft/results/M3_results_11-15-19_32-64-128-256.csv,228
3,19,64,110965,3.0,,,6.086517209553058,27.407565802944426,"A variety of phrases and terms that indicate relationships, actions, or descriptions, often including multiple tokens that convey complex ideas or contexts.",complete,False,True,,0,/Users/abdulk/Code/OB-SAE/sae_caft/results/M3_results_11-15-19_32-64-128-256.csv,229
3,19,64,48708,4.0,,,4.460276265600497,22.218855213282342,"A variety of tokens indicating proper nouns, conjunctions, and auxiliary verbs, often appearing in conversational or formal contexts.",complete,False,True,,0,/Users/abdulk/Code/OB-SAE/sae_caft/results/M3_results_11-15-19_32-64-128-256.csv,230
3,19,64,129169,5.0,,,4.0913316167341875,,,failed,True,False,,0,/Users/abdulk/Code/OB-SAE/sae_caft/results/M3_results_11-15-19_32-64-128-256.csv,231
3,19,64,110362,6.0,,,2.755905982504574,26.6980705761523,"Text features include informative statements about environmental issues, health concerns, and practical advice, often presented in a formal or instructional tone.",complete,False,True,,0,/Users/abdulk/Code/OB-SAE/sae_caft/results/M3_results_11-15-19_32-64-128-256.csv,232
3,19,64,93994,7.0,,,2.6947980307435966,9.19992734331315,"Fragments of text that often include incomplete sentences, numbers, or references to specific items, suggesting a mix of informal and formal contexts.",complete,False,True,,0,/Users/abdulk/Code/OB-SAE/sae_caft/results/M3_results_11-15-19_32-64-128-256.csv,233
3,19,64,75837,8.0,,,2.5244924733729746,24.346471177317405,"Frequent use of phrases that indicate relationships, actions, or states, often involving verbs and prepositions, suggesting a complex structure in the text.",complete,False,True,,0,/Users/abdulk/Code/OB-SAE/sae_caft/results/M3_results_11-15-19_32-64-128-256.csv,234
3,19,64,5808,9.0,,,2.521693470661265,6.222255834930966,"Text features include phrases that introduce lists or descriptions, often followed by additional context or elaboration.",complete,False,True,,0,/Users/abdulk/Code/OB-SAE/sae_caft/results/M3_results_11-15-19_32-64-128-256.csv,235
3,19,64,118865,10.0,,,2.4361780416884473,,,failed,True,False,,0,/Users/abdulk/Code/OB-SAE/sae_caft/results/M3_results_11-15-19_32-64-128-256.csv,236
3,19,64,126266,11.0,,,2.37186540283586,23.48621087208748,"Numerical values, dates, and specific phrases indicating time or quantity, often accompanied by conjunctions or prepositions.",complete,False,True,,0,/Users/abdulk/Code/OB-SAE/sae_caft/results/M3_results_11-15-19_32-64-128-256.csv,237
3,19,64,24137,12.0,,,2.16979364055149,8.446072571161686,"A variety of tokens indicating time, web-related content, and references to external sources, often accompanied by punctuation or formatting elements.",complete,False,True,,0,/Users/abdulk/Code/OB-SAE/sae_caft/results/M3_results_11-15-19_32-64-128-256.csv,238
3,19,64,119266,13.0,,,1.9723379100235232,26.17273693705726,"Common phrases and structures indicating relationships, conditions, or states, often involving negation or comparison.",complete,False,True,,0,/Users/abdulk/Code/OB-SAE/sae_caft/results/M3_results_11-15-19_32-64-128-256.csv,239
3,19,64,103579,14.0,,,1.6696014930737062,8.025014219739791,"A variety of tokens indicating grammatical functions, including prepositions, articles, and conjunctions, often appearing in contexts related to information presentation or narrative structure.",complete,False,True,,0,/Users/abdulk/Code/OB-SAE/sae_caft/results/M3_results_11-15-19_32-64-128-256.csv,240
3,19,64,21984,15.0,,,1.664515302371929,34.273608390134605,"Frequent use of phrases and clauses that provide context or detail, often including nouns and verbs that contribute to the overall meaning of the sentences.",complete,False,True,,0,/Users/abdulk/Code/OB-SAE/sae_caft/results/M3_results_11-15-19_32-64-128-256.csv,241
3,19,64,53213,16.0,,,1.6296281813578148,14.792425171786162,"Phrases indicating travel, accommodation, and local experiences, often highlighting activities and amenities.",complete,False,True,,0,/Users/abdulk/Code/OB-SAE/sae_caft/results/M3_results_11-15-19_32-64-128-256.csv,242
3,19,64,74895,17.0,,,1.5961292799268163,24.14690535690113,"A variety of phrases and tokens that include common nouns, adjectives, and expressions, often indicating relationships, descriptions, or actions, with some tokens appearing in contexts that suggest additional information or commentary.",complete,False,True,,0,/Users/abdulk/Code/OB-SAE/sae_caft/results/M3_results_11-15-19_32-64-128-256.csv,243
3,19,64,80838,18.0,,,1.5506817049464192,23.405639763019757,"A variety of nouns and adjectives that describe objects, qualities, or actions, often accompanied by descriptive phrases or modifiers.",complete,False,True,,0,/Users/abdulk/Code/OB-SAE/sae_caft/results/M3_results_11-15-19_32-64-128-256.csv,244
3,19,64,107613,19.0,,,1.5354400810245687,17.005016296406936,"Prepositions and conjunctions that indicate relationships or connections between concepts, often linking nouns or phrases.",complete,False,True,,0,/Users/abdulk/Code/OB-SAE/sae_caft/results/M3_results_11-15-19_32-64-128-256.csv,245
3,19,64,53064,20.0,,,1.532836799202823,28.627185310959817,"A variety of phrases and clauses that include prepositions, conjunctions, and specific nouns, often indicating relationships or conditions.",complete,False,True,,0,/Users/abdulk/Code/OB-SAE/sae_caft/results/M3_results_11-15-19_32-64-128-256.csv,246
3,19,64,126853,21.0,,,1.511798794432828,0.3084118508081821,"Patterns of alphanumeric sequences and special characters, often found in URLs, dates, and other structured data formats.",complete,False,True,,0,/Users/abdulk/Code/OB-SAE/sae_caft/results/M3_results_11-15-19_32-64-128-256.csv,247
3,19,64,74650,22.0,,,1.4073011957658128,,,failed,True,False,,0,/Users/abdulk/Code/OB-SAE/sae_caft/results/M3_results_11-15-19_32-64-128-256.csv,248
3,19,64,128733,23.0,,,1.392883804887611,,,failed,True,False,,0,/Users/abdulk/Code/OB-SAE/sae_caft/results/M3_results_11-15-19_32-64-128-256.csv,249
3,19,64,19786,24.0,,,1.3901643361212754,,,failed,True,False,,0,/Users/abdulk/Code/OB-SAE/sae_caft/results/M3_results_11-15-19_32-64-128-256.csv,250
3,19,64,108113,25.0,,,1.333365715254182,23.844993062552412,"Text features include phrases that indicate shifts in narrative or mood, often involving complex sentence structures and a mix of descriptive and analytical language.",complete,False,True,,0,/Users/abdulk/Code/OB-SAE/sae_caft/results/M3_results_11-15-19_32-64-128-256.csv,251
3,19,128,93994,1.0,,,36.35417701254574,4.724947867870403,"Fragments of text that appear to be excerpts or citations, often lacking complete context, suggesting a variety of topics and styles.",complete,False,True,,0,/Users/abdulk/Code/OB-SAE/sae_caft/results/M3_results_11-15-19_32-64-128-256.csv,252
3,19,128,123602,2.0,,,17.843300362650286,12.643317960365492,Fragmented phrases and incomplete thoughts that suggest conversational or informal speech patterns.,complete,False,True,,0,/Users/abdulk/Code/OB-SAE/sae_caft/results/M3_results_11-15-19_32-64-128-256.csv,253
3,19,128,1565,3.0,,,9.179570700470466,6.3882166675106555,"Text features include various phrases and terms that are often part of larger contexts, indicating a wide range of topics from religious references to advertising and classifications.",complete,False,True,,0,/Users/abdulk/Code/OB-SAE/sae_caft/results/M3_results_11-15-19_32-64-128-256.csv,254
3,19,128,21984,4.0,,,7.086227865263983,9.106991147602566,"Text segments that appear to be excerpts or quotes, often containing a variety of topics and contexts, suggesting a diverse range of discussions or narratives.",complete,False,True,,0,/Users/abdulk/Code/OB-SAE/sae_caft/results/M3_results_11-15-19_32-64-128-256.csv,255
3,19,128,73263,5.0,,,6.9611651774046,18.6452799420964,"Frequent use of phrases and proper nouns indicating community, online presence, or specific topics, often accompanied by promotional or informative content.",complete,False,True,,0,/Users/abdulk/Code/OB-SAE/sae_caft/results/M3_results_11-15-19_32-64-128-256.csv,256
3,19,128,96481,6.0,,,6.4234988605920025,1.126390251974744,"A variety of phrases and sentences that include specific identifiers, such as vehicle models, locations, and numerical data, often related to racing or product specifications.",complete,False,True,,0,/Users/abdulk/Code/OB-SAE/sae_caft/results/M3_results_11-15-19_32-64-128-256.csv,257
3,19,128,88434,7.0,,,5.777845967557501,28.175909856058738,"Frequent use of various parts of speech, including nouns, verbs, and adjectives, often in conversational or informal contexts, indicating a mix of dialogue and narrative elements.",complete,False,True,,0,/Users/abdulk/Code/OB-SAE/sae_caft/results/M3_results_11-15-19_32-64-128-256.csv,258
3,19,128,78279,8.0,,,5.651278975267904,18.17816422689041,"Common phrases and structures that include articles, nouns, and adjectives, often indicating specific concepts or items.",complete,False,True,,0,/Users/abdulk/Code/OB-SAE/sae_caft/results/M3_results_11-15-19_32-64-128-256.csv,259
3,19,128,83726,9.0,,,4.789250359383168,19.901261636045877,"Text features include various phrases and clauses that provide context or commentary, often followed by additional information or attribution.",complete,False,True,,0,/Users/abdulk/Code/OB-SAE/sae_caft/results/M3_results_11-15-19_32-64-128-256.csv,260
3,19,128,83049,10.0,,,4.547866979221118,21.689999891332384,"A variety of phrases and tokens that include proper nouns, comparative forms, and common expressions, often with punctuation or formatting elements that suggest dialogue or specific contexts.",complete,False,True,,0,/Users/abdulk/Code/OB-SAE/sae_caft/results/M3_results_11-15-19_32-64-128-256.csv,261
3,19,128,57403,11.0,,,3.8749094395256143,23.262137633204777,"Frequent use of phrases that include specific nouns and verbs, often indicating actions or descriptions, with a tendency to disrupt sentence flow.",complete,False,True,,0,/Users/abdulk/Code/OB-SAE/sae_caft/results/M3_results_11-15-19_32-64-128-256.csv,262
3,19,128,58409,12.0,,,3.10867203325111,20.89487939273808,"Frequent use of phrases that include prepositions and conjunctions, often indicating relationships or conditions within a sentence.",complete,False,True,,0,/Users/abdulk/Code/OB-SAE/sae_caft/results/M3_results_11-15-19_32-64-128-256.csv,263
3,19,128,79984,13.0,,,3.0022524748431785,,,failed,True,False,,0,/Users/abdulk/Code/OB-SAE/sae_caft/results/M3_results_11-15-19_32-64-128-256.csv,264
3,19,128,58762,14.0,,,2.851797834716414,25.348993755929076,"Commonly used function words and nouns that serve various grammatical roles, including conjunctions, pronouns, and specific objects.",complete,False,True,,0,/Users/abdulk/Code/OB-SAE/sae_caft/results/M3_results_11-15-19_32-64-128-256.csv,265
3,19,128,41159,15.0,,,2.421735534827496,,,failed,True,False,,0,/Users/abdulk/Code/OB-SAE/sae_caft/results/M3_results_11-15-19_32-64-128-256.csv,266
3,19,128,69363,16.0,,,2.09174955281299,26.691721306890916,"Frequent use of phrases and tokens that suggest contrast, evaluation, or commentary, often involving adjectives and nouns that describe qualities or states.",complete,False,True,,0,/Users/abdulk/Code/OB-SAE/sae_caft/results/M3_results_11-15-19_32-64-128-256.csv,267
3,19,128,47645,17.0,,,2.074873960647543,24.628253414655727,"A variety of nouns and verbs that indicate actions, states, or objects, often accompanied by descriptive phrases or contextual elements.",complete,False,True,,0,/Users/abdulk/Code/OB-SAE/sae_caft/results/M3_results_11-15-19_32-64-128-256.csv,268
3,19,128,60661,18.0,,,2.0729996038617355,23.210969105647276,"Text features include phrases that often introduce specific topics or details, frequently followed by additional context or commentary.",complete,False,True,,0,/Users/abdulk/Code/OB-SAE/sae_caft/results/M3_results_11-15-19_32-64-128-256.csv,269
3,19,128,3621,19.0,,,2.0560692874411917,11.013151161806348,"Numerical values, dates, and specific tokens indicating quantities or rankings, often accompanied by punctuation.",complete,False,True,,0,/Users/abdulk/Code/OB-SAE/sae_caft/results/M3_results_11-15-19_32-64-128-256.csv,270
3,19,128,25996,20.0,,,1.8454849937107949,15.195945035041754,"A variety of phrases and tokens indicating specific items, measurements, or instructions, often including numerical values or references to quantities.",complete,False,True,,0,/Users/abdulk/Code/OB-SAE/sae_caft/results/M3_results_11-15-19_32-64-128-256.csv,271
3,19,128,71960,21.0,,,1.7227585516858337,23.823948306476712,"A variety of tokens indicating specific entities, events, or actions, often accompanied by punctuation or contextual phrases.",complete,False,True,,0,/Users/abdulk/Code/OB-SAE/sae_caft/results/M3_results_11-15-19_32-64-128-256.csv,272
3,19,128,109451,22.0,,,1.7069001057730004,13.57935368663071,"Text features include a variety of phrases and sentences that often contain proper nouns, dates, and specific terms, frequently followed by punctuation or quotation marks, indicating a mix of formal and informal contexts.",complete,False,True,,0,/Users/abdulk/Code/OB-SAE/sae_caft/results/M3_results_11-15-19_32-64-128-256.csv,273
3,19,128,2998,23.0,,,1.697526688284109,,,failed,True,False,,0,/Users/abdulk/Code/OB-SAE/sae_caft/results/M3_results_11-15-19_32-64-128-256.csv,274
3,19,128,83064,24.0,,,1.6529336437777704,28.72163918681832,"Text features include a variety of phrases that express societal issues, personal reflections, and emotional responses, often highlighting inequalities, challenges, and aspirations.",complete,False,True,,0,/Users/abdulk/Code/OB-SAE/sae_caft/results/M3_results_11-15-19_32-64-128-256.csv,275
3,19,128,89983,25.0,,,1.6131638378855202,12.196903399928797,"Common patterns include fragments of words, numbers, and phrases that suggest incomplete thoughts or references to time and place.",complete,False,True,,0,/Users/abdulk/Code/OB-SAE/sae_caft/results/M3_results_11-15-19_32-64-128-256.csv,276
3,19,256,47147,1.0,,,25.860033324621018,11.136592942246008,"Phrases that introduce specific topics or concepts, often leading into further elaboration or context.",complete,False,True,,0,/Users/abdulk/Code/OB-SAE/sae_caft/results/M3_results_11-15-19_32-64-128-256.csv,277
3,19,256,93994,2.0,,,24.239728175640355,1.83412444753193,"Text features include various phrases and titles, often indicating sources, topics, or specific content, frequently followed by additional context or commentary.",complete,False,True,,0,/Users/abdulk/Code/OB-SAE/sae_caft/results/M3_results_11-15-19_32-64-128-256.csv,278
3,19,256,78551,3.0,,,17.40936805737062,21.79947166792821,"Descriptive phrases and clauses that provide detailed information about various subjects, often including specific attributes or actions.",complete,False,True,,0,/Users/abdulk/Code/OB-SAE/sae_caft/results/M3_results_11-15-19_32-64-128-256.csv,279
3,19,256,45090,4.0,,,14.162118155384212,18.982094009620727,"Text features include a variety of phrases and sentences that often contain numerical references, quotations, or contextual commentary, indicating a mix of reporting, dialogue, and narrative elements.",complete,False,True,,0,/Users/abdulk/Code/OB-SAE/sae_caft/results/M3_results_11-15-19_32-64-128-256.csv,280
3,19,256,125618,5.0,,,13.395808693805542,1.4143390928676685,"Fragments of text that often include lists, citations, or references, typically ending with punctuation or special characters.",complete,False,True,,0,/Users/abdulk/Code/OB-SAE/sae_caft/results/M3_results_11-15-19_32-64-128-256.csv,281
3,19,256,83923,6.0,,,12.733151463669628,7.41395431130685,"Text features include various types of information such as dates, locations, and technical details, often presented in a structured format.",complete,False,True,,0,/Users/abdulk/Code/OB-SAE/sae_caft/results/M3_results_11-15-19_32-64-128-256.csv,282
3,19,256,86423,7.0,,,12.376999273065865,24.94574618463877,"Text features include phrases that often introduce complex ideas or conditions, frequently followed by additional context or explanations.",complete,False,True,,0,/Users/abdulk/Code/OB-SAE/sae_caft/results/M3_results_11-15-19_32-64-128-256.csv,283
3,19,256,16574,8.0,,,11.840126764244642,19.268212445974555,"Text features include a variety of contexts, often indicating instructions, descriptions, or lists, with a focus on specific details or actions.",complete,False,True,,0,/Users/abdulk/Code/OB-SAE/sae_caft/results/M3_results_11-15-19_32-64-128-256.csv,284
3,19,256,28847,9.0,,,11.3017756795609,10.18080732621051,"Fragments of text that often include specific details, dates, or descriptions, typically leading into further information or context.",complete,False,True,,0,/Users/abdulk/Code/OB-SAE/sae_caft/results/M3_results_11-15-19_32-64-128-256.csv,285
3,19,256,55272,10.0,,,11.261655857945636,4.447032512791046,"Text features include fragments or incomplete sentences, often indicating a transition or continuation of thought, with a focus on various subjects and contexts.",complete,False,True,,0,/Users/abdulk/Code/OB-SAE/sae_caft/results/M3_results_11-15-19_32-64-128-256.csv,286
3,19,256,82493,11.0,,,10.349658177600627,3.421558441161124,"Text features include a variety of topics and contexts, often introducing specific products, technologies, or historical references, typically presented in a descriptive manner.",complete,False,True,,0,/Users/abdulk/Code/OB-SAE/sae_caft/results/M3_results_11-15-19_32-64-128-256.csv,287
3,19,256,117546,12.0,,,9.329870458703606,17.349559362215427,"A variety of phrases and fragments that include diverse contexts, often indicating ongoing actions, references, or specific details, sometimes accompanied by numerical or date-related information.",complete,False,True,,0,/Users/abdulk/Code/OB-SAE/sae_caft/results/M3_results_11-15-19_32-64-128-256.csv,288
3,19,256,120061,13.0,,,8.919797520256143,23.09528090619679,"Complex phrases and technical terms that provide detailed information or context, often related to specific fields or subjects.",complete,False,True,,0,/Users/abdulk/Code/OB-SAE/sae_caft/results/M3_results_11-15-19_32-64-128-256.csv,289
3,19,256,60661,14.0,,,8.73740280318871,13.73191549761546,"Text features include a variety of topics and contexts, often introducing specific subjects or events, with a tendency to include quotations or references to external sources.",complete,False,True,,0,/Users/abdulk/Code/OB-SAE/sae_caft/results/M3_results_11-15-19_32-64-128-256.csv,290
3,19,256,115848,15.0,,,8.33091328247517,14.145740394987907,"Lists or descriptions of items, features, or concepts, often including technical or specific terminology.",complete,False,True,,0,/Users/abdulk/Code/OB-SAE/sae_caft/results/M3_results_11-15-19_32-64-128-256.csv,291
3,19,256,48708,16.0,,,8.001518393883952,28.29099532777208,"Common phrases and structures that indicate sources, reasons, or actions, often accompanied by prepositions or conjunctions.",complete,False,True,,0,/Users/abdulk/Code/OB-SAE/sae_caft/results/M3_results_11-15-19_32-64-128-256.csv,292
3,19,256,102150,17.0,,,7.838568756534239,0.3842891241847113,"Text features include numerical data, references to events or qualifications, and technical descriptions, often formatted in a structured manner.",complete,False,True,,0,/Users/abdulk/Code/OB-SAE/sae_caft/results/M3_results_11-15-19_32-64-128-256.csv,293
3,19,256,110136,18.0,,,7.778922789793518,14.863622473148066,"Text segments that appear to be excerpts or citations, often containing a variety of topics and contexts, suggesting a diverse range of information or references.",complete,False,True,,0,/Users/abdulk/Code/OB-SAE/sae_caft/results/M3_results_11-15-19_32-64-128-256.csv,294
3,19,256,30231,19.0,,,7.045808693805541,2.3347310924923312,"Text features include various phrases and titles, often with dates or references to articles, indicating a mix of informational and promotional content.",complete,False,True,,0,/Users/abdulk/Code/OB-SAE/sae_caft/results/M3_results_11-15-19_32-64-128-256.csv,295
3,19,256,43505,20.0,,,6.689220342720858,16.809903820121605,"Text features include a variety of topics and contexts, often introducing quotes, references, or statements, with a focus on specific subjects or events.",complete,False,True,,0,/Users/abdulk/Code/OB-SAE/sae_caft/results/M3_results_11-15-19_32-64-128-256.csv,296
3,19,256,83726,21.0,,,6.500405122843701,2.3683050185912897,"Text segments that appear to be excerpts or fragments from larger documents, often containing references to various topics or contexts.",complete,False,True,,0,/Users/abdulk/Code/OB-SAE/sae_caft/results/M3_results_11-15-19_32-64-128-256.csv,297
3,19,256,5808,22.0,,,5.98635201581286,7.181624613900857,"Text features include a variety of topics and contexts, often presenting lists or descriptions of items, conditions, or concepts, typically leading into further elaboration.",complete,False,True,,0,/Users/abdulk/Code/OB-SAE/sae_caft/results/M3_results_11-15-19_32-64-128-256.csv,298
3,19,256,47428,23.0,,,5.903708895550183,19.30235886308796,"Text features include specific criteria, measurements, and descriptions, often related to comparisons, specifications, or statistical data.",complete,False,True,,0,/Users/abdulk/Code/OB-SAE/sae_caft/results/M3_results_11-15-19_32-64-128-256.csv,299
3,19,256,14611,24.0,,,5.296561152313121,12.478266057085415,"Text features include various phrases that often reference specific entities, events, or locations, typically found in formal or informational contexts.",complete,False,True,,0,/Users/abdulk/Code/OB-SAE/sae_caft/results/M3_results_11-15-19_32-64-128-256.csv,300
3,19,256,47478,25.0,,,5.017168918256665,13.235496799826231,"Text features include phrases that often introduce explanations, arguments, or additional information, typically starting with a capital letter and ending with a punctuation mark.",complete,False,True,,0,/Users/abdulk/Code/OB-SAE/sae_caft/results/M3_results_11-15-19_32-64-128-256.csv,301
